{
"type": "FeatureCollection",
"name": "ma_zcta_simplified",
"crs": { "type": "name", "properties": { "name": "urn:ogc:def:crs:OGC:1.3:CRS84" } },
"features": [
{ "type": "Feature", "properties": { "Zip": "02341" }, "geometry": { "type": "Polygon", "coordinates": [ [ [ -70.912594, 42.084493 ], [ -70.874945, 42.089667 ], [ -70.870011, 42.087303 ], [ -70.865295, 42.090624 ], [ -70.861281, 42.089225 ], [ -70.855486, 42.092423 ], [ -70.853573, 42.095447 ], [ -70.850642, 42.094928 ], [ -70.847401, 42.096336 ], [ -70.843349, 42.094762 ], [ -70.845639, 42.092217 ], [ -70.84266, 42.088869 ], [ -70.843897, 42.077185 ], [ -70.838219, 42.063885 ], [ -70.841008, 42.060407 ], [ -70.836825, 42.059291 ], [ -70.84583, 42.055073 ], [ -70.847117, 42.048444 ], [ -70.845658, 42.046155 ], [ -70.841071, 42.044893 ], [ -70.844766, 42.042698 ], [ -70.833463, 42.019548 ], [ -70.849222, 42.015725 ], [ -70.860164, 42.016159 ], [ -70.864434, 42.02097 ], [ -70.894517, 42.026442 ], [ -70.896943, 42.019149 ], [ -70.896618, 42.023285 ], [ -70.897418, 42.024941 ], [ -70.899729, 42.025299 ], [ -70.912594, 42.084493 ] ], [ [ -70.850909, 42.019486 ], [ -70.848442, 42.017889 ], [ -70.845347, 42.019405 ], [ -70.846406, 42.017927 ], [ -70.843816, 42.017052 ], [ -70.842296, 42.019089 ], [ -70.845724, 42.019902 ], [ -70.844923, 42.021161 ], [ -70.841713, 42.019968 ], [ -70.8419, 42.023212 ], [ -70.845211, 42.023342 ], [ -70.850909, 42.019486 ] ] ] } },
{ "type": "Feature", "properties": { "Zip": "02370" }, "geometry": { "type": "Polygon", "coordinates": [ [ [ -70.940768, 42.151365 ], [ -70.890291, 42.171736 ], [ -70.884311, 42.153719 ], [ -70.900119, 42.151744 ], [ -70.889466, 42.11803 ], [ -70.887554, 42.087957 ], [ -70.902412, 42.085897 ], [ -70.931487, 42.116549 ], [ -70.940768, 42.151365 ] ] ] } },
{ "type": "Feature", "properties": { "Zip": "02330" }, "geometry": { "type": "Polygon", "coordinates": [ [ [ -70.829653, 41.92776 ], [ -70.771717, 41.946147 ], [ -70.758692, 41.947507 ], [ -70.750718, 41.926019 ], [ -70.680699, 41.845587 ], [ -70.683788, 41.844802 ], [ -70.689502, 41.840091 ], [ -70.689827, 41.838233 ], [ -70.693733, 41.836261 ], [ -70.697318, 41.829481 ], [ -70.705433, 41.829413 ], [ -70.708287, 41.826832 ], [ -70.708555, 41.823926 ], [ -70.715094, 41.817397 ], [ -70.717536, 41.80151 ], [ -70.740871, 41.800325 ], [ -70.77026, 41.825777 ], [ -70.772342, 41.831773 ], [ -70.779408, 41.831661 ], [ -70.780545, 41.833999 ], [ -70.784757, 41.833757 ], [ -70.788942, 41.836474 ], [ -70.789663, 41.838127 ], [ -70.787885, 41.839471 ], [ -70.790706, 41.842785 ], [ -70.790226, 41.846147 ], [ -70.794466, 41.849215 ], [ -70.793926, 41.857272 ], [ -70.797198, 41.86125 ], [ -70.801551, 41.862275 ], [ -70.809184, 41.868694 ], [ -70.811779, 41.873586 ], [ -70.802481, 41.875302 ], [ -70.815504, 41.913628 ], [ -70.829653, 41.92776 ] ] ] } },
{ "type": "Feature", "properties": { "Zip": "02144" }, "geometry": { "type": "Polygon", "coordinates": [ [ [ -71.134623, 42.404376 ], [ -71.132223, 42.409523 ], [ -71.131558, 42.416839 ], [ -71.12678, 42.41806 ], [ -71.129922, 42.413327 ], [ -71.12704, 42.412328 ], [ -71.128101, 42.41072 ], [ -71.12615, 42.409269 ], [ -71.12336, 42.409191 ], [ -71.124809, 42.406999 ], [ -71.12242, 42.406029 ], [ -71.123482, 42.40446 ], [ -71.117062, 42.401181 ], [ -71.117419, 42.405829 ], [ -71.115541, 42.405145 ], [ -71.114916, 42.402167 ], [ -71.108861, 42.397193 ], [ -71.11109, 42.394013 ], [ -71.10675, 42.394327 ], [ -71.104306, 42.391023 ], [ -71.106774, 42.391879 ], [ -71.107942, 42.390203 ], [ -71.112389, 42.392219 ], [ -71.116715, 42.387228 ], [ -71.120997, 42.393738 ], [ -71.122987, 42.392377 ], [ -71.134623, 42.404376 ] ] ] } },
{ "type": "Feature", "properties": { "Zip": "02111" }, "geometry": { "type": "Polygon", "coordinates": [ [ [ -71.064472, 42.352696 ], [ -71.062257, 42.356268 ], [ -71.059945, 42.353851 ], [ -71.058519, 42.354137 ], [ -71.058009, 42.35235 ], [ -71.055324, 42.352595 ], [ -71.058789, 42.346157 ], [ -71.064434, 42.347186 ], [ -71.062575, 42.352399 ], [ -71.064472, 42.352696 ] ] ] } },
{ "type": "Feature", "properties": { "Zip": "02120" }, "geometry": { "type": "Polygon", "coordinates": [ [ [ -71.111019, 42.331889 ], [ -71.109586, 42.333074 ], [ -71.106805, 42.332272 ], [ -71.097415, 42.336486 ], [ -71.095089, 42.334757 ], [ -71.093666, 42.336957 ], [ -71.090518, 42.335665 ], [ -71.084183, 42.33865 ], [ -71.081457, 42.334916 ], [ -71.082869, 42.33343 ], [ -71.084064, 42.333954 ], [ -71.085965, 42.329426 ], [ -71.0944, 42.331412 ], [ -71.09842, 42.326332 ], [ -71.104058, 42.326138 ], [ -71.107887, 42.327463 ], [ -71.111019, 42.331889 ] ] ] } },
{ "type": "Feature", "properties": { "Zip": "02131" }, "geometry": { "type": "Polygon", "coordinates": [ [ [ -71.147773, 42.286273 ], [ -71.145205, 42.286544 ], [ -71.144784, 42.288193 ], [ -71.130068, 42.298184 ], [ -71.129326, 42.296497 ], [ -71.12201, 42.295552 ], [ -71.115434, 42.298903 ], [ -71.119282, 42.290235 ], [ -71.1168, 42.28868 ], [ -71.113113, 42.288849 ], [ -71.110563, 42.28695 ], [ -71.101683, 42.293165 ], [ -71.097738, 42.292127 ], [ -71.096181, 42.292886 ], [ -71.095759, 42.291973 ], [ -71.100114, 42.290291 ], [ -71.099707, 42.286437 ], [ -71.102694, 42.284538 ], [ -71.099632, 42.282336 ], [ -71.105959, 42.280207 ], [ -71.111025, 42.271792 ], [ -71.112193, 42.271963 ], [ -71.110374, 42.275065 ], [ -71.116632, 42.279001 ], [ -71.115734, 42.277295 ], [ -71.121029, 42.274213 ], [ -71.121776, 42.270676 ], [ -71.124798, 42.272585 ], [ -71.131617, 42.268649 ], [ -71.13253, 42.27039 ], [ -71.131121, 42.273047 ], [ -71.13351, 42.274543 ], [ -71.136592, 42.27151 ], [ -71.140039, 42.273574 ], [ -71.141378, 42.277728 ], [ -71.147401, 42.283893 ], [ -71.147662, 42.285043 ], [ -71.145173, 42.286038 ], [ -71.147773, 42.286273 ] ] ] } },
{ "type": "Feature", "properties": { "Zip": "02148" }, "geometry": { "type": "Polygon", "coordinates": [ [ [ -71.08943, 42.426724 ], [ -71.085639, 42.444688 ], [ -71.082116, 42.44394 ], [ -71.082919, 42.43884 ], [ -71.025836, 42.444709 ], [ -71.020377, 42.43825 ], [ -71.028227, 42.424202 ], [ -71.050472, 42.422887 ], [ -71.060441, 42.416007 ], [ -71.073296, 42.414796 ], [ -71.074526, 42.41253 ], [ -71.08588, 42.417913 ], [ -71.08943, 42.426724 ] ] ] } },
{ "type": "Feature", "properties": { "Zip": "02143" }, "geometry": { "type": "Polygon", "coordinates": [ [ [ -71.118159, 42.388025 ], [ -71.115657, 42.387745 ], [ -71.112389, 42.392219 ], [ -71.107942, 42.390203 ], [ -71.106774, 42.391879 ], [ -71.104022, 42.391463 ], [ -71.093792, 42.386562 ], [ -71.088116, 42.380821 ], [ -71.080932, 42.382133 ], [ -71.080701, 42.381039 ], [ -71.075657, 42.380196 ], [ -71.072689, 42.373222 ], [ -71.103204, 42.374327 ], [ -71.118159, 42.388025 ] ] ] } },
{ "type": "Feature", "properties": { "Zip": "01902" }, "geometry": { "type": "MultiPolygon", "coordinates": [ [ [ [ -70.944489, 42.461893 ], [ -70.944339, 42.462952 ], [ -70.943043, 42.462386 ], [ -70.944489, 42.461893 ] ] ], [ [ [ -70.962757, 42.462902 ], [ -70.960094, 42.463923 ], [ -70.961656, 42.465846 ], [ -70.949887, 42.47452 ], [ -70.950047, 42.476027 ], [ -70.942596, 42.483856 ], [ -70.93546, 42.491167 ], [ -70.934111, 42.490834 ], [ -70.922036, 42.466919 ], [ -70.927474, 42.462517 ], [ -70.925967, 42.461051 ], [ -70.932716, 42.455301 ], [ -70.936611, 42.456883 ], [ -70.93973, 42.455203 ], [ -70.939379, 42.456589 ], [ -70.941593, 42.455696 ], [ -70.945436, 42.460055 ], [ -70.940826, 42.459153 ], [ -70.942356, 42.46138 ], [ -70.939918, 42.462426 ], [ -70.942173, 42.464984 ], [ -70.94028, 42.466027 ], [ -70.941549, 42.466961 ], [ -70.943072, 42.465387 ], [ -70.946877, 42.465872 ], [ -70.948059, 42.464827 ], [ -70.949871, 42.46579 ], [ -70.951614, 42.464222 ], [ -70.949684, 42.463357 ], [ -70.951485, 42.462001 ], [ -70.949195, 42.460394 ], [ -70.952316, 42.458987 ], [ -70.950812, 42.457174 ], [ -70.952513, 42.456591 ], [ -70.954213, 42.458061 ], [ -70.958347, 42.456407 ], [ -70.952832, 42.459505 ], [ -70.954004, 42.460718 ], [ -70.957957, 42.459552 ], [ -70.960087, 42.462786 ], [ -70.962757, 42.462902 ] ] ] ] } },
{ "type": "Feature", "properties": { "Zip": "01970" }, "geometry": { "type": "Polygon", "coordinates": [ [ [ -70.949917, 42.494776 ], [ -70.919785, 42.520586 ], [ -70.91554, 42.528822 ], [ -70.912707, 42.528057 ], [ -70.91349, 42.541471 ], [ -70.907922, 42.540335 ], [ -70.909929, 42.543598 ], [ -70.907888, 42.546836 ], [ -70.8881, 42.539 ], [ -70.887774, 42.536302 ], [ -70.886447, 42.538048 ], [ -70.878793, 42.537195 ], [ -70.867792, 42.541795 ], [ -70.862766, 42.53972 ], [ -70.856343, 42.539344 ], [ -70.856292, 42.544072 ], [ -70.848565, 42.549567 ], [ -70.845609, 42.547652 ], [ -70.840376, 42.550542 ], [ -70.835428, 42.551265 ], [ -70.832845, 42.550194 ], [ -70.829814, 42.552152 ], [ -70.822832, 42.551705 ], [ -70.814543, 42.554804 ], [ -70.804482, 42.561429 ], [ -70.801875, 42.560929 ], [ -70.798341, 42.563538 ], [ -70.793538, 42.564717 ], [ -70.795415, 42.551479 ], [ -70.788368, 42.549549 ], [ -70.777085, 42.539462 ], [ -70.778116, 42.534771 ], [ -70.788128, 42.520959 ], [ -70.79248, 42.519167 ], [ -70.798752, 42.526146 ], [ -70.809119, 42.525109 ], [ -70.813432, 42.52213 ], [ -70.843292, 42.528795 ], [ -70.858092, 42.527395 ], [ -70.875092, 42.518495 ], [ -70.879692, 42.509295 ], [ -70.879544, 42.50375 ], [ -70.886761, 42.498447 ], [ -70.885497, 42.497368 ], [ -70.886604, 42.495179 ], [ -70.890801, 42.493645 ], [ -70.890211, 42.489587 ], [ -70.894478, 42.485878 ], [ -70.897473, 42.486881 ], [ -70.898792, 42.485983 ], [ -70.897784, 42.485118 ], [ -70.906594, 42.484278 ], [ -70.949917, 42.494776 ] ] ] } },
{ "type": "Feature", "properties": { "Zip": "02152" }, "geometry": { "type": "Polygon", "coordinates": [ [ [ -70.998328, 42.371689 ], [ -70.996154, 42.376261 ], [ -70.993811, 42.377122 ], [ -70.997994, 42.378197 ], [ -70.994648, 42.38115 ], [ -70.994239, 42.384647 ], [ -70.986798, 42.386956 ], [ -70.977946, 42.393591 ], [ -70.965224, 42.391981 ], [ -70.962856, 42.386845 ], [ -70.968139, 42.384371 ], [ -70.967332, 42.379326 ], [ -70.962489, 42.375234 ], [ -70.961429, 42.367567 ], [ -70.964688, 42.361239 ], [ -70.962977, 42.35936 ], [ -70.972339, 42.353922 ], [ -70.978927, 42.359724 ], [ -70.977887, 42.363137 ], [ -70.97487, 42.364576 ], [ -70.972834, 42.364638 ], [ -70.971099, 42.362202 ], [ -70.969489, 42.366317 ], [ -70.972342, 42.366799 ], [ -70.971305, 42.369503 ], [ -70.980894, 42.370298 ], [ -70.981985, 42.368351 ], [ -70.987708, 42.367331 ], [ -70.994909, 42.369205 ], [ -70.998328, 42.371689 ] ] ] } },
{ "type": "Feature", "properties": { "Zip": "01908" }, "geometry": { "type": "Polygon", "coordinates": [ [ [ -70.943276, 42.438147 ], [ -70.940112, 42.446013 ], [ -70.942212, 42.452254 ], [ -70.939772, 42.452615 ], [ -70.940136, 42.455194 ], [ -70.939395, 42.456543 ], [ -70.93973, 42.455203 ], [ -70.935931, 42.456747 ], [ -70.932716, 42.455301 ], [ -70.934781, 42.440008 ], [ -70.926705, 42.437561 ], [ -70.926535, 42.432418 ], [ -70.911745, 42.428935 ], [ -70.904182, 42.425046 ], [ -70.906051, 42.422098 ], [ -70.901208, 42.420906 ], [ -70.900783, 42.417581 ], [ -70.904692, 42.413315 ], [ -70.908856, 42.413127 ], [ -70.922112, 42.421784 ], [ -70.927041, 42.419839 ], [ -70.927126, 42.416766 ], [ -70.928826, 42.415511 ], [ -70.937239, 42.415887 ], [ -70.939618, 42.417456 ], [ -70.941063, 42.423352 ], [ -70.938726, 42.427802 ], [ -70.936752, 42.427792 ], [ -70.93638, 42.431416 ], [ -70.939649, 42.437445 ], [ -70.943276, 42.438147 ] ] ] } },
{ "type": "Feature", "properties": { "Zip": "01960" }, "geometry": { "type": "Polygon", "coordinates": [ [ [ -71.034847, 42.5655 ], [ -71.02981, 42.565157 ], [ -71.029317, 42.569979 ], [ -71.024445, 42.569356 ], [ -71.023251, 42.570391 ], [ -71.020004, 42.568343 ], [ -71.015131, 42.567893 ], [ -71.008714, 42.564123 ], [ -71.003438, 42.565074 ], [ -71.002973, 42.563339 ], [ -70.979833, 42.555943 ], [ -70.940832, 42.545892 ], [ -70.937147, 42.547369 ], [ -70.91349, 42.541471 ], [ -70.912707, 42.528057 ], [ -70.91554, 42.528822 ], [ -70.919785, 42.520586 ], [ -70.949945, 42.494753 ], [ -70.95714, 42.496528 ], [ -70.990421, 42.514135 ], [ -70.990936, 42.515195 ], [ -70.987347, 42.516683 ], [ -70.986514, 42.518616 ], [ -70.981819, 42.518232 ], [ -70.978494, 42.520952 ], [ -70.981787, 42.523519 ], [ -70.992059, 42.520518 ], [ -70.996528, 42.517655 ], [ -71.005288, 42.522992 ], [ -71.031558, 42.551203 ], [ -71.034847, 42.5655 ] ] ] } },
{ "type": "Feature", "properties": { "Zip": "01937" }, "geometry": { "type": "Polygon", "coordinates": [ [ [ -70.987365, 42.58542 ], [ -70.987314, 42.588087 ], [ -70.979404, 42.585116 ], [ -70.982749, 42.583757 ], [ -70.987365, 42.58542 ] ] ] } },
{ "type": "Feature", "properties": { "Zip": "01462" }, "geometry": { "type": "Polygon", "coordinates": [ [ [ -71.774875, 42.609051 ], [ -71.777046, 42.636485 ], [ -71.77548, 42.634606 ], [ -71.775274, 42.63606 ], [ -71.775755, 42.64423 ], [ -71.664601, 42.611598 ], [ -71.678969, 42.53043 ], [ -71.711231, 42.535354 ], [ -71.720417, 42.552329 ], [ -71.745072, 42.57386 ], [ -71.764895, 42.562843 ], [ -71.772942, 42.569648 ], [ -71.770887, 42.603662 ], [ -71.771503, 42.606271 ], [ -71.774875, 42.609051 ] ] ] } },
{ "type": "Feature", "properties": { "Zip": "01532" }, "geometry": { "type": "Polygon", "coordinates": [ [ [ -71.689626, 42.319144 ], [ -71.676365, 42.364884 ], [ -71.633942, 42.358398 ], [ -71.61755, 42.341968 ], [ -71.604099, 42.336769 ], [ -71.603591, 42.331676 ], [ -71.605266, 42.33016 ], [ -71.597363, 42.321016 ], [ -71.580033, 42.305892 ], [ -71.633209, 42.300561 ], [ -71.634181, 42.297025 ], [ -71.637165, 42.296204 ], [ -71.637973, 42.292626 ], [ -71.64235, 42.290549 ], [ -71.642704, 42.288196 ], [ -71.670115, 42.278763 ], [ -71.676996, 42.286148 ], [ -71.680421, 42.305171 ], [ -71.689626, 42.319144 ] ] ] } },
{ "type": "Feature", "properties": { "Zip": "01431" }, "geometry": { "type": "Polygon", "coordinates": [ [ [ -71.898695, 42.71131 ], [ -71.772554, 42.708067 ], [ -71.775325, 42.636663 ], [ -71.844843, 42.637985 ], [ -71.858483, 42.633815 ], [ -71.856393, 42.667643 ], [ -71.857757, 42.674982 ], [ -71.864076, 42.679557 ], [ -71.865751, 42.684111 ], [ -71.869778, 42.683647 ], [ -71.897103, 42.703728 ], [ -71.898695, 42.71131 ] ] ] } },
{ "type": "Feature", "properties": { "Zip": "01840" }, "geometry": { "type": "Polygon", "coordinates": [ [ [ -71.172482, 42.707869 ], [ -71.168123, 42.710438 ], [ -71.152848, 42.711607 ], [ -71.151171, 42.710818 ], [ -71.151402, 42.708944 ], [ -71.145902, 42.705491 ], [ -71.160196, 42.703293 ], [ -71.166478, 42.70048 ], [ -71.166707, 42.702838 ], [ -71.172482, 42.707869 ] ] ] } },
{ "type": "Feature", "properties": { "Zip": "01879" }, "geometry": { "type": "Polygon", "coordinates": [ [ [ -71.498398, 42.639283 ], [ -71.496484, 42.649802 ], [ -71.489029, 42.649197 ], [ -71.482511, 42.65103 ], [ -71.479484, 42.658794 ], [ -71.474784, 42.649889 ], [ -71.457188, 42.658369 ], [ -71.458683, 42.659755 ], [ -71.446956, 42.663168 ], [ -71.448618, 42.667735 ], [ -71.452369, 42.669386 ], [ -71.446418, 42.67041 ], [ -71.44803, 42.680913 ], [ -71.452088, 42.687154 ], [ -71.456121, 42.686352 ], [ -71.457027, 42.690657 ], [ -71.459532, 42.690421 ], [ -71.461033, 42.691969 ], [ -71.456336, 42.695849 ], [ -71.457691, 42.700525 ], [ -71.369729, 42.69841 ], [ -71.374266, 42.693389 ], [ -71.373032, 42.692768 ], [ -71.374014, 42.68937 ], [ -71.378798, 42.683092 ], [ -71.373365, 42.666123 ], [ -71.371579, 42.664145 ], [ -71.369626, 42.669334 ], [ -71.366434, 42.666678 ], [ -71.368882, 42.661753 ], [ -71.378204, 42.660687 ], [ -71.379033, 42.659143 ], [ -71.382085, 42.659634 ], [ -71.383526, 42.658375 ], [ -71.381362, 42.65484 ], [ -71.382479, 42.652558 ], [ -71.380247, 42.65036 ], [ -71.38092, 42.649008 ], [ -71.394341, 42.648474 ], [ -71.398995, 42.652467 ], [ -71.40211, 42.651603 ], [ -71.39889, 42.644949 ], [ -71.404028, 42.648406 ], [ -71.411978, 42.647974 ], [ -71.417642, 42.653774 ], [ -71.493528, 42.617404 ], [ -71.498398, 42.639283 ] ] ] } },
{ "type": "Feature", "properties": { "Zip": "01833" }, "geometry": { "type": "Polygon", "coordinates": [ [ [ -71.034237, 42.732301 ], [ -71.026997, 42.731343 ], [ -71.019311, 42.733625 ], [ -71.011255, 42.734184 ], [ -70.979465, 42.748659 ], [ -70.959693, 42.753833 ], [ -70.924125, 42.735992 ], [ -70.938358, 42.726199 ], [ -70.958891, 42.70695 ], [ -70.976373, 42.694417 ], [ -70.981392, 42.697921 ], [ -70.98495, 42.69726 ], [ -70.991611, 42.699467 ], [ -70.991946, 42.70084 ], [ -70.995766, 42.699624 ], [ -71.004857, 42.701363 ], [ -71.023627, 42.701594 ], [ -71.031619, 42.718038 ], [ -71.034237, 42.732301 ] ] ] } },
{ "type": "Feature", "properties": { "Zip": "01824" }, "geometry": { "type": "Polygon", "coordinates": [ [ [ -71.405401, 42.610393 ], [ -71.39726, 42.613027 ], [ -71.392062, 42.616667 ], [ -71.391336, 42.614863 ], [ -71.382967, 42.617864 ], [ -71.384242, 42.619889 ], [ -71.386225, 42.620096 ], [ -71.380129, 42.620157 ], [ -71.379662, 42.625214 ], [ -71.365323, 42.622122 ], [ -71.359943, 42.625972 ], [ -71.327936, 42.613155 ], [ -71.325535, 42.612886 ], [ -71.322396, 42.614713 ], [ -71.321495, 42.613441 ], [ -71.296205, 42.614683 ], [ -71.297006, 42.612296 ], [ -71.294249, 42.605539 ], [ -71.332543, 42.560756 ], [ -71.346299, 42.563661 ], [ -71.368336, 42.558037 ], [ -71.388359, 42.549949 ], [ -71.405401, 42.610393 ] ] ] } },
{ "type": "Feature", "properties": { "Zip": "01850" }, "geometry": { "type": "Polygon", "coordinates": [ [ [ -71.322191, 42.661809 ], [ -71.299569, 42.666515 ], [ -71.28686, 42.648868 ], [ -71.286011, 42.649559 ], [ -71.2866, 42.647667 ], [ -71.292997, 42.644538 ], [ -71.305033, 42.648055 ], [ -71.318232, 42.656203 ], [ -71.318684, 42.659925 ], [ -71.322191, 42.661809 ] ] ] } },
{ "type": "Feature", "properties": { "Zip": "02186" }, "geometry": { "type": "Polygon", "coordinates": [ [ [ -71.130749, 42.227911 ], [ -71.12523, 42.232057 ], [ -71.124462, 42.234161 ], [ -71.122604, 42.234437 ], [ -71.126377, 42.239162 ], [ -71.109347, 42.24799 ], [ -71.109544, 42.255412 ], [ -71.113326, 42.25899 ], [ -71.11146, 42.260769 ], [ -71.102691, 42.259884 ], [ -71.094131, 42.267132 ], [ -71.090258, 42.266639 ], [ -71.08915, 42.269742 ], [ -71.082614, 42.268642 ], [ -71.067522, 42.271505 ], [ -71.061828, 42.267208 ], [ -71.053691, 42.271816 ], [ -71.055575, 42.275052 ], [ -71.054401, 42.277019 ], [ -71.049802, 42.2781 ], [ -71.04488, 42.276266 ], [ -71.042782, 42.277102 ], [ -71.041672, 42.266427 ], [ -71.031388, 42.259212 ], [ -71.039184, 42.254436 ], [ -71.037913, 42.250515 ], [ -71.040128, 42.253914 ], [ -71.045197, 42.252471 ], [ -71.044294, 42.251617 ], [ -71.06109, 42.242384 ], [ -71.053021, 42.229173 ], [ -71.093189, 42.213936 ], [ -71.082727, 42.20429 ], [ -71.086864, 42.204172 ], [ -71.087984, 42.202972 ], [ -71.082711, 42.203012 ], [ -71.078974, 42.201052 ], [ -71.077756, 42.191979 ], [ -71.087402, 42.188623 ], [ -71.091086, 42.188729 ], [ -71.130749, 42.227911 ] ] ] } },
{ "type": "Feature", "properties": { "Zip": "01760" }, "geometry": { "type": "Polygon", "coordinates": [ [ [ -71.402528, 42.29333 ], [ -71.387522, 42.302069 ], [ -71.377687, 42.314669 ], [ -71.372872, 42.309821 ], [ -71.370613, 42.310262 ], [ -71.364093, 42.315906 ], [ -71.35991, 42.317149 ], [ -71.345998, 42.314804 ], [ -71.33903, 42.322617 ], [ -71.328438, 42.329119 ], [ -71.327327, 42.313746 ], [ -71.32975, 42.312991 ], [ -71.323662, 42.297415 ], [ -71.308484, 42.270794 ], [ -71.302922, 42.248274 ], [ -71.332496, 42.249075 ], [ -71.332908, 42.247838 ], [ -71.342459, 42.250455 ], [ -71.341777, 42.253537 ], [ -71.353681, 42.256793 ], [ -71.356686, 42.259984 ], [ -71.356907, 42.263495 ], [ -71.376833, 42.269489 ], [ -71.395861, 42.272908 ], [ -71.397218, 42.279006 ], [ -71.39959, 42.281156 ], [ -71.397243, 42.281894 ], [ -71.395848, 42.284456 ], [ -71.396585, 42.285959 ], [ -71.400861, 42.286417 ], [ -71.402528, 42.29333 ] ] ] } },
{ "type": "Feature", "properties": { "Zip": "02062" }, "geometry": { "type": "Polygon", "coordinates": [ [ [ -71.238302, 42.182831 ], [ -71.210778, 42.208806 ], [ -71.1967, 42.21386 ], [ -71.18642, 42.21295 ], [ -71.18392, 42.21097 ], [ -71.18297, 42.212636 ], [ -71.178675, 42.212301 ], [ -71.154831, 42.196942 ], [ -71.158194, 42.194753 ], [ -71.160415, 42.188291 ], [ -71.163871, 42.187377 ], [ -71.162813, 42.185371 ], [ -71.165347, 42.182416 ], [ -71.164283, 42.180886 ], [ -71.168001, 42.179098 ], [ -71.163432, 42.176228 ], [ -71.165462, 42.175143 ], [ -71.163492, 42.174034 ], [ -71.163908, 42.172832 ], [ -71.168313, 42.172939 ], [ -71.167262, 42.169177 ], [ -71.169711, 42.169457 ], [ -71.171631, 42.167361 ], [ -71.173648, 42.167667 ], [ -71.173416, 42.166023 ], [ -71.176251, 42.165943 ], [ -71.175752, 42.16493 ], [ -71.177089, 42.1651 ], [ -71.18732, 42.155167 ], [ -71.186885, 42.153264 ], [ -71.194455, 42.149916 ], [ -71.202481, 42.160064 ], [ -71.213434, 42.168702 ], [ -71.220037, 42.168405 ], [ -71.221878, 42.171096 ], [ -71.225353, 42.170849 ], [ -71.233561, 42.181328 ], [ -71.236768, 42.18129 ], [ -71.238302, 42.182831 ] ] ] } },
{ "type": "Feature", "properties": { "Zip": "01464" }, "geometry": { "type": "Polygon", "coordinates": [ [ [ -71.678969, 42.53043 ], [ -71.677622, 42.539879 ], [ -71.660473, 42.635088 ], [ -71.650997, 42.629846 ], [ -71.647935, 42.624904 ], [ -71.64714, 42.626575 ], [ -71.645807, 42.62564 ], [ -71.646038, 42.623489 ], [ -71.644191, 42.62246 ], [ -71.645196, 42.621592 ], [ -71.643674, 42.620912 ], [ -71.64467, 42.618104 ], [ -71.642322, 42.614611 ], [ -71.633844, 42.612518 ], [ -71.635364, 42.610281 ], [ -71.630077, 42.607107 ], [ -71.630301, 42.603572 ], [ -71.628927, 42.602294 ], [ -71.627582, 42.603222 ], [ -71.62838, 42.600352 ], [ -71.62619, 42.598404 ], [ -71.626676, 42.594627 ], [ -71.623308, 42.592833 ], [ -71.623035, 42.589677 ], [ -71.618912, 42.587625 ], [ -71.619303, 42.585521 ], [ -71.614533, 42.585993 ], [ -71.613623, 42.581616 ], [ -71.610033, 42.582354 ], [ -71.609528, 42.578179 ], [ -71.616108, 42.574419 ], [ -71.611825, 42.571295 ], [ -71.611257, 42.568379 ], [ -71.606626, 42.566316 ], [ -71.608706, 42.565361 ], [ -71.612491, 42.559188 ], [ -71.611476, 42.55384 ], [ -71.62307, 42.551875 ], [ -71.640883, 42.545983 ], [ -71.640121, 42.544211 ], [ -71.634875, 42.541733 ], [ -71.638474, 42.540032 ], [ -71.641444, 42.540665 ], [ -71.642841, 42.537377 ], [ -71.645024, 42.538305 ], [ -71.647632, 42.535305 ], [ -71.643407, 42.525132 ], [ -71.678969, 42.53043 ] ] ] } },
{ "type": "Feature", "properties": { "Zip": "01770" }, "geometry": { "type": "Polygon", "coordinates": [ [ [ -71.420075, 42.238123 ], [ -71.418303, 42.246504 ], [ -71.419298, 42.257281 ], [ -71.397769, 42.261528 ], [ -71.390365, 42.271916 ], [ -71.376833, 42.269489 ], [ -71.356907, 42.263495 ], [ -71.356686, 42.259984 ], [ -71.353681, 42.256793 ], [ -71.341777, 42.253537 ], [ -71.342459, 42.250455 ], [ -71.332434, 42.247729 ], [ -71.329377, 42.245148 ], [ -71.331185, 42.237585 ], [ -71.329695, 42.233328 ], [ -71.340689, 42.22485 ], [ -71.343164, 42.220772 ], [ -71.338623, 42.216894 ], [ -71.338505, 42.21523 ], [ -71.339954, 42.213873 ], [ -71.34698, 42.215555 ], [ -71.351479, 42.211546 ], [ -71.351966, 42.207011 ], [ -71.346541, 42.204641 ], [ -71.34417, 42.200703 ], [ -71.361986, 42.195761 ], [ -71.384765, 42.192014 ], [ -71.380182, 42.201759 ], [ -71.388206, 42.204303 ], [ -71.388489, 42.208005 ], [ -71.391706, 42.209742 ], [ -71.393923, 42.207089 ], [ -71.397341, 42.207889 ], [ -71.397529, 42.210302 ], [ -71.403582, 42.214287 ], [ -71.401953, 42.21542 ], [ -71.410022, 42.218749 ], [ -71.409049, 42.224575 ], [ -71.412538, 42.228171 ], [ -71.413362, 42.234557 ], [ -71.417259, 42.237888 ], [ -71.420075, 42.238123 ] ] ] } },
{ "type": "Feature", "properties": { "Zip": "02138" }, "geometry": { "type": "Polygon", "coordinates": [ [ [ -71.160267, 42.386468 ], [ -71.157984, 42.387043 ], [ -71.157091, 42.389895 ], [ -71.158387, 42.394593 ], [ -71.156362, 42.395852 ], [ -71.152306, 42.395471 ], [ -71.135437, 42.391123 ], [ -71.138945, 42.389963 ], [ -71.136436, 42.388428 ], [ -71.1326, 42.388681 ], [ -71.130748, 42.385952 ], [ -71.126338, 42.385377 ], [ -71.125537, 42.383986 ], [ -71.119424, 42.385194 ], [ -71.119295, 42.384164 ], [ -71.113581, 42.383401 ], [ -71.106757, 42.378587 ], [ -71.105899, 42.374389 ], [ -71.107061, 42.374526 ], [ -71.110746, 42.368306 ], [ -71.114291, 42.369342 ], [ -71.113555, 42.366228 ], [ -71.115091, 42.364383 ], [ -71.116921, 42.364246 ], [ -71.117934, 42.368385 ], [ -71.123827, 42.369157 ], [ -71.12701, 42.372839 ], [ -71.130169, 42.373961 ], [ -71.133101, 42.372701 ], [ -71.132373, 42.368891 ], [ -71.141391, 42.364573 ], [ -71.144248, 42.366394 ], [ -71.139622, 42.369763 ], [ -71.139716, 42.37493 ], [ -71.154373, 42.375095 ], [ -71.156231, 42.380636 ], [ -71.155051, 42.3802 ], [ -71.155206, 42.381167 ], [ -71.157935, 42.382256 ], [ -71.160267, 42.386468 ] ] ] } },
{ "type": "Feature", "properties": { "Zip": "02460" }, "geometry": { "type": "Polygon", "coordinates": [ [ [ -71.221062, 42.36539 ], [ -71.217061, 42.366569 ], [ -71.207458, 42.3641 ], [ -71.204486, 42.365785 ], [ -71.202683, 42.362227 ], [ -71.20632, 42.360526 ], [ -71.202211, 42.357509 ], [ -71.203574, 42.356017 ], [ -71.202361, 42.355435 ], [ -71.207316, 42.351637 ], [ -71.196806, 42.353808 ], [ -71.196216, 42.350411 ], [ -71.198068, 42.347697 ], [ -71.197066, 42.343516 ], [ -71.199451, 42.342442 ], [ -71.198875, 42.340855 ], [ -71.201305, 42.3418 ], [ -71.205303, 42.338726 ], [ -71.21446, 42.338387 ], [ -71.213127, 42.342127 ], [ -71.215432, 42.343214 ], [ -71.212784, 42.34356 ], [ -71.2137, 42.346497 ], [ -71.211504, 42.347835 ], [ -71.214116, 42.349785 ], [ -71.210748, 42.350697 ], [ -71.214386, 42.350211 ], [ -71.217728, 42.352621 ], [ -71.216064, 42.35361 ], [ -71.217863, 42.358485 ], [ -71.216523, 42.360966 ], [ -71.221062, 42.36539 ] ] ] } },
{ "type": "Feature", "properties": { "Zip": "02478" }, "geometry": { "type": "Polygon", "coordinates": [ [ [ -71.211229, 42.406108 ], [ -71.202642, 42.414829 ], [ -71.194257, 42.41339 ], [ -71.194291, 42.415321 ], [ -71.171576, 42.408465 ], [ -71.152245, 42.400816 ], [ -71.158387, 42.394593 ], [ -71.157091, 42.389895 ], [ -71.157984, 42.387043 ], [ -71.160332, 42.386444 ], [ -71.157935, 42.382256 ], [ -71.155206, 42.381167 ], [ -71.155051, 42.3802 ], [ -71.156231, 42.380636 ], [ -71.154361, 42.375057 ], [ -71.179495, 42.380195 ], [ -71.189159, 42.380717 ], [ -71.195531, 42.3874 ], [ -71.197964, 42.392678 ], [ -71.196484, 42.394919 ], [ -71.199429, 42.39732 ], [ -71.202628, 42.403702 ], [ -71.211229, 42.406108 ] ] ] } },
{ "type": "Feature", "properties": { "Zip": "01741" }, "geometry": { "type": "Polygon", "coordinates": [ [ [ -71.399515, 42.534015 ], [ -71.38474, 42.538699 ], [ -71.388373, 42.549946 ], [ -71.368336, 42.558037 ], [ -71.346299, 42.563661 ], [ -71.332543, 42.560756 ], [ -71.319618, 42.55407 ], [ -71.314385, 42.549554 ], [ -71.318313, 42.542782 ], [ -71.307185, 42.533221 ], [ -71.307538, 42.529999 ], [ -71.30461, 42.529285 ], [ -71.306805, 42.522386 ], [ -71.306233, 42.514564 ], [ -71.316422, 42.507335 ], [ -71.317538, 42.502425 ], [ -71.384957, 42.504466 ], [ -71.391563, 42.50682 ], [ -71.399515, 42.534015 ] ] ] } },
{ "type": "Feature", "properties": { "Zip": "01880" }, "geometry": { "type": "Polygon", "coordinates": [ [ [ -71.100722, 42.502258 ], [ -71.100173, 42.504385 ], [ -71.098189, 42.504976 ], [ -71.099645, 42.506431 ], [ -71.094115, 42.507365 ], [ -71.097463, 42.510246 ], [ -71.096773, 42.511678 ], [ -71.083507, 42.525489 ], [ -71.081085, 42.525473 ], [ -71.07515, 42.531035 ], [ -71.067567, 42.52468 ], [ -71.062026, 42.524276 ], [ -71.060744, 42.525239 ], [ -71.058447, 42.52361 ], [ -71.040983, 42.526262 ], [ -71.03869, 42.524259 ], [ -71.04108, 42.520123 ], [ -71.034929, 42.506679 ], [ -71.036962, 42.503533 ], [ -71.043759, 42.501252 ], [ -71.039854, 42.496055 ], [ -71.045209, 42.48872 ], [ -71.052621, 42.486102 ], [ -71.053365, 42.475925 ], [ -71.061323, 42.474196 ], [ -71.061269, 42.472651 ], [ -71.069305, 42.471637 ], [ -71.078152, 42.47402 ], [ -71.07524, 42.488008 ], [ -71.085502, 42.492258 ], [ -71.090115, 42.501261 ], [ -71.100722, 42.502258 ] ] ] } },
{ "type": "Feature", "properties": { "Zip": "01460" }, "geometry": { "type": "Polygon", "coordinates": [ [ [ -71.542323, 42.550334 ], [ -71.533031, 42.55273 ], [ -71.523187, 42.559826 ], [ -71.520892, 42.564311 ], [ -71.506411, 42.572172 ], [ -71.503037, 42.575468 ], [ -71.498006, 42.576862 ], [ -71.483765, 42.573788 ], [ -71.48002, 42.558094 ], [ -71.428535, 42.528804 ], [ -71.435017, 42.52217 ], [ -71.443939, 42.509059 ], [ -71.473528, 42.500177 ], [ -71.500053, 42.509266 ], [ -71.50281, 42.506869 ], [ -71.509084, 42.510043 ], [ -71.51144, 42.508857 ], [ -71.517807, 42.515616 ], [ -71.531377, 42.520352 ], [ -71.542323, 42.550334 ] ] ] } },
{ "type": "Feature", "properties": { "Zip": "01803" }, "geometry": { "type": "Polygon", "coordinates": [ [ [ -71.237566, 42.496041 ], [ -71.234292, 42.501762 ], [ -71.229573, 42.501792 ], [ -71.232084, 42.506029 ], [ -71.22187, 42.525234 ], [ -71.217956, 42.524047 ], [ -71.205032, 42.544473 ], [ -71.170033, 42.515537 ], [ -71.168444, 42.498299 ], [ -71.168914, 42.490547 ], [ -71.170719, 42.489755 ], [ -71.168924, 42.487087 ], [ -71.181501, 42.483622 ], [ -71.186506, 42.48098 ], [ -71.18548, 42.479967 ], [ -71.188279, 42.479696 ], [ -71.204317, 42.465845 ], [ -71.210223, 42.470727 ], [ -71.212116, 42.466244 ], [ -71.223815, 42.475899 ], [ -71.222242, 42.477933 ], [ -71.223018, 42.480775 ], [ -71.237566, 42.496041 ] ] ] } },
{ "type": "Feature", "properties": { "Zip": "01887" }, "geometry": { "type": "Polygon", "coordinates": [ [ [ -71.218672, 42.561651 ], [ -71.215701, 42.562616 ], [ -71.214262, 42.56514 ], [ -71.215314, 42.570345 ], [ -71.211127, 42.573313 ], [ -71.192529, 42.564538 ], [ -71.175195, 42.592266 ], [ -71.164879, 42.598021 ], [ -71.159517, 42.607659 ], [ -71.158617, 42.612948 ], [ -71.154419, 42.615268 ], [ -71.148653, 42.613168 ], [ -71.143197, 42.604039 ], [ -71.135456, 42.599116 ], [ -71.130524, 42.58321 ], [ -71.136742, 42.553464 ], [ -71.131295, 42.53182 ], [ -71.170033, 42.515537 ], [ -71.205192, 42.544932 ], [ -71.212372, 42.547544 ], [ -71.210599, 42.547665 ], [ -71.20983, 42.551444 ], [ -71.211391, 42.553071 ], [ -71.208872, 42.554536 ], [ -71.218672, 42.561651 ] ] ] } },
{ "type": "Feature", "properties": { "Zip": "02382" }, "geometry": { "type": "Polygon", "coordinates": [ [ [ -70.976527, 42.087239 ], [ -70.946838, 42.094534 ], [ -70.915908, 42.100123 ], [ -70.902412, 42.085897 ], [ -70.912962, 42.084417 ], [ -70.908188, 42.061727 ], [ -70.912899, 42.065019 ], [ -70.929088, 42.066256 ], [ -70.951, 42.060875 ], [ -70.975231, 42.071178 ], [ -70.976527, 42.087239 ] ] ] } },
{ "type": "Feature", "properties": { "Zip": "02045" }, "geometry": { "type": "Polygon", "coordinates": [ [ [ -70.960392, 42.287699 ], [ -70.960192, 42.299498 ], [ -70.948991, 42.301298 ], [ -70.937091, 42.311098 ], [ -70.927191, 42.310098 ], [ -70.920721, 42.312724 ], [ -70.919099, 42.305857 ], [ -70.913153, 42.305759 ], [ -70.906474, 42.307964 ], [ -70.895862, 42.305934 ], [ -70.890714, 42.309599 ], [ -70.882295, 42.310278 ], [ -70.883244, 42.307466 ], [ -70.880447, 42.299722 ], [ -70.869672, 42.284106 ], [ -70.857882, 42.272329 ], [ -70.830979, 42.293343 ], [ -70.800346, 42.293113 ], [ -70.825638, 42.264633 ], [ -70.836237, 42.264664 ], [ -70.840627, 42.260989 ], [ -70.847189, 42.259769 ], [ -70.848356, 42.258337 ], [ -70.865421, 42.259178 ], [ -70.867886, 42.261236 ], [ -70.867101, 42.26668 ], [ -70.869367, 42.268875 ], [ -70.876623, 42.273753 ], [ -70.882584, 42.274674 ], [ -70.883096, 42.27616 ], [ -70.88922, 42.276644 ], [ -70.877872, 42.277664 ], [ -70.87702, 42.280115 ], [ -70.880939, 42.283193 ], [ -70.880943, 42.287051 ], [ -70.883827, 42.291966 ], [ -70.88716, 42.293753 ], [ -70.886482, 42.29775 ], [ -70.890913, 42.299041 ], [ -70.898559, 42.291098 ], [ -70.914091, 42.2888 ], [ -70.925491, 42.289599 ], [ -70.937691, 42.277499 ], [ -70.960392, 42.287699 ] ] ] } },
{ "type": "Feature", "properties": { "Zip": "02770" }, "geometry": { "type": "Polygon", "coordinates": [ [ [ -70.921792, 41.791264 ], [ -70.798465, 41.805774 ], [ -70.783048, 41.798012 ], [ -70.790057, 41.792607 ], [ -70.784201, 41.790519 ], [ -70.786921, 41.788327 ], [ -70.782137, 41.785543 ], [ -70.780681, 41.782055 ], [ -70.781641, 41.779943 ], [ -70.779894, 41.77902 ], [ -70.776453, 41.779763 ], [ -70.775481, 41.776 ], [ -70.778224, 41.774933 ], [ -70.780537, 41.770599 ], [ -70.782825, 41.770071 ], [ -70.774608, 41.769076 ], [ -70.778752, 41.761246 ], [ -70.780049, 41.762793 ], [ -70.786627, 41.756863 ], [ -70.787496, 41.749812 ], [ -70.785766, 41.747398 ], [ -70.793212, 41.743168 ], [ -70.793716, 41.734702 ], [ -70.791736, 41.732585 ], [ -70.796188, 41.728359 ], [ -70.799073, 41.710109 ], [ -70.843458, 41.705344 ], [ -70.843078, 41.701625 ], [ -70.865003, 41.700164 ], [ -70.886439, 41.760232 ], [ -70.904438, 41.758 ], [ -70.921792, 41.791264 ] ] ] } },
{ "type": "Feature", "properties": { "Zip": "02576" }, "geometry": { "type": "Polygon", "coordinates": [ [ [ -70.798465, 41.805774 ], [ -70.763179, 41.809794 ], [ -70.77026, 41.825777 ], [ -70.740871, 41.800325 ], [ -70.737275, 41.800505 ], [ -70.741691, 41.792837 ], [ -70.739037, 41.792346 ], [ -70.735322, 41.78621 ], [ -70.735673, 41.782102 ], [ -70.739134, 41.782429 ], [ -70.741936, 41.778961 ], [ -70.744176, 41.781625 ], [ -70.748145, 41.772187 ], [ -70.758168, 41.782248 ], [ -70.759255, 41.778804 ], [ -70.754847, 41.773128 ], [ -70.755823, 41.770285 ], [ -70.750709, 41.767752 ], [ -70.752768, 41.764992 ], [ -70.749296, 41.763839 ], [ -70.7466, 41.766286 ], [ -70.741362, 41.762029 ], [ -70.741923, 41.759063 ], [ -70.745787, 41.754803 ], [ -70.746008, 41.746855 ], [ -70.748184, 41.745287 ], [ -70.749512, 41.737847 ], [ -70.755375, 41.742299 ], [ -70.757799, 41.742489 ], [ -70.760329, 41.74147 ], [ -70.760067, 41.739024 ], [ -70.763626, 41.73889 ], [ -70.768375, 41.733951 ], [ -70.77301, 41.733791 ], [ -70.772662, 41.735095 ], [ -70.774992, 41.734194 ], [ -70.774395, 41.739842 ], [ -70.779121, 41.744517 ], [ -70.781626, 41.751272 ], [ -70.780123, 41.758266 ], [ -70.774608, 41.769076 ], [ -70.779737, 41.768903 ], [ -70.782841, 41.770407 ], [ -70.780537, 41.770599 ], [ -70.778224, 41.774933 ], [ -70.775481, 41.776 ], [ -70.776453, 41.779763 ], [ -70.779894, 41.77902 ], [ -70.781641, 41.779943 ], [ -70.780681, 41.782055 ], [ -70.782137, 41.785543 ], [ -70.786921, 41.788327 ], [ -70.784201, 41.790519 ], [ -70.790057, 41.792607 ], [ -70.783048, 41.798012 ], [ -70.798465, 41.805774 ] ] ] } },
{ "type": "Feature", "properties": { "Zip": "02558" }, "geometry": { "type": "MultiPolygon", "coordinates": [ [ [ [ -70.643436, 41.738315 ], [ -70.643035, 41.739519 ], [ -70.642547, 41.739115 ], [ -70.643436, 41.738315 ] ] ], [ [ [ -70.677877, 41.745736 ], [ -70.676182, 41.747127 ], [ -70.670194, 41.743717 ], [ -70.669354, 41.745363 ], [ -70.671418, 41.750083 ], [ -70.670384, 41.751152 ], [ -70.675281, 41.754197 ], [ -70.676677, 41.757088 ], [ -70.648671, 41.75531 ], [ -70.645641, 41.747523 ], [ -70.649854, 41.742592 ], [ -70.653123, 41.742677 ], [ -70.653704, 41.739713 ], [ -70.648724, 41.740472 ], [ -70.643956, 41.736713 ], [ -70.63938, 41.736953 ], [ -70.641172, 41.735433 ], [ -70.636756, 41.734457 ], [ -70.635092, 41.734617 ], [ -70.637188, 41.736745 ], [ -70.635684, 41.739257 ], [ -70.638148, 41.739433 ], [ -70.637348, 41.743576 ], [ -70.634324, 41.744664 ], [ -70.6277, 41.743945 ], [ -70.626676, 41.745001 ], [ -70.631492, 41.747032 ], [ -70.631428, 41.748392 ], [ -70.621571, 41.746418 ], [ -70.625988, 41.744969 ], [ -70.632676, 41.737881 ], [ -70.63258, 41.733657 ], [ -70.63939, 41.728018 ], [ -70.659382, 41.739359 ], [ -70.663877, 41.736456 ], [ -70.671893, 41.74324 ], [ -70.677877, 41.745736 ] ] ] ] } },
{ "type": "Feature", "properties": { "Zip": "02467" }, "geometry": { "type": "Polygon", "coordinates": [ [ [ -71.183268, 42.319181 ], [ -71.181086, 42.319342 ], [ -71.180786, 42.322729 ], [ -71.178983, 42.321825 ], [ -71.178433, 42.323992 ], [ -71.175741, 42.32529 ], [ -71.181524, 42.33251 ], [ -71.182443, 42.336158 ], [ -71.179125, 42.336864 ], [ -71.176649, 42.342187 ], [ -71.170368, 42.342564 ], [ -71.170003, 42.344252 ], [ -71.163594, 42.33617 ], [ -71.158795, 42.338727 ], [ -71.153192, 42.338037 ], [ -71.151155, 42.336165 ], [ -71.157412, 42.331308 ], [ -71.156262, 42.330847 ], [ -71.150104, 42.335282 ], [ -71.14862, 42.33455 ], [ -71.15163, 42.33315 ], [ -71.151831, 42.330721 ], [ -71.14262, 42.32647 ], [ -71.14481, 42.32379 ], [ -71.140646, 42.321486 ], [ -71.142536, 42.31526 ], [ -71.138826, 42.314534 ], [ -71.141276, 42.312442 ], [ -71.1401, 42.311652 ], [ -71.144424, 42.309543 ], [ -71.147305, 42.305747 ], [ -71.137103, 42.301185 ], [ -71.135261, 42.296907 ], [ -71.138795, 42.295821 ], [ -71.14792, 42.296749 ], [ -71.152113, 42.294588 ], [ -71.15648, 42.295842 ], [ -71.16067, 42.294435 ], [ -71.169786, 42.300244 ], [ -71.168605, 42.297799 ], [ -71.173486, 42.296217 ], [ -71.173927, 42.294358 ], [ -71.178056, 42.294273 ], [ -71.16975, 42.30166 ], [ -71.171608, 42.303041 ], [ -71.173702, 42.301383 ], [ -71.176656, 42.302542 ], [ -71.175001, 42.305286 ], [ -71.175953, 42.310309 ], [ -71.174395, 42.310981 ], [ -71.181078, 42.316362 ], [ -71.179658, 42.318189 ], [ -71.183268, 42.319181 ] ] ] } },
{ "type": "Feature", "properties": { "Zip": "02215" }, "geometry": { "type": "Polygon", "coordinates": [ [ [ -71.124654, 42.351192 ], [ -71.124102, 42.355096 ], [ -71.118126, 42.355092 ], [ -71.111472, 42.351878 ], [ -71.091235, 42.354338 ], [ -71.0893, 42.350459 ], [ -71.091001, 42.349712 ], [ -71.088651, 42.349131 ], [ -71.087588, 42.346922 ], [ -71.090902, 42.346544 ], [ -71.091223, 42.343489 ], [ -71.094125, 42.343142 ], [ -71.092284, 42.342684 ], [ -71.092452, 42.341184 ], [ -71.097537, 42.338706 ], [ -71.103275, 42.342741 ], [ -71.107291, 42.338929 ], [ -71.106074, 42.338227 ], [ -71.110808, 42.335586 ], [ -71.110579, 42.340443 ], [ -71.105516, 42.343812 ], [ -71.106894, 42.348588 ], [ -71.111047, 42.35024 ], [ -71.118388, 42.350369 ], [ -71.118277, 42.351326 ], [ -71.124654, 42.351192 ] ] ] } },
{ "type": "Feature", "properties": { "Zip": "02127" }, "geometry": { "type": "Polygon", "coordinates": [ [ [ -71.063553, 42.330791 ], [ -71.059697, 42.336801 ], [ -71.059487, 42.34358 ], [ -71.061293, 42.343871 ], [ -71.060213, 42.346195 ], [ -71.055936, 42.346592 ], [ -71.057241, 42.343981 ], [ -71.052871, 42.342476 ], [ -71.051345, 42.343798 ], [ -71.047072, 42.339701 ], [ -71.043838, 42.342447 ], [ -71.041064, 42.340596 ], [ -71.042192, 42.339577 ], [ -71.041906, 42.339527 ], [ -71.038713, 42.342817 ], [ -71.038712, 42.343677 ], [ -71.03629, 42.342215 ], [ -71.012428, 42.342672 ], [ -71.006968, 42.337027 ], [ -71.01271, 42.329692 ], [ -71.018482, 42.329554 ], [ -71.022818, 42.33133 ], [ -71.032521, 42.327732 ], [ -71.043813, 42.328208 ], [ -71.045665, 42.326823 ], [ -71.045414, 42.323798 ], [ -71.047841, 42.322592 ], [ -71.048946, 42.323492 ], [ -71.050604, 42.320758 ], [ -71.061061, 42.330308 ], [ -71.063553, 42.330791 ] ] ] } },
{ "type": "Feature", "properties": { "Zip": "02170" }, "geometry": { "type": "Polygon", "coordinates": [ [ [ -71.03751, 42.26574 ], [ -71.03641, 42.26475 ], [ -71.030214, 42.268505 ], [ -71.029042, 42.269541 ], [ -71.03024, 42.27122 ], [ -71.02775, 42.27274 ], [ -71.025323, 42.27089 ], [ -71.02396, 42.27244 ], [ -71.02253, 42.27158 ], [ -71.02017, 42.27369 ], [ -71.02216, 42.27535 ], [ -71.016455, 42.279549 ], [ -71.017622, 42.281243 ], [ -71.013534, 42.278526 ], [ -71.000231, 42.2739 ], [ -70.997263, 42.271624 ], [ -70.995973, 42.267143 ], [ -71.00362, 42.260412 ], [ -71.00729, 42.26083 ], [ -71.0098, 42.257818 ], [ -71.02034, 42.2562 ], [ -71.02534, 42.25347 ], [ -71.02876, 42.25472 ], [ -71.02619, 42.25528 ], [ -71.037504, 42.263226 ], [ -71.03751, 42.26574 ] ] ] } },
{ "type": "Feature", "properties": { "Zip": "02119" }, "geometry": { "type": "Polygon", "coordinates": [ [ [ -71.102944, 42.319298 ], [ -71.0944, 42.331412 ], [ -71.085965, 42.329426 ], [ -71.083939, 42.334098 ], [ -71.082869, 42.33343 ], [ -71.080117, 42.335934 ], [ -71.078827, 42.335065 ], [ -71.080943, 42.332931 ], [ -71.079308, 42.332092 ], [ -71.077045, 42.333609 ], [ -71.072007, 42.33261 ], [ -71.069146, 42.329537 ], [ -71.070633, 42.328852 ], [ -71.066388, 42.326322 ], [ -71.068061, 42.321281 ], [ -71.077627, 42.320907 ], [ -71.077728, 42.314062 ], [ -71.088866, 42.318573 ], [ -71.09309, 42.316675 ], [ -71.093665, 42.313863 ], [ -71.097638, 42.311685 ], [ -71.102944, 42.319298 ] ] ] } },
{ "type": "Feature", "properties": { "Zip": "02121" }, "geometry": { "type": "Polygon", "coordinates": [ [ [ -71.10485, 42.30232 ], [ -71.097488, 42.311857 ], [ -71.093544, 42.314002 ], [ -71.09309, 42.316675 ], [ -71.088866, 42.318573 ], [ -71.073375, 42.313222 ], [ -71.071623, 42.311881 ], [ -71.073912, 42.307681 ], [ -71.072389, 42.308827 ], [ -71.070752, 42.305886 ], [ -71.068344, 42.305206 ], [ -71.070491, 42.304745 ], [ -71.072481, 42.300369 ], [ -71.075761, 42.299178 ], [ -71.076289, 42.297313 ], [ -71.08335, 42.296099 ], [ -71.086409, 42.299041 ], [ -71.091437, 42.296865 ], [ -71.095759, 42.291973 ], [ -71.100969, 42.297667 ], [ -71.099452, 42.298543 ], [ -71.100392, 42.299761 ], [ -71.10485, 42.30232 ] ] ] } },
{ "type": "Feature", "properties": { "Zip": "02113" }, "geometry": { "type": "Polygon", "coordinates": [ [ [ -71.058525, 42.366952 ], [ -71.056374, 42.368292 ], [ -71.0534, 42.367525 ], [ -71.052945, 42.365008 ], [ -71.051074, 42.364522 ], [ -71.054925, 42.362046 ], [ -71.056972, 42.363208 ], [ -71.058296, 42.364472 ], [ -71.058525, 42.366952 ] ] ] } },
{ "type": "Feature", "properties": { "Zip": "02129" }, "geometry": { "type": "Polygon", "coordinates": [ [ [ -71.080701, 42.381039 ], [ -71.073496, 42.391796 ], [ -71.072696, 42.390796 ], [ -71.067367, 42.395296 ], [ -71.070896, 42.388996 ], [ -71.065695, 42.386596 ], [ -71.057395, 42.387297 ], [ -71.048186, 42.385686 ], [ -71.044298, 42.383209 ], [ -71.046995, 42.372597 ], [ -71.050895, 42.370697 ], [ -71.062994, 42.368391 ], [ -71.067115, 42.371816 ], [ -71.072466, 42.372658 ], [ -71.075657, 42.380196 ], [ -71.080701, 42.381039 ] ] ] } },
{ "type": "Feature", "properties": { "Zip": "01331" }, "geometry": { "type": "Polygon", "coordinates": [ [ [ -72.270748, 42.543507 ], [ -72.276434, 42.577374 ], [ -72.273945, 42.5772 ], [ -72.273616, 42.579359 ], [ -72.271109, 42.576158 ], [ -72.267903, 42.577867 ], [ -72.261333, 42.575922 ], [ -72.267064, 42.600813 ], [ -72.262155, 42.600251 ], [ -72.25881, 42.60372 ], [ -72.253311, 42.605336 ], [ -72.254745, 42.611614 ], [ -72.238004, 42.614713 ], [ -72.231803, 42.613936 ], [ -72.227918, 42.615627 ], [ -72.227375, 42.622021 ], [ -72.229856, 42.622084 ], [ -72.229066, 42.623999 ], [ -72.23168, 42.625185 ], [ -72.227546, 42.626672 ], [ -72.225314, 42.630426 ], [ -72.229078, 42.638354 ], [ -72.188912, 42.642998 ], [ -72.188266, 42.641611 ], [ -72.190977, 42.639748 ], [ -72.198229, 42.625483 ], [ -72.194282, 42.626363 ], [ -72.194912, 42.621837 ], [ -72.180032, 42.623274 ], [ -72.179065, 42.620227 ], [ -72.174977, 42.619451 ], [ -72.166445, 42.622903 ], [ -72.15775, 42.621387 ], [ -72.154789, 42.622354 ], [ -72.154808, 42.623791 ], [ -72.146038, 42.623699 ], [ -72.143104, 42.627047 ], [ -72.136987, 42.622586 ], [ -72.136228, 42.619156 ], [ -72.132085, 42.616541 ], [ -72.129558, 42.612681 ], [ -72.124821, 42.611346 ], [ -72.121595, 42.578443 ], [ -72.126935, 42.575288 ], [ -72.095391, 42.535506 ], [ -72.090664, 42.523979 ], [ -72.091915, 42.518651 ], [ -72.085289, 42.512056 ], [ -72.083766, 42.508563 ], [ -72.085006, 42.504937 ], [ -72.083146, 42.503757 ], [ -72.082659, 42.500295 ], [ -72.080339, 42.499254 ], [ -72.081903, 42.498852 ], [ -72.082039, 42.495623 ], [ -72.100941, 42.483682 ], [ -72.185642, 42.55036 ], [ -72.196385, 42.54892 ], [ -72.244868, 42.513439 ], [ -72.262893, 42.5283 ], [ -72.271278, 42.5309 ], [ -72.270298, 42.532164 ], [ -72.273127, 42.534754 ], [ -72.27143, 42.539932 ], [ -72.273177, 42.542462 ], [ -72.271715, 42.544135 ], [ -72.270748, 42.543507 ] ] ] } },
{ "type": "Feature", "properties": { "Zip": "02136" }, "geometry": { "type": "Polygon", "coordinates": [ [ [ -71.151329, 42.258812 ], [ -71.137994, 42.265499 ], [ -71.140629, 42.269454 ], [ -71.140039, 42.273574 ], [ -71.136592, 42.27151 ], [ -71.13351, 42.274543 ], [ -71.131121, 42.273047 ], [ -71.132076, 42.268636 ], [ -71.124798, 42.272585 ], [ -71.121776, 42.270676 ], [ -71.121029, 42.274213 ], [ -71.115734, 42.277295 ], [ -71.116632, 42.279001 ], [ -71.110374, 42.275065 ], [ -71.112142, 42.271853 ], [ -71.109317, 42.274455 ], [ -71.097669, 42.263539 ], [ -71.103004, 42.259785 ], [ -71.109514, 42.261275 ], [ -71.113326, 42.25899 ], [ -71.109544, 42.255412 ], [ -71.109347, 42.24799 ], [ -71.126377, 42.239162 ], [ -71.122604, 42.234437 ], [ -71.124462, 42.234161 ], [ -71.12523, 42.232057 ], [ -71.130749, 42.227911 ], [ -71.142681, 42.235998 ], [ -71.146642, 42.255755 ], [ -71.151329, 42.258812 ] ] ] } },
{ "type": "Feature", "properties": { "Zip": "02109" }, "geometry": { "type": "MultiPolygon", "coordinates": [ [ [ [ -71.057773, 42.356291 ], [ -71.058737, 42.356988 ], [ -71.05771, 42.356777 ], [ -71.057773, 42.356291 ] ] ], [ [ [ -71.059795, 42.368767 ], [ -71.054995, 42.370697 ], [ -71.049095, 42.371197 ], [ -71.046672, 42.367503 ], [ -71.046389, 42.363935 ], [ -71.05109, 42.364175 ], [ -71.051101, 42.362174 ], [ -71.053297, 42.361219 ], [ -71.050888, 42.359186 ], [ -71.053885, 42.356572 ], [ -71.057191, 42.356822 ], [ -71.057805, 42.358924 ], [ -71.056712, 42.36201 ], [ -71.055002, 42.36167 ], [ -71.051095, 42.365202 ], [ -71.052945, 42.365008 ], [ -71.052473, 42.36721 ], [ -71.056374, 42.368292 ], [ -71.058525, 42.366952 ], [ -71.059795, 42.368767 ] ] ] ] } },
{ "type": "Feature", "properties": { "Zip": "02108" }, "geometry": { "type": "Polygon", "coordinates": [ [ [ -71.073444, 42.356139 ], [ -71.072307, 42.358799 ], [ -71.07008, 42.356977 ], [ -71.070282, 42.358827 ], [ -71.064455, 42.358616 ], [ -71.06499, 42.357195 ], [ -71.062642, 42.357977 ], [ -71.062865, 42.359989 ], [ -71.057698, 42.361457 ], [ -71.05848, 42.36242 ], [ -71.055852, 42.361344 ], [ -71.057805, 42.358924 ], [ -71.057191, 42.356822 ], [ -71.06048, 42.355499 ], [ -71.062257, 42.356268 ], [ -71.064562, 42.352383 ], [ -71.070655, 42.351854 ], [ -71.073444, 42.356139 ] ] ] } },
{ "type": "Feature", "properties": { "Zip": "02210" }, "geometry": { "type": "Polygon", "coordinates": [ [ [ -71.057255, 42.344537 ], [ -71.052723, 42.351372 ], [ -71.056246, 42.352903 ], [ -71.05106, 42.355131 ], [ -71.049396, 42.354498 ], [ -71.045566, 42.359733 ], [ -71.045828, 42.357227 ], [ -71.024285, 42.35004 ], [ -71.020442, 42.3472 ], [ -71.018921, 42.343739 ], [ -71.012357, 42.342674 ], [ -71.03629, 42.342215 ], [ -71.038712, 42.343677 ], [ -71.038713, 42.342817 ], [ -71.041906, 42.339527 ], [ -71.041064, 42.340596 ], [ -71.043838, 42.342447 ], [ -71.047072, 42.339701 ], [ -71.051345, 42.343798 ], [ -71.052871, 42.342476 ], [ -71.057255, 42.344537 ] ] ] } },
{ "type": "Feature", "properties": { "Zip": "02203" }, "geometry": { "type": "Polygon", "coordinates": [ [ [ -71.06018, 42.360556 ], [ -71.05848, 42.36242 ], [ -71.057698, 42.361457 ], [ -71.06018, 42.360556 ] ] ] } },
{ "type": "Feature", "properties": { "Zip": "02151" }, "geometry": { "type": "Polygon", "coordinates": [ [ [ -71.033014, 42.414611 ], [ -71.020377, 42.43825 ], [ -71.025836, 42.444709 ], [ -71.018757, 42.450118 ], [ -71.009503, 42.440964 ], [ -71.012365, 42.439741 ], [ -71.010099, 42.438301 ], [ -71.010777, 42.434568 ], [ -70.999857, 42.431296 ], [ -70.994849, 42.43115 ], [ -70.99012, 42.434877 ], [ -70.982294, 42.431296 ], [ -70.968594, 42.444396 ], [ -70.958975, 42.441365 ], [ -70.960088, 42.438994 ], [ -70.973433, 42.429766 ], [ -70.984093, 42.415579 ], [ -70.987162, 42.404604 ], [ -70.981575, 42.404276 ], [ -70.980539, 42.397746 ], [ -70.977946, 42.393591 ], [ -70.986053, 42.388116 ], [ -70.987511, 42.389229 ], [ -70.987442, 42.392742 ], [ -70.993818, 42.392924 ], [ -70.998158, 42.396887 ], [ -71.001407, 42.39674 ], [ -71.005861, 42.393892 ], [ -71.01193, 42.395752 ], [ -71.011272, 42.396589 ], [ -71.013395, 42.397398 ], [ -71.009396, 42.401183 ], [ -71.013007, 42.402864 ], [ -71.020828, 42.403513 ], [ -71.020442, 42.405114 ], [ -71.026237, 42.405925 ], [ -71.033014, 42.414611 ] ] ] } },
{ "type": "Feature", "properties": { "Zip": "01940" }, "geometry": { "type": "Polygon", "coordinates": [ [ [ -71.075146, 42.531059 ], [ -71.070978, 42.555889 ], [ -71.064937, 42.562116 ], [ -71.057125, 42.574041 ], [ -71.0531, 42.573079 ], [ -71.052772, 42.571372 ], [ -71.051938, 42.572126 ], [ -71.049452, 42.571012 ], [ -71.044145, 42.573903 ], [ -71.035498, 42.57062 ], [ -71.031558, 42.551203 ], [ -71.005288, 42.522992 ], [ -70.996528, 42.517655 ], [ -70.992059, 42.520518 ], [ -70.981787, 42.523519 ], [ -70.97844, 42.521034 ], [ -70.981819, 42.518232 ], [ -70.986514, 42.518616 ], [ -70.987347, 42.516683 ], [ -70.990936, 42.515195 ], [ -70.986911, 42.511774 ], [ -70.992966, 42.512267 ], [ -70.988372, 42.509214 ], [ -70.995308, 42.505572 ], [ -70.996886, 42.507012 ], [ -71.001736, 42.507078 ], [ -71.011623, 42.501648 ], [ -71.035839, 42.505192 ], [ -71.034898, 42.507054 ], [ -71.037048, 42.509999 ], [ -71.036556, 42.512435 ], [ -71.039467, 42.514458 ], [ -71.038296, 42.516242 ], [ -71.04108, 42.520123 ], [ -71.038599, 42.52396 ], [ -71.040983, 42.526262 ], [ -71.058447, 42.52361 ], [ -71.060744, 42.525239 ], [ -71.062026, 42.524276 ], [ -71.067567, 42.52468 ], [ -71.075146, 42.531059 ] ] ] } },
{ "type": "Feature", "properties": { "Zip": "01945" }, "geometry": { "type": "Polygon", "coordinates": [ [ [ -70.899412, 42.484856 ], [ -70.897784, 42.485118 ], [ -70.898792, 42.485983 ], [ -70.897473, 42.486881 ], [ -70.895856, 42.485522 ], [ -70.894244, 42.485951 ], [ -70.890624, 42.488743 ], [ -70.890801, 42.493645 ], [ -70.886604, 42.495179 ], [ -70.885497, 42.497368 ], [ -70.886761, 42.498447 ], [ -70.879544, 42.50375 ], [ -70.879692, 42.509295 ], [ -70.875092, 42.518495 ], [ -70.858092, 42.527395 ], [ -70.843292, 42.528795 ], [ -70.813707, 42.522379 ], [ -70.799181, 42.509338 ], [ -70.806986, 42.509032 ], [ -70.811936, 42.507228 ], [ -70.817442, 42.508171 ], [ -70.828566, 42.517314 ], [ -70.829989, 42.51698 ], [ -70.833713, 42.509788 ], [ -70.832061, 42.505816 ], [ -70.823352, 42.50421 ], [ -70.823315, 42.501507 ], [ -70.83048, 42.49946 ], [ -70.832348, 42.4975 ], [ -70.833928, 42.489291 ], [ -70.831635, 42.486193 ], [ -70.832488, 42.480737 ], [ -70.842757, 42.484762 ], [ -70.861428, 42.484233 ], [ -70.866168, 42.481161 ], [ -70.860842, 42.476541 ], [ -70.861141, 42.474672 ], [ -70.862936, 42.47446 ], [ -70.869398, 42.480551 ], [ -70.87732, 42.47762 ], [ -70.899412, 42.484856 ] ] ] } },
{ "type": "Feature", "properties": { "Zip": "01468" }, "geometry": { "type": "Polygon", "coordinates": [ [ [ -72.129762, 42.612894 ], [ -72.117264, 42.612742 ], [ -72.118727, 42.601327 ], [ -72.115961, 42.592361 ], [ -72.117495, 42.591325 ], [ -72.115578, 42.590789 ], [ -72.114821, 42.584738 ], [ -72.111599, 42.581646 ], [ -72.101313, 42.589034 ], [ -72.088929, 42.582135 ], [ -72.084494, 42.582037 ], [ -72.084485, 42.579902 ], [ -72.084146, 42.579888 ], [ -72.083762, 42.582512 ], [ -72.078564, 42.581795 ], [ -72.078737, 42.587385 ], [ -72.075013, 42.588009 ], [ -72.074989, 42.589229 ], [ -72.072777, 42.589894 ], [ -72.073589, 42.587186 ], [ -72.07012, 42.586241 ], [ -72.071359, 42.596517 ], [ -72.062304, 42.59622 ], [ -72.059757, 42.593243 ], [ -72.055262, 42.593347 ], [ -72.041796, 42.583382 ], [ -72.042131, 42.5799 ], [ -72.037849, 42.578408 ], [ -72.038163, 42.57712 ], [ -72.034836, 42.580072 ], [ -72.031729, 42.578336 ], [ -72.032926, 42.576324 ], [ -72.031114, 42.575948 ], [ -72.031218, 42.574211 ], [ -72.026975, 42.573366 ], [ -72.027521, 42.570075 ], [ -72.026255, 42.569981 ], [ -72.032599, 42.565146 ], [ -72.03211, 42.563313 ], [ -72.034599, 42.56376 ], [ -72.037369, 42.562348 ], [ -72.043071, 42.567015 ], [ -72.041146, 42.556294 ], [ -72.035588, 42.556212 ], [ -72.020669, 42.559127 ], [ -72.00138, 42.546614 ], [ -72.082039, 42.495623 ], [ -72.081903, 42.498852 ], [ -72.080339, 42.499254 ], [ -72.082659, 42.500295 ], [ -72.083146, 42.503757 ], [ -72.085006, 42.504937 ], [ -72.083766, 42.508563 ], [ -72.085289, 42.512056 ], [ -72.091915, 42.518651 ], [ -72.090664, 42.523979 ], [ -72.095391, 42.535506 ], [ -72.126935, 42.575288 ], [ -72.12159, 42.578564 ], [ -72.124646, 42.610739 ], [ -72.129762, 42.612894 ] ] ] } },
{ "type": "Feature", "properties": { "Zip": "01451" }, "geometry": { "type": "Polygon", "coordinates": [ [ [ -71.635674, 42.476983 ], [ -71.633638, 42.477247 ], [ -71.634166, 42.482687 ], [ -71.631837, 42.483598 ], [ -71.633821, 42.485834 ], [ -71.631522, 42.48537 ], [ -71.628801, 42.488568 ], [ -71.627591, 42.493823 ], [ -71.606352, 42.517441 ], [ -71.59901, 42.522711 ], [ -71.594791, 42.53716 ], [ -71.592397, 42.537066 ], [ -71.590513, 42.539673 ], [ -71.584392, 42.541755 ], [ -71.57541, 42.549593 ], [ -71.53878, 42.54303 ], [ -71.531377, 42.520352 ], [ -71.529841, 42.519841 ], [ -71.560367, 42.47435 ], [ -71.543394, 42.466452 ], [ -71.548903, 42.447308 ], [ -71.635674, 42.476983 ] ] ] } },
{ "type": "Feature", "properties": { "Zip": "01747" }, "geometry": { "type": "Polygon", "coordinates": [ [ [ -71.571591, 42.142367 ], [ -71.571402, 42.151845 ], [ -71.560954, 42.158315 ], [ -71.560878, 42.155528 ], [ -71.563222, 42.153398 ], [ -71.538114, 42.138016 ], [ -71.519237, 42.124191 ], [ -71.509843, 42.123923 ], [ -71.506011, 42.118748 ], [ -71.50162, 42.117436 ], [ -71.500384, 42.112695 ], [ -71.503078, 42.110285 ], [ -71.499689, 42.10349 ], [ -71.51863, 42.099313 ], [ -71.528704, 42.103656 ], [ -71.541827, 42.118425 ], [ -71.550044, 42.12268 ], [ -71.569338, 42.142637 ], [ -71.571591, 42.142367 ] ] ] } },
{ "type": "Feature", "properties": { "Zip": "01922" }, "geometry": { "type": "Polygon", "coordinates": [ [ [ -70.967141, 42.75841 ], [ -70.963419, 42.765377 ], [ -70.958291, 42.765652 ], [ -70.940534, 42.775809 ], [ -70.925176, 42.781805 ], [ -70.930858, 42.772793 ], [ -70.924527, 42.776021 ], [ -70.922261, 42.772808 ], [ -70.917726, 42.773256 ], [ -70.908903, 42.774954 ], [ -70.893367, 42.780437 ], [ -70.886984, 42.781216 ], [ -70.888123, 42.775246 ], [ -70.884883, 42.775203 ], [ -70.886117, 42.772379 ], [ -70.879487, 42.767125 ], [ -70.882547, 42.763662 ], [ -70.880409, 42.760082 ], [ -70.877446, 42.758856 ], [ -70.87949, 42.755639 ], [ -70.875625, 42.754668 ], [ -70.866598, 42.755739 ], [ -70.864814, 42.748915 ], [ -70.86959, 42.748763 ], [ -70.872732, 42.75035 ], [ -70.876003, 42.747691 ], [ -70.87764, 42.748993 ], [ -70.879188, 42.747501 ], [ -70.881674, 42.75138 ], [ -70.884605, 42.747556 ], [ -70.889774, 42.749564 ], [ -70.889019, 42.747167 ], [ -70.893257, 42.747858 ], [ -70.891967, 42.745593 ], [ -70.890056, 42.746245 ], [ -70.891324, 42.744792 ], [ -70.894478, 42.744279 ], [ -70.895425, 42.747336 ], [ -70.898989, 42.742107 ], [ -70.922321, 42.735299 ], [ -70.949756, 42.74819 ], [ -70.967141, 42.75841 ] ] ] } },
{ "type": "Feature", "properties": { "Zip": "01938" }, "geometry": { "type": "Polygon", "coordinates": [ [ [ -70.965341, 42.671867 ], [ -70.964455, 42.674825 ], [ -70.880769, 42.706322 ], [ -70.875483, 42.712884 ], [ -70.864406, 42.709098 ], [ -70.8631, 42.713075 ], [ -70.857676, 42.713667 ], [ -70.857461, 42.714907 ], [ -70.860625, 42.715714 ], [ -70.858337, 42.71746 ], [ -70.858958, 42.721648 ], [ -70.856128, 42.722289 ], [ -70.85678, 42.723964 ], [ -70.852273, 42.726736 ], [ -70.848921, 42.725924 ], [ -70.839138, 42.731438 ], [ -70.826259, 42.732609 ], [ -70.820409, 42.730509 ], [ -70.815248, 42.722814 ], [ -70.805651, 42.727058 ], [ -70.798317, 42.728416 ], [ -70.799763, 42.729501 ], [ -70.797963, 42.731629 ], [ -70.79851, 42.73342 ], [ -70.78579, 42.740112 ], [ -70.7747, 42.720204 ], [ -70.765714, 42.713412 ], [ -70.766551, 42.705837 ], [ -70.768552, 42.702307 ], [ -70.773089, 42.699072 ], [ -70.771488, 42.696424 ], [ -70.772196, 42.691079 ], [ -70.766086, 42.687562 ], [ -70.746852, 42.684295 ], [ -70.745603, 42.682855 ], [ -70.744814, 42.683804 ], [ -70.741651, 42.683042 ], [ -70.742099, 42.681684 ], [ -70.739, 42.681195 ], [ -70.742014, 42.68124 ], [ -70.741378, 42.680182 ], [ -70.7236, 42.667591 ], [ -70.732456, 42.653961 ], [ -70.751373, 42.670701 ], [ -70.760789, 42.675514 ], [ -70.777916, 42.673005 ], [ -70.784166, 42.670133 ], [ -70.785696, 42.667953 ], [ -70.789456, 42.667815 ], [ -70.790922, 42.663784 ], [ -70.788598, 42.663335 ], [ -70.790086, 42.661915 ], [ -70.792735, 42.661831 ], [ -70.792762, 42.663271 ], [ -70.794021, 42.663183 ], [ -70.793409, 42.660562 ], [ -70.790559, 42.66003 ], [ -70.792502, 42.658885 ], [ -70.795533, 42.659791 ], [ -70.794188, 42.658253 ], [ -70.795897, 42.657287 ], [ -70.793973, 42.656023 ], [ -70.795912, 42.655028 ], [ -70.798324, 42.657306 ], [ -70.799754, 42.656358 ], [ -70.800845, 42.657293 ], [ -70.803378, 42.656643 ], [ -70.803814, 42.654874 ], [ -70.807479, 42.654684 ], [ -70.810338, 42.649598 ], [ -70.816109, 42.64719 ], [ -70.814439, 42.646653 ], [ -70.816929, 42.6413 ], [ -70.821847, 42.642335 ], [ -70.824092, 42.634163 ], [ -70.834162, 42.64012 ], [ -70.832457, 42.640184 ], [ -70.830752, 42.643168 ], [ -70.831276, 42.647268 ], [ -70.833096, 42.648774 ], [ -70.845845, 42.647116 ], [ -70.85012, 42.643793 ], [ -70.857627, 42.641688 ], [ -70.863281, 42.646222 ], [ -70.859774, 42.65749 ], [ -70.861782, 42.658363 ], [ -70.867584, 42.657449 ], [ -70.870046, 42.659254 ], [ -70.872216, 42.657305 ], [ -70.876348, 42.656991 ], [ -70.877083, 42.654953 ], [ -70.879739, 42.654063 ], [ -70.885822, 42.656349 ], [ -70.886394, 42.65915 ], [ -70.90098, 42.660343 ], [ -70.90362, 42.659509 ], [ -70.904961, 42.661987 ], [ -70.916341, 42.660754 ], [ -70.920525, 42.670078 ], [ -70.936028, 42.663487 ], [ -70.965341, 42.671867 ] ] ] } },
{ "type": "Feature", "properties": { "Zip": "01843" }, "geometry": { "type": "Polygon", "coordinates": [ [ [ -71.188862, 42.696268 ], [ -71.177608, 42.693025 ], [ -71.160196, 42.703293 ], [ -71.137253, 42.707197 ], [ -71.137116, 42.704387 ], [ -71.14089, 42.703345 ], [ -71.142778, 42.698923 ], [ -71.145857, 42.698481 ], [ -71.143395, 42.697028 ], [ -71.143149, 42.6942 ], [ -71.137936, 42.692507 ], [ -71.137319, 42.689343 ], [ -71.139809, 42.687186 ], [ -71.137981, 42.686901 ], [ -71.139465, 42.685344 ], [ -71.137787, 42.685046 ], [ -71.139402, 42.684477 ], [ -71.133584, 42.679428 ], [ -71.134452, 42.676778 ], [ -71.151213, 42.681707 ], [ -71.185503, 42.675868 ], [ -71.188862, 42.696268 ] ] ] } },
{ "type": "Feature", "properties": { "Zip": "01929" }, "geometry": { "type": "Polygon", "coordinates": [ [ [ -70.818629, 42.624881 ], [ -70.811851, 42.625317 ], [ -70.813076, 42.640533 ], [ -70.816929, 42.6413 ], [ -70.814439, 42.646653 ], [ -70.816109, 42.64719 ], [ -70.810338, 42.649598 ], [ -70.807479, 42.654684 ], [ -70.803814, 42.654874 ], [ -70.803305, 42.656681 ], [ -70.798365, 42.657316 ], [ -70.795807, 42.655017 ], [ -70.793973, 42.656023 ], [ -70.795897, 42.657287 ], [ -70.794188, 42.658253 ], [ -70.795533, 42.659791 ], [ -70.792502, 42.658885 ], [ -70.790559, 42.66003 ], [ -70.793409, 42.660562 ], [ -70.794021, 42.663183 ], [ -70.792762, 42.663271 ], [ -70.792735, 42.661831 ], [ -70.790086, 42.661915 ], [ -70.788598, 42.663335 ], [ -70.790922, 42.663784 ], [ -70.789456, 42.667815 ], [ -70.785696, 42.667953 ], [ -70.784166, 42.670133 ], [ -70.777916, 42.673005 ], [ -70.760789, 42.675514 ], [ -70.751373, 42.670701 ], [ -70.732456, 42.653961 ], [ -70.739571, 42.642397 ], [ -70.757431, 42.620149 ], [ -70.74565, 42.599576 ], [ -70.77345, 42.598248 ], [ -70.800831, 42.595338 ], [ -70.800889, 42.602012 ], [ -70.809456, 42.607347 ], [ -70.812512, 42.612593 ], [ -70.810725, 42.612264 ], [ -70.810501, 42.613817 ], [ -70.812954, 42.615854 ], [ -70.814155, 42.615433 ], [ -70.818579, 42.621706 ], [ -70.818629, 42.624881 ] ] ] } },
{ "type": "Feature", "properties": { "Zip": "01913" }, "geometry": { "type": "Polygon", "coordinates": [ [ [ -71.004902, 42.863347 ], [ -70.967018, 42.8688 ], [ -70.929594, 42.885032 ], [ -70.914631, 42.886648 ], [ -70.899832, 42.847386 ], [ -70.904198, 42.83389 ], [ -70.911473, 42.834371 ], [ -70.915689, 42.840669 ], [ -70.920842, 42.841039 ], [ -70.925323, 42.838365 ], [ -70.939995, 42.822675 ], [ -70.949954, 42.820158 ], [ -70.963576, 42.820335 ], [ -70.969164, 42.822462 ], [ -70.979793, 42.844862 ], [ -71.004902, 42.863347 ] ] ] } },
{ "type": "Feature", "properties": { "Zip": "01721" }, "geometry": { "type": "Polygon", "coordinates": [ [ [ -71.522757, 42.255207 ], [ -71.522178, 42.266454 ], [ -71.514793, 42.267742 ], [ -71.508985, 42.264486 ], [ -71.506091, 42.264393 ], [ -71.505882, 42.272938 ], [ -71.497046, 42.289829 ], [ -71.460756, 42.279063 ], [ -71.419317, 42.257297 ], [ -71.418303, 42.246504 ], [ -71.420075, 42.238123 ], [ -71.475359, 42.229485 ], [ -71.486297, 42.23125 ], [ -71.486001, 42.24696 ], [ -71.522757, 42.255207 ] ] ] } },
{ "type": "Feature", "properties": { "Zip": "02081" }, "geometry": { "type": "Polygon", "coordinates": [ [ [ -71.303785, 42.149211 ], [ -71.275025, 42.148623 ], [ -71.275671, 42.181667 ], [ -71.269569, 42.200499 ], [ -71.263475, 42.203421 ], [ -71.258194, 42.204071 ], [ -71.251416, 42.202613 ], [ -71.246888, 42.197954 ], [ -71.244129, 42.197041 ], [ -71.241725, 42.192221 ], [ -71.240857, 42.184203 ], [ -71.236768, 42.18129 ], [ -71.233635, 42.181393 ], [ -71.225353, 42.170849 ], [ -71.221878, 42.171096 ], [ -71.219905, 42.168422 ], [ -71.222206, 42.167014 ], [ -71.22573, 42.16715 ], [ -71.235951, 42.158991 ], [ -71.23237, 42.15841 ], [ -71.229108, 42.154969 ], [ -71.23058, 42.145878 ], [ -71.229214, 42.14546 ], [ -71.226161, 42.147435 ], [ -71.217604, 42.142943 ], [ -71.21874, 42.14031 ], [ -71.215306, 42.140326 ], [ -71.220011, 42.138161 ], [ -71.230321, 42.121696 ], [ -71.231869, 42.110251 ], [ -71.236183, 42.111308 ], [ -71.238322, 42.113858 ], [ -71.238804, 42.106401 ], [ -71.253302, 42.105344 ], [ -71.258397, 42.103064 ], [ -71.259782, 42.104308 ], [ -71.25756, 42.105308 ], [ -71.258073, 42.106813 ], [ -71.256405, 42.106911 ], [ -71.256943, 42.108377 ], [ -71.26162, 42.10617 ], [ -71.263476, 42.108309 ], [ -71.260739, 42.10929 ], [ -71.261406, 42.111172 ], [ -71.257591, 42.117853 ], [ -71.264024, 42.119499 ], [ -71.265565, 42.112862 ], [ -71.26882, 42.11022 ], [ -71.2697, 42.107352 ], [ -71.276727, 42.105988 ], [ -71.277943, 42.103703 ], [ -71.278211, 42.102496 ], [ -71.276362, 42.101852 ], [ -71.275211, 42.104054 ], [ -71.27002, 42.10112 ], [ -71.277643, 42.101047 ], [ -71.278055, 42.09946 ], [ -71.282286, 42.100374 ], [ -71.28539, 42.097661 ], [ -71.300223, 42.12591 ], [ -71.29894, 42.1265 ], [ -71.302186, 42.136871 ], [ -71.298947, 42.14042 ], [ -71.300506, 42.142874 ], [ -71.300118, 42.147176 ], [ -71.303785, 42.149211 ] ] ] } },
{ "type": "Feature", "properties": { "Zip": "01702" }, "geometry": { "type": "Polygon", "coordinates": [ [ [ -71.497011, 42.289895 ], [ -71.493346, 42.296964 ], [ -71.478385, 42.296875 ], [ -71.475356, 42.298824 ], [ -71.469975, 42.299489 ], [ -71.464435, 42.295788 ], [ -71.457707, 42.294308 ], [ -71.449946, 42.298281 ], [ -71.437312, 42.300344 ], [ -71.418911, 42.297709 ], [ -71.393183, 42.298773 ], [ -71.402528, 42.29333 ], [ -71.400861, 42.286417 ], [ -71.396585, 42.285959 ], [ -71.395848, 42.284456 ], [ -71.397243, 42.281894 ], [ -71.39959, 42.281156 ], [ -71.397218, 42.279006 ], [ -71.395861, 42.272908 ], [ -71.390365, 42.271916 ], [ -71.397769, 42.261528 ], [ -71.419298, 42.257281 ], [ -71.460756, 42.279063 ], [ -71.497011, 42.289895 ] ] ] } },
{ "type": "Feature", "properties": { "Zip": "02189" }, "geometry": { "type": "Polygon", "coordinates": [ [ [ -70.94999, 42.193189 ], [ -70.947433, 42.194239 ], [ -70.9437, 42.19891 ], [ -70.94345, 42.20059 ], [ -70.94557, 42.201446 ], [ -70.94596, 42.20887 ], [ -70.943968, 42.209686 ], [ -70.94578, 42.212885 ], [ -70.93701, 42.21935 ], [ -70.93894, 42.22234 ], [ -70.943093, 42.22069 ], [ -70.947667, 42.223031 ], [ -70.94977, 42.230119 ], [ -70.944116, 42.230516 ], [ -70.94489, 42.23173 ], [ -70.938881, 42.231303 ], [ -70.936493, 42.233763 ], [ -70.93214, 42.233611 ], [ -70.930491, 42.2361 ], [ -70.93129, 42.2387 ], [ -70.933489, 42.2394 ], [ -70.933284, 42.245899 ], [ -70.93111, 42.246393 ], [ -70.93129, 42.244299 ], [ -70.92239, 42.2293 ], [ -70.92349, 42.2259 ], [ -70.914732, 42.225196 ], [ -70.921168, 42.182301 ], [ -70.932793, 42.187827 ], [ -70.94999, 42.193189 ] ] ] } },
{ "type": "Feature", "properties": { "Zip": "02054" }, "geometry": { "type": "Polygon", "coordinates": [ [ [ -71.404427, 42.188433 ], [ -71.361986, 42.195761 ], [ -71.344133, 42.200701 ], [ -71.344618, 42.198584 ], [ -71.342878, 42.199782 ], [ -71.342729, 42.198134 ], [ -71.340271, 42.197965 ], [ -71.338283, 42.196034 ], [ -71.340557, 42.194909 ], [ -71.338974, 42.194378 ], [ -71.339406, 42.190646 ], [ -71.335823, 42.19124 ], [ -71.335145, 42.188484 ], [ -71.332019, 42.188743 ], [ -71.32845, 42.186443 ], [ -71.32961, 42.185056 ], [ -71.326012, 42.184093 ], [ -71.325535, 42.181647 ], [ -71.320159, 42.179901 ], [ -71.320893, 42.178331 ], [ -71.318187, 42.178034 ], [ -71.318842, 42.173966 ], [ -71.32297, 42.173602 ], [ -71.324069, 42.17179 ], [ -71.327928, 42.172711 ], [ -71.333327, 42.169705 ], [ -71.332993, 42.168189 ], [ -71.331267, 42.168231 ], [ -71.334007, 42.166622 ], [ -71.332549, 42.165977 ], [ -71.332776, 42.163628 ], [ -71.331009, 42.16409 ], [ -71.332502, 42.161986 ], [ -71.33077, 42.160162 ], [ -71.333162, 42.159303 ], [ -71.331424, 42.15775 ], [ -71.334102, 42.156599 ], [ -71.334097, 42.153971 ], [ -71.344628, 42.146296 ], [ -71.348724, 42.140468 ], [ -71.358803, 42.134531 ], [ -71.36035, 42.134993 ], [ -71.362867, 42.132046 ], [ -71.36394, 42.13309 ], [ -71.366331, 42.131925 ], [ -71.366619, 42.133805 ], [ -71.3711, 42.133158 ], [ -71.375618, 42.135454 ], [ -71.402295, 42.178794 ], [ -71.404427, 42.188433 ] ] ] } },
{ "type": "Feature", "properties": { "Zip": "02032" }, "geometry": { "type": "Polygon", "coordinates": [ [ [ -71.235951, 42.158991 ], [ -71.22573, 42.16715 ], [ -71.213434, 42.168702 ], [ -71.202481, 42.160064 ], [ -71.194455, 42.149916 ], [ -71.215306, 42.140326 ], [ -71.2186, 42.14026 ], [ -71.217604, 42.142943 ], [ -71.226161, 42.147435 ], [ -71.229214, 42.14546 ], [ -71.23058, 42.145878 ], [ -71.229108, 42.154969 ], [ -71.23237, 42.15841 ], [ -71.235951, 42.158991 ] ] ] } },
{ "type": "Feature", "properties": { "Zip": "02474" }, "geometry": { "type": "Polygon", "coordinates": [ [ [ -71.190445, 42.427215 ], [ -71.182277, 42.436279 ], [ -71.149886, 42.43584 ], [ -71.146784, 42.425262 ], [ -71.142675, 42.421865 ], [ -71.14276, 42.419352 ], [ -71.138458, 42.415516 ], [ -71.132435, 42.415216 ], [ -71.132223, 42.409523 ], [ -71.134921, 42.402562 ], [ -71.143593, 42.397412 ], [ -71.162583, 42.404491 ], [ -71.163925, 42.405715 ], [ -71.15686, 42.403014 ], [ -71.154314, 42.407882 ], [ -71.148545, 42.406068 ], [ -71.149831, 42.410402 ], [ -71.153429, 42.411494 ], [ -71.151309, 42.412506 ], [ -71.154917, 42.416014 ], [ -71.154225, 42.417397 ], [ -71.168619, 42.42196 ], [ -71.17477, 42.425658 ], [ -71.184336, 42.424671 ], [ -71.190445, 42.427215 ] ] ] } },
{ "type": "Feature", "properties": { "Zip": "01720" }, "geometry": { "type": "Polygon", "coordinates": [ [ [ -71.498512, 42.46383 ], [ -71.473528, 42.500177 ], [ -71.443939, 42.509059 ], [ -71.435017, 42.52217 ], [ -71.428535, 42.528804 ], [ -71.423794, 42.526189 ], [ -71.399515, 42.534015 ], [ -71.391563, 42.50682 ], [ -71.384957, 42.504466 ], [ -71.387013, 42.501628 ], [ -71.392873, 42.4999 ], [ -71.38948, 42.498091 ], [ -71.390299, 42.497233 ], [ -71.39987, 42.492899 ], [ -71.393882, 42.491215 ], [ -71.430389, 42.436937 ], [ -71.498512, 42.46383 ] ], [ [ -71.433583, 42.521571 ], [ -71.430278, 42.516947 ], [ -71.427614, 42.518949 ], [ -71.425873, 42.523347 ], [ -71.429598, 42.525511 ], [ -71.430865, 42.524314 ], [ -71.432144, 42.524904 ], [ -71.433583, 42.521571 ] ] ] } },
{ "type": "Feature", "properties": { "Zip": "01754" }, "geometry": { "type": "Polygon", "coordinates": [ [ [ -71.478382, 42.437104 ], [ -71.464349, 42.4503 ], [ -71.430389, 42.436937 ], [ -71.442626, 42.406947 ], [ -71.469443, 42.402593 ], [ -71.474496, 42.422081 ], [ -71.469495, 42.424762 ], [ -71.474809, 42.423276 ], [ -71.478382, 42.437104 ] ] ] } },
{ "type": "Feature", "properties": { "Zip": "02452" }, "geometry": { "type": "Polygon", "coordinates": [ [ [ -71.242111, 42.381783 ], [ -71.241724, 42.383129 ], [ -71.236912, 42.383111 ], [ -71.239242, 42.389536 ], [ -71.237746, 42.392999 ], [ -71.241554, 42.395362 ], [ -71.241082, 42.39701 ], [ -71.23725, 42.396244 ], [ -71.234244, 42.399821 ], [ -71.234057, 42.402123 ], [ -71.236843, 42.402696 ], [ -71.23794, 42.405363 ], [ -71.236438, 42.407909 ], [ -71.2346, 42.407545 ], [ -71.232915, 42.413179 ], [ -71.202628, 42.403702 ], [ -71.199429, 42.39732 ], [ -71.196627, 42.395229 ], [ -71.197964, 42.392678 ], [ -71.19446, 42.386317 ], [ -71.226722, 42.376999 ], [ -71.230406, 42.377118 ], [ -71.231315, 42.37599 ], [ -71.231894, 42.376946 ], [ -71.232561, 42.375809 ], [ -71.238134, 42.37812 ], [ -71.236012, 42.379788 ], [ -71.236495, 42.381668 ], [ -71.242111, 42.381783 ] ] ] } },
{ "type": "Feature", "properties": { "Zip": "01801" }, "geometry": { "type": "Polygon", "coordinates": [ [ [ -71.206967, 42.463624 ], [ -71.188279, 42.479696 ], [ -71.18548, 42.479967 ], [ -71.186506, 42.48098 ], [ -71.181501, 42.483622 ], [ -71.168924, 42.487087 ], [ -71.170719, 42.489755 ], [ -71.168914, 42.490547 ], [ -71.168444, 42.498299 ], [ -71.170033, 42.515537 ], [ -71.132516, 42.531286 ], [ -71.133974, 42.527141 ], [ -71.122395, 42.504153 ], [ -71.11976, 42.500292 ], [ -71.11819, 42.500453 ], [ -71.112056, 42.47382 ], [ -71.123862, 42.473392 ], [ -71.15233, 42.463707 ], [ -71.156237, 42.456917 ], [ -71.163003, 42.460196 ], [ -71.189635, 42.44983 ], [ -71.206967, 42.463624 ] ] ] } },
{ "type": "Feature", "properties": { "Zip": "01752" }, "geometry": { "type": "Polygon", "coordinates": [ [ [ -71.625825, 42.349724 ], [ -71.610007, 42.357403 ], [ -71.603065, 42.367267 ], [ -71.475505, 42.380632 ], [ -71.483298, 42.35313 ], [ -71.486797, 42.330189 ], [ -71.508216, 42.327928 ], [ -71.516527, 42.330336 ], [ -71.551126, 42.326395 ], [ -71.569085, 42.320373 ], [ -71.58521, 42.310952 ], [ -71.597363, 42.321016 ], [ -71.605266, 42.33016 ], [ -71.603591, 42.331676 ], [ -71.604099, 42.336769 ], [ -71.61755, 42.341968 ], [ -71.625825, 42.349724 ] ] ] } },
{ "type": "Feature", "properties": { "Zip": "01864" }, "geometry": { "type": "Polygon", "coordinates": [ [ [ -71.136121, 42.552226 ], [ -71.130524, 42.58321 ], [ -71.135456, 42.599116 ], [ -71.076167, 42.604136 ], [ -71.058766, 42.609077 ], [ -71.059352, 42.606327 ], [ -71.033998, 42.585493 ], [ -71.028312, 42.574082 ], [ -71.03546, 42.570259 ], [ -71.036818, 42.571732 ], [ -71.039845, 42.57142 ], [ -71.04148, 42.573482 ], [ -71.044223, 42.5739 ], [ -71.049452, 42.571012 ], [ -71.051938, 42.572126 ], [ -71.052772, 42.571372 ], [ -71.0531, 42.573079 ], [ -71.057125, 42.574041 ], [ -71.064937, 42.562116 ], [ -71.070978, 42.555889 ], [ -71.08989, 42.558222 ], [ -71.103711, 42.564962 ], [ -71.104712, 42.566647 ], [ -71.110162, 42.561431 ], [ -71.113171, 42.560862 ], [ -71.11603, 42.561961 ], [ -71.12069, 42.560562 ], [ -71.12609, 42.556873 ], [ -71.126926, 42.554154 ], [ -71.129242, 42.554735 ], [ -71.131227, 42.552667 ], [ -71.131974, 42.553416 ], [ -71.136121, 42.552226 ] ] ] } },
{ "type": "Feature", "properties": { "Zip": "02739" }, "geometry": { "type": "Polygon", "coordinates": [ [ [ -70.865003, 41.700164 ], [ -70.843078, 41.701625 ], [ -70.843458, 41.705344 ], [ -70.799073, 41.710109 ], [ -70.802937, 41.687082 ], [ -70.786075, 41.674431 ], [ -70.762947, 41.677596 ], [ -70.750847, 41.669591 ], [ -70.759274, 41.662542 ], [ -70.757721, 41.661007 ], [ -70.756486, 41.652941 ], [ -70.763338, 41.648562 ], [ -70.765848, 41.644207 ], [ -70.765254, 41.641417 ], [ -70.769318, 41.641145 ], [ -70.778897, 41.651607 ], [ -70.787785, 41.65216 ], [ -70.803535, 41.639883 ], [ -70.800319, 41.631781 ], [ -70.804663, 41.62681 ], [ -70.818583, 41.623257 ], [ -70.827384, 41.611683 ], [ -70.839175, 41.614761 ], [ -70.843526, 41.628656 ], [ -70.845242, 41.644665 ], [ -70.865003, 41.700164 ] ] ] } },
{ "type": "Feature", "properties": { "Zip": "02132" }, "geometry": { "type": "Polygon", "coordinates": [ [ [ -71.191234, 42.283002 ], [ -71.178636, 42.294595 ], [ -71.173927, 42.294358 ], [ -71.173486, 42.296217 ], [ -71.168605, 42.297799 ], [ -71.169786, 42.300244 ], [ -71.16067, 42.294435 ], [ -71.15648, 42.295842 ], [ -71.152113, 42.294588 ], [ -71.14792, 42.296749 ], [ -71.138084, 42.295852 ], [ -71.135261, 42.296907 ], [ -71.135768, 42.298028 ], [ -71.128948, 42.299156 ], [ -71.144784, 42.288193 ], [ -71.145205, 42.286544 ], [ -71.147752, 42.286563 ], [ -71.145173, 42.286038 ], [ -71.147662, 42.285043 ], [ -71.147401, 42.283893 ], [ -71.140928, 42.276916 ], [ -71.140629, 42.269454 ], [ -71.137994, 42.265499 ], [ -71.151329, 42.258812 ], [ -71.149359, 42.258153 ], [ -71.149982, 42.257299 ], [ -71.152312, 42.258336 ], [ -71.158584, 42.255155 ], [ -71.174317, 42.267179 ], [ -71.172953, 42.270298 ], [ -71.174764, 42.275842 ], [ -71.177461, 42.276868 ], [ -71.183048, 42.275853 ], [ -71.185357, 42.279591 ], [ -71.191234, 42.283002 ] ] ] } },
{ "type": "Feature", "properties": { "Zip": "01921" }, "geometry": { "type": "Polygon", "coordinates": [ [ [ -71.108632, 42.735281 ], [ -71.097834, 42.73522 ], [ -71.092467, 42.737 ], [ -71.08191, 42.736685 ], [ -71.07406, 42.734486 ], [ -71.072111, 42.732668 ], [ -71.058883, 42.732463 ], [ -71.031619, 42.718038 ], [ -71.023627, 42.701594 ], [ -71.004857, 42.701363 ], [ -70.995766, 42.699624 ], [ -70.991946, 42.70084 ], [ -70.991611, 42.699467 ], [ -70.98495, 42.69726 ], [ -70.981392, 42.697921 ], [ -70.948594, 42.680667 ], [ -70.964455, 42.674825 ], [ -70.965341, 42.671867 ], [ -70.968982, 42.673196 ], [ -70.960359, 42.649078 ], [ -70.97552, 42.642188 ], [ -70.97637, 42.640714 ], [ -70.973336, 42.636752 ], [ -70.975251, 42.634373 ], [ -70.974081, 42.630895 ], [ -70.968113, 42.62688 ], [ -70.969054, 42.625134 ], [ -70.976401, 42.623461 ], [ -70.976896, 42.620701 ], [ -70.985348, 42.621718 ], [ -71.02231, 42.641636 ], [ -71.040519, 42.672688 ], [ -71.090594, 42.718699 ], [ -71.09175, 42.718122 ], [ -71.09531, 42.722057 ], [ -71.091998, 42.725073 ], [ -71.093668, 42.726742 ], [ -71.096463, 42.724097 ], [ -71.108632, 42.735281 ] ] ] } },
{ "type": "Feature", "properties": { "Zip": "01966" }, "geometry": { "type": "Polygon", "coordinates": [ [ [ -70.6438, 42.666074 ], [ -70.640404, 42.687581 ], [ -70.634482, 42.691818 ], [ -70.630335, 42.69303 ], [ -70.62722, 42.692435 ], [ -70.625728, 42.688494 ], [ -70.623652, 42.687807 ], [ -70.620444, 42.688924 ], [ -70.619196, 42.687528 ], [ -70.620305, 42.683343 ], [ -70.622638, 42.68127 ], [ -70.620165, 42.674984 ], [ -70.621695, 42.667884 ], [ -70.620229, 42.666459 ], [ -70.621712, 42.665533 ], [ -70.602565, 42.661916 ], [ -70.585915, 42.664439 ], [ -70.585246, 42.660808 ], [ -70.593445, 42.655578 ], [ -70.593947, 42.652933 ], [ -70.590015, 42.649179 ], [ -70.591102, 42.64235 ], [ -70.587003, 42.63712 ], [ -70.583991, 42.63632 ], [ -70.574118, 42.641427 ], [ -70.57211, 42.640996 ], [ -70.570939, 42.638842 ], [ -70.573281, 42.633797 ], [ -70.575289, 42.63232 ], [ -70.579473, 42.632382 ], [ -70.586752, 42.635704 ], [ -70.592357, 42.635397 ], [ -70.594279, 42.632381 ], [ -70.58692, 42.630659 ], [ -70.586669, 42.62629 ], [ -70.588258, 42.625367 ], [ -70.593359, 42.626721 ], [ -70.598628, 42.632689 ], [ -70.600802, 42.63312 ], [ -70.606739, 42.631951 ], [ -70.617279, 42.625792 ], [ -70.643081, 42.634624 ], [ -70.6438, 42.666074 ] ] ] } },
{ "type": "Feature", "properties": { "Zip": "01005" }, "geometry": { "type": "Polygon", "coordinates": [ [ [ -72.20515, 42.417679 ], [ -72.099688, 42.484523 ], [ -72.007388, 42.421029 ], [ -72.070854, 42.381986 ], [ -72.093441, 42.389676 ], [ -72.098452, 42.387466 ], [ -72.097592, 42.385821 ], [ -72.101431, 42.38635 ], [ -72.102302, 42.383225 ], [ -72.111209, 42.381763 ], [ -72.113792, 42.380248 ], [ -72.105169, 42.378713 ], [ -72.099618, 42.381077 ], [ -72.098748, 42.384321 ], [ -72.097807, 42.381957 ], [ -72.102296, 42.379068 ], [ -72.1078, 42.377415 ], [ -72.102571, 42.378334 ], [ -72.096241, 42.373571 ], [ -72.090141, 42.376158 ], [ -72.085532, 42.372959 ], [ -72.112467, 42.356423 ], [ -72.20515, 42.417679 ] ] ] } },
{ "type": "Feature", "properties": { "Zip": "01740" }, "geometry": { "type": "Polygon", "coordinates": [ [ [ -71.660633, 42.418232 ], [ -71.642426, 42.479503 ], [ -71.548903, 42.447308 ], [ -71.5591, 42.411943 ], [ -71.58526, 42.407097 ], [ -71.604251, 42.397703 ], [ -71.630418, 42.409537 ], [ -71.660633, 42.418232 ] ] ] } },
{ "type": "Feature", "properties": { "Zip": "01007" }, "geometry": { "type": "Polygon", "coordinates": [ [ [ -72.472016, 42.351509 ], [ -72.409417, 42.358762 ], [ -72.408408, 42.353108 ], [ -72.403053, 42.351546 ], [ -72.398507, 42.365402 ], [ -72.399716, 42.373569 ], [ -72.396731, 42.373353 ], [ -72.391096, 42.372183 ], [ -72.388673, 42.367039 ], [ -72.387559, 42.356361 ], [ -72.385453, 42.352298 ], [ -72.378669, 42.346316 ], [ -72.373581, 42.344829 ], [ -72.370728, 42.34064 ], [ -72.353988, 42.340068 ], [ -72.352927, 42.336277 ], [ -72.351045, 42.335166 ], [ -72.352763, 42.331815 ], [ -72.351128, 42.329563 ], [ -72.353594, 42.327692 ], [ -72.351178, 42.324884 ], [ -72.354273, 42.323856 ], [ -72.353002, 42.321252 ], [ -72.355204, 42.319331 ], [ -72.354527, 42.315837 ], [ -72.356928, 42.313033 ], [ -72.35638, 42.311009 ], [ -72.360632, 42.307654 ], [ -72.356675, 42.303429 ], [ -72.353754, 42.302547 ], [ -72.354723, 42.299198 ], [ -72.350766, 42.298435 ], [ -72.352635, 42.295734 ], [ -72.348631, 42.294586 ], [ -72.35068, 42.28468 ], [ -72.339443, 42.280878 ], [ -72.338258, 42.274189 ], [ -72.333071, 42.272853 ], [ -72.33154, 42.270892 ], [ -72.334513, 42.266052 ], [ -72.33378, 42.262655 ], [ -72.337375, 42.261683 ], [ -72.336712, 42.259395 ], [ -72.3385, 42.258676 ], [ -72.336407, 42.257684 ], [ -72.333542, 42.245591 ], [ -72.335206, 42.244447 ], [ -72.334786, 42.241309 ], [ -72.332948, 42.237092 ], [ -72.334016, 42.229321 ], [ -72.337075, 42.223412 ], [ -72.335447, 42.22203 ], [ -72.336021, 42.219927 ], [ -72.342962, 42.218854 ], [ -72.346124, 42.216217 ], [ -72.346782, 42.21043 ], [ -72.349568, 42.210178 ], [ -72.352323, 42.207014 ], [ -72.35655, 42.209246 ], [ -72.360518, 42.205413 ], [ -72.363292, 42.206029 ], [ -72.361991, 42.207328 ], [ -72.364888, 42.207021 ], [ -72.362517, 42.19904 ], [ -72.363852, 42.197301 ], [ -72.359859, 42.196321 ], [ -72.359282, 42.194335 ], [ -72.361561, 42.194549 ], [ -72.361667, 42.193485 ], [ -72.360473, 42.190333 ], [ -72.358109, 42.189816 ], [ -72.395478, 42.185737 ], [ -72.403947, 42.231847 ], [ -72.44712, 42.227254 ], [ -72.472016, 42.351509 ] ] ] } },
{ "type": "Feature", "properties": { "Zip": "01775" }, "geometry": { "type": "Polygon", "coordinates": [ [ [ -71.5591, 42.411943 ], [ -71.543394, 42.466452 ], [ -71.498546, 42.463775 ], [ -71.464349, 42.4503 ], [ -71.478382, 42.437104 ], [ -71.474809, 42.423276 ], [ -71.469495, 42.424762 ], [ -71.474496, 42.422081 ], [ -71.469443, 42.402593 ], [ -71.472678, 42.390025 ], [ -71.486116, 42.393271 ], [ -71.487738, 42.394968 ], [ -71.486949, 42.396024 ], [ -71.500452, 42.395421 ], [ -71.503457, 42.397463 ], [ -71.517924, 42.398154 ], [ -71.526822, 42.396065 ], [ -71.528049, 42.401524 ], [ -71.5591, 42.411943 ] ] ] } },
{ "type": "Feature", "properties": { "Zip": "01745" }, "geometry": { "type": "Polygon", "coordinates": [ [ [ -71.507597, 42.294278 ], [ -71.507312, 42.297888 ], [ -71.503782, 42.296524 ], [ -71.497955, 42.296889 ], [ -71.499073, 42.295879 ], [ -71.493346, 42.296964 ], [ -71.499575, 42.284992 ], [ -71.504584, 42.283588 ], [ -71.505378, 42.294591 ], [ -71.507597, 42.294278 ] ] ] } },
{ "type": "Feature", "properties": { "Zip": "01841" }, "geometry": { "type": "Polygon", "coordinates": [ [ [ -71.191212, 42.71057 ], [ -71.171152, 42.723005 ], [ -71.134198, 42.721505 ], [ -71.133618, 42.711435 ], [ -71.136875, 42.706802 ], [ -71.145902, 42.705491 ], [ -71.151402, 42.708944 ], [ -71.151171, 42.710818 ], [ -71.152848, 42.711607 ], [ -71.168123, 42.710438 ], [ -71.173406, 42.707505 ], [ -71.166707, 42.702838 ], [ -71.166478, 42.70048 ], [ -71.177608, 42.693025 ], [ -71.188862, 42.696268 ], [ -71.191212, 42.71057 ] ] ] } },
{ "type": "Feature", "properties": { "Zip": "01852" }, "geometry": { "type": "Polygon", "coordinates": [ [ [ -71.320025, 42.616713 ], [ -71.318696, 42.618128 ], [ -71.31877, 42.627325 ], [ -71.312679, 42.632726 ], [ -71.317841, 42.640015 ], [ -71.314798, 42.64352 ], [ -71.316379, 42.64429 ], [ -71.313254, 42.646505 ], [ -71.313113, 42.648224 ], [ -71.315899, 42.648897 ], [ -71.312395, 42.652375 ], [ -71.305033, 42.648055 ], [ -71.292447, 42.644567 ], [ -71.286868, 42.647366 ], [ -71.280406, 42.65412 ], [ -71.275154, 42.656216 ], [ -71.271188, 42.644242 ], [ -71.277791, 42.620847 ], [ -71.283303, 42.615243 ], [ -71.296319, 42.612667 ], [ -71.296205, 42.614683 ], [ -71.318049, 42.613751 ], [ -71.320025, 42.616713 ] ] ] } },
{ "type": "Feature", "properties": { "Zip": "01701" }, "geometry": { "type": "Polygon", "coordinates": [ [ [ -71.493321, 42.297013 ], [ -71.485948, 42.311228 ], [ -71.485109, 42.323164 ], [ -71.486804, 42.330217 ], [ -71.483298, 42.35313 ], [ -71.396717, 42.341045 ], [ -71.394876, 42.335749 ], [ -71.388609, 42.33737 ], [ -71.381757, 42.328469 ], [ -71.377687, 42.314669 ], [ -71.387522, 42.302069 ], [ -71.393183, 42.298773 ], [ -71.418911, 42.297709 ], [ -71.437312, 42.300344 ], [ -71.449946, 42.298281 ], [ -71.457707, 42.294308 ], [ -71.464435, 42.295788 ], [ -71.469975, 42.299489 ], [ -71.475356, 42.298824 ], [ -71.478385, 42.296875 ], [ -71.493321, 42.297013 ] ] ] } },
{ "type": "Feature", "properties": { "Zip": "02188" }, "geometry": { "type": "Polygon", "coordinates": [ [ [ -70.973636, 42.18719 ], [ -70.968066, 42.22169 ], [ -70.960891, 42.226899 ], [ -70.960491, 42.235099 ], [ -70.954282, 42.236715 ], [ -70.952125, 42.232556 ], [ -70.950517, 42.232461 ], [ -70.950956, 42.231097 ], [ -70.948247, 42.230694 ], [ -70.949877, 42.228114 ], [ -70.947667, 42.223031 ], [ -70.943093, 42.22069 ], [ -70.93894, 42.22234 ], [ -70.93701, 42.21935 ], [ -70.94578, 42.212885 ], [ -70.943968, 42.209686 ], [ -70.94596, 42.20887 ], [ -70.94557, 42.201446 ], [ -70.94345, 42.20059 ], [ -70.9437, 42.19891 ], [ -70.947433, 42.194239 ], [ -70.94999, 42.193189 ], [ -70.932793, 42.187827 ], [ -70.944418, 42.189954 ], [ -70.946414, 42.184768 ], [ -70.95064, 42.185784 ], [ -70.952444, 42.187553 ], [ -70.951905, 42.190307 ], [ -70.953249, 42.190213 ], [ -70.952552, 42.193505 ], [ -70.950699, 42.193058 ], [ -70.956411, 42.194701 ], [ -70.960474, 42.19141 ], [ -70.960899, 42.187778 ], [ -70.958723, 42.187216 ], [ -70.959633, 42.185268 ], [ -70.962557, 42.185497 ], [ -70.96181, 42.182097 ], [ -70.963429, 42.178357 ], [ -70.966267, 42.178807 ], [ -70.973636, 42.18719 ] ] ] } },
{ "type": "Feature", "properties": { "Zip": "02053" }, "geometry": { "type": "Polygon", "coordinates": [ [ [ -71.478521, 42.13154 ], [ -71.478119, 42.156782 ], [ -71.464005, 42.158199 ], [ -71.444067, 42.174889 ], [ -71.430174, 42.179386 ], [ -71.42373, 42.179253 ], [ -71.42355, 42.178131 ], [ -71.402295, 42.178794 ], [ -71.375618, 42.135454 ], [ -71.379584, 42.13576 ], [ -71.379218, 42.133441 ], [ -71.381101, 42.132866 ], [ -71.383345, 42.133572 ], [ -71.382096, 42.135547 ], [ -71.397103, 42.137323 ], [ -71.402456, 42.139539 ], [ -71.408816, 42.134213 ], [ -71.412957, 42.133587 ], [ -71.415833, 42.135634 ], [ -71.415098, 42.138259 ], [ -71.418845, 42.136402 ], [ -71.420535, 42.137541 ], [ -71.419221, 42.138968 ], [ -71.427852, 42.138108 ], [ -71.430229, 42.139012 ], [ -71.433797, 42.135161 ], [ -71.434745, 42.13559 ], [ -71.434572, 42.134327 ], [ -71.442693, 42.135784 ], [ -71.478521, 42.13154 ] ] ] } },
{ "type": "Feature", "properties": { "Zip": "02038" }, "geometry": { "type": "Polygon", "coordinates": [ [ [ -71.455902, 42.034914 ], [ -71.455274, 42.072753 ], [ -71.453698, 42.072621 ], [ -71.44659, 42.102137 ], [ -71.441678, 42.131886 ], [ -71.442886, 42.134076 ], [ -71.440164, 42.135271 ], [ -71.434491, 42.134354 ], [ -71.434745, 42.13559 ], [ -71.429781, 42.139023 ], [ -71.427852, 42.138108 ], [ -71.419221, 42.138968 ], [ -71.420535, 42.137541 ], [ -71.418845, 42.136402 ], [ -71.414981, 42.138222 ], [ -71.415833, 42.135634 ], [ -71.412957, 42.133587 ], [ -71.408816, 42.134213 ], [ -71.402456, 42.139539 ], [ -71.397103, 42.137323 ], [ -71.382096, 42.135547 ], [ -71.383335, 42.133556 ], [ -71.380448, 42.133127 ], [ -71.380105, 42.132722 ], [ -71.382171, 42.129646 ], [ -71.367718, 42.107263 ], [ -71.359272, 42.089521 ], [ -71.365315, 42.076195 ], [ -71.388004, 42.041354 ], [ -71.455902, 42.034914 ] ] ] } },
{ "type": "Feature", "properties": { "Zip": "02468" }, "geometry": { "type": "Polygon", "coordinates": [ [ [ -71.250586, 42.328959 ], [ -71.240725, 42.331613 ], [ -71.238108, 42.330313 ], [ -71.233769, 42.338461 ], [ -71.23133, 42.337796 ], [ -71.231167, 42.336012 ], [ -71.230436, 42.337548 ], [ -71.228745, 42.337056 ], [ -71.228751, 42.335471 ], [ -71.226841, 42.33647 ], [ -71.222786, 42.335426 ], [ -71.219318, 42.337537 ], [ -71.21708, 42.337037 ], [ -71.218332, 42.333202 ], [ -71.21408, 42.331064 ], [ -71.218062, 42.330646 ], [ -71.216999, 42.328277 ], [ -71.218567, 42.325119 ], [ -71.217222, 42.324579 ], [ -71.221631, 42.321318 ], [ -71.219501, 42.32035 ], [ -71.222619, 42.318992 ], [ -71.225516, 42.319563 ], [ -71.224876, 42.317831 ], [ -71.227868, 42.316845 ], [ -71.228358, 42.319006 ], [ -71.231457, 42.320923 ], [ -71.247038, 42.321169 ], [ -71.250586, 42.328959 ] ] ] } },
{ "type": "Feature", "properties": { "Zip": "02461" }, "geometry": { "type": "Polygon", "coordinates": [ [ [ -71.222774, 42.318892 ], [ -71.219501, 42.32035 ], [ -71.221631, 42.321318 ], [ -71.217222, 42.324579 ], [ -71.218567, 42.325119 ], [ -71.216999, 42.328277 ], [ -71.218062, 42.330646 ], [ -71.21408, 42.331064 ], [ -71.214698, 42.332059 ], [ -71.212693, 42.332937 ], [ -71.207782, 42.333272 ], [ -71.207015, 42.330824 ], [ -71.205319, 42.330712 ], [ -71.206173, 42.327839 ], [ -71.203343, 42.327004 ], [ -71.202073, 42.324578 ], [ -71.199704, 42.324852 ], [ -71.202843, 42.321832 ], [ -71.197993, 42.3192 ], [ -71.202011, 42.319177 ], [ -71.198764, 42.319103 ], [ -71.198783, 42.317611 ], [ -71.195547, 42.316211 ], [ -71.199466, 42.312732 ], [ -71.202071, 42.312264 ], [ -71.203469, 42.307042 ], [ -71.205714, 42.306491 ], [ -71.200723, 42.302802 ], [ -71.205455, 42.30448 ], [ -71.205044, 42.300659 ], [ -71.202821, 42.297942 ], [ -71.207881, 42.297157 ], [ -71.211779, 42.300062 ], [ -71.211235, 42.302882 ], [ -71.212945, 42.305949 ], [ -71.217017, 42.306564 ], [ -71.216071, 42.307571 ], [ -71.212698, 42.306431 ], [ -71.211403, 42.310868 ], [ -71.216384, 42.311672 ], [ -71.209085, 42.318814 ], [ -71.213139, 42.317706 ], [ -71.215495, 42.314533 ], [ -71.216956, 42.318163 ], [ -71.215314, 42.318377 ], [ -71.219177, 42.318399 ], [ -71.21955, 42.319824 ], [ -71.222774, 42.318892 ] ], [ [ -71.211436, 42.314078 ], [ -71.212142, 42.311835 ], [ -71.210584, 42.313838 ], [ -71.211436, 42.314078 ] ] ] } },
{ "type": "Feature", "properties": { "Zip": "01776" }, "geometry": { "type": "Polygon", "coordinates": [ [ [ -71.483294, 42.353146 ], [ -71.469443, 42.402593 ], [ -71.442626, 42.406947 ], [ -71.430389, 42.436937 ], [ -71.36634, 42.41272 ], [ -71.367519, 42.410702 ], [ -71.374741, 42.407147 ], [ -71.373771, 42.405643 ], [ -71.368145, 42.404029 ], [ -71.370076, 42.400871 ], [ -71.367228, 42.400196 ], [ -71.369916, 42.39829 ], [ -71.362005, 42.396181 ], [ -71.361833, 42.392252 ], [ -71.364836, 42.392172 ], [ -71.365193, 42.389541 ], [ -71.368701, 42.389966 ], [ -71.370395, 42.3885 ], [ -71.372443, 42.389339 ], [ -71.373004, 42.387125 ], [ -71.374989, 42.388727 ], [ -71.377344, 42.387774 ], [ -71.378576, 42.38461 ], [ -71.383773, 42.380749 ], [ -71.383484, 42.376612 ], [ -71.387814, 42.375278 ], [ -71.386603, 42.37307 ], [ -71.388781, 42.371481 ], [ -71.387419, 42.369953 ], [ -71.390116, 42.367859 ], [ -71.391162, 42.363062 ], [ -71.372941, 42.362935 ], [ -71.383197, 42.358443 ], [ -71.385818, 42.359968 ], [ -71.38597, 42.358952 ], [ -71.391214, 42.357952 ], [ -71.387681, 42.344693 ], [ -71.39169, 42.34519 ], [ -71.397982, 42.343215 ], [ -71.396717, 42.341045 ], [ -71.483294, 42.353146 ] ] ] } },
{ "type": "Feature", "properties": { "Zip": "02458" }, "geometry": { "type": "Polygon", "coordinates": [ [ [ -71.207316, 42.351637 ], [ -71.202361, 42.355435 ], [ -71.203574, 42.356017 ], [ -71.202211, 42.357509 ], [ -71.20632, 42.360526 ], [ -71.202683, 42.362227 ], [ -71.204486, 42.365785 ], [ -71.198323, 42.367402 ], [ -71.195422, 42.367825 ], [ -71.192215, 42.365424 ], [ -71.196298, 42.361802 ], [ -71.19414, 42.360925 ], [ -71.18368, 42.358829 ], [ -71.182126, 42.360681 ], [ -71.175272, 42.359272 ], [ -71.167625, 42.360073 ], [ -71.173916, 42.353465 ], [ -71.17485, 42.350337 ], [ -71.170003, 42.344252 ], [ -71.170368, 42.342564 ], [ -71.176649, 42.342187 ], [ -71.177456, 42.341086 ], [ -71.182415, 42.34187 ], [ -71.183452, 42.340418 ], [ -71.190119, 42.340692 ], [ -71.192248, 42.341446 ], [ -71.190389, 42.344082 ], [ -71.194105, 42.344827 ], [ -71.197066, 42.343516 ], [ -71.198068, 42.347697 ], [ -71.196216, 42.350411 ], [ -71.196806, 42.353808 ], [ -71.207316, 42.351637 ] ] ] } },
{ "type": "Feature", "properties": { "Zip": "01730" }, "geometry": { "type": "Polygon", "coordinates": [ [ [ -71.321235, 42.480637 ], [ -71.32077, 42.482256 ], [ -71.316987, 42.484181 ], [ -71.319644, 42.486933 ], [ -71.317708, 42.504796 ], [ -71.316093, 42.50763 ], [ -71.30633, 42.514393 ], [ -71.306699, 42.520593 ], [ -71.303739, 42.519926 ], [ -71.278107, 42.526713 ], [ -71.264098, 42.524081 ], [ -71.256396, 42.523992 ], [ -71.254572, 42.522593 ], [ -71.250142, 42.52573 ], [ -71.242576, 42.51994 ], [ -71.241593, 42.520798 ], [ -71.240851, 42.520291 ], [ -71.245225, 42.517933 ], [ -71.24143, 42.514858 ], [ -71.238927, 42.516759 ], [ -71.236924, 42.511491 ], [ -71.232694, 42.507713 ], [ -71.229573, 42.501792 ], [ -71.234292, 42.501762 ], [ -71.240906, 42.490013 ], [ -71.251986, 42.485015 ], [ -71.256596, 42.478499 ], [ -71.261515, 42.476246 ], [ -71.264787, 42.471408 ], [ -71.265726, 42.472597 ], [ -71.266049, 42.471584 ], [ -71.278641, 42.472639 ], [ -71.278869, 42.474244 ], [ -71.281453, 42.47523 ], [ -71.283027, 42.473354 ], [ -71.284286, 42.474423 ], [ -71.282432, 42.476156 ], [ -71.284169, 42.477339 ], [ -71.287721, 42.475031 ], [ -71.289185, 42.476474 ], [ -71.292217, 42.476066 ], [ -71.293855, 42.477239 ], [ -71.295544, 42.47599 ], [ -71.301643, 42.476412 ], [ -71.303804, 42.47444 ], [ -71.306552, 42.474427 ], [ -71.309465, 42.476404 ], [ -71.313768, 42.474182 ], [ -71.321235, 42.480637 ] ] ] } },
{ "type": "Feature", "properties": { "Zip": "02180" }, "geometry": { "type": "Polygon", "coordinates": [ [ [ -71.119294, 42.45367 ], [ -71.109521, 42.473895 ], [ -71.112056, 42.47382 ], [ -71.11819, 42.500453 ], [ -71.100727, 42.502242 ], [ -71.090115, 42.501261 ], [ -71.085502, 42.492258 ], [ -71.07524, 42.488008 ], [ -71.082116, 42.44394 ], [ -71.104867, 42.448879 ], [ -71.119294, 42.45367 ] ] ] } },
{ "type": "Feature", "properties": { "Zip": "02493" }, "geometry": { "type": "Polygon", "coordinates": [ [ [ -71.335845, 42.393997 ], [ -71.334569, 42.396114 ], [ -71.317749, 42.392169 ], [ -71.314613, 42.393217 ], [ -71.309941, 42.399633 ], [ -71.293379, 42.402241 ], [ -71.279583, 42.398752 ], [ -71.276172, 42.392916 ], [ -71.267761, 42.390141 ], [ -71.276517, 42.374965 ], [ -71.273623, 42.373736 ], [ -71.270232, 42.368358 ], [ -71.273423, 42.365236 ], [ -71.269308, 42.362637 ], [ -71.268917, 42.359881 ], [ -71.264922, 42.355241 ], [ -71.260385, 42.353633 ], [ -71.259145, 42.351724 ], [ -71.258624, 42.349361 ], [ -71.260306, 42.348194 ], [ -71.261706, 42.341528 ], [ -71.255661, 42.339555 ], [ -71.259933, 42.334825 ], [ -71.264415, 42.334473 ], [ -71.265666, 42.331273 ], [ -71.270246, 42.33098 ], [ -71.269958, 42.328086 ], [ -71.327327, 42.313746 ], [ -71.335845, 42.393997 ] ] ] } },
{ "type": "Feature", "properties": { "Zip": "01863" }, "geometry": { "type": "Polygon", "coordinates": [ [ [ -71.417642, 42.653774 ], [ -71.411978, 42.647974 ], [ -71.404028, 42.648406 ], [ -71.39889, 42.644949 ], [ -71.40211, 42.651603 ], [ -71.398995, 42.652467 ], [ -71.394341, 42.648474 ], [ -71.384937, 42.64961 ], [ -71.380687, 42.648914 ], [ -71.374521, 42.639548 ], [ -71.369495, 42.637583 ], [ -71.364738, 42.637598 ], [ -71.359943, 42.625972 ], [ -71.365323, 42.622122 ], [ -71.379662, 42.625214 ], [ -71.380129, 42.620157 ], [ -71.386225, 42.620096 ], [ -71.384242, 42.619889 ], [ -71.382967, 42.617864 ], [ -71.391336, 42.614863 ], [ -71.392062, 42.616667 ], [ -71.39726, 42.613027 ], [ -71.405401, 42.610393 ], [ -71.417642, 42.653774 ] ] ] } },
{ "type": "Feature", "properties": { "Zip": "01450" }, "geometry": { "type": "Polygon", "coordinates": [ [ [ -71.660464, 42.635135 ], [ -71.65793, 42.649944 ], [ -71.64074, 42.639266 ], [ -71.61418, 42.628498 ], [ -71.608056, 42.62738 ], [ -71.605621, 42.631026 ], [ -71.600309, 42.625972 ], [ -71.593623, 42.626247 ], [ -71.593208, 42.629054 ], [ -71.587874, 42.631153 ], [ -71.589216, 42.632915 ], [ -71.592958, 42.633122 ], [ -71.591248, 42.635502 ], [ -71.592363, 42.636964 ], [ -71.588055, 42.637832 ], [ -71.586731, 42.646269 ], [ -71.584473, 42.64642 ], [ -71.582081, 42.644344 ], [ -71.57985, 42.647911 ], [ -71.579296, 42.654301 ], [ -71.537136, 42.663495 ], [ -71.534296, 42.648362 ], [ -71.514969, 42.643623 ], [ -71.496484, 42.649802 ], [ -71.498593, 42.638792 ], [ -71.493528, 42.617404 ], [ -71.498006, 42.576862 ], [ -71.503037, 42.575468 ], [ -71.511459, 42.569386 ], [ -71.601036, 42.583024 ], [ -71.60309, 42.582021 ], [ -71.606738, 42.583203 ], [ -71.610563, 42.581006 ], [ -71.610526, 42.582563 ], [ -71.61348, 42.581561 ], [ -71.614895, 42.584057 ], [ -71.613832, 42.585439 ], [ -71.617898, 42.58635 ], [ -71.619303, 42.585521 ], [ -71.618912, 42.587625 ], [ -71.623273, 42.589895 ], [ -71.623525, 42.593034 ], [ -71.626176, 42.59376 ], [ -71.62619, 42.598404 ], [ -71.62838, 42.600352 ], [ -71.627537, 42.603123 ], [ -71.629485, 42.602545 ], [ -71.630077, 42.607107 ], [ -71.634804, 42.609272 ], [ -71.633844, 42.612518 ], [ -71.642322, 42.614611 ], [ -71.64467, 42.618104 ], [ -71.643674, 42.620912 ], [ -71.645196, 42.621592 ], [ -71.644191, 42.62246 ], [ -71.646038, 42.623489 ], [ -71.645807, 42.62564 ], [ -71.64714, 42.626575 ], [ -71.647935, 42.624904 ], [ -71.650997, 42.629846 ], [ -71.660464, 42.635135 ] ] ] } },
{ "type": "Feature", "properties": { "Zip": "02367" }, "geometry": { "type": "Polygon", "coordinates": [ [ [ -70.862998, 41.956848 ], [ -70.822885, 41.984503 ], [ -70.818698, 41.996724 ], [ -70.806495, 42.010333 ], [ -70.807925, 42.012209 ], [ -70.799329, 42.013613 ], [ -70.787478, 41.97836 ], [ -70.765531, 41.966986 ], [ -70.758692, 41.947507 ], [ -70.771717, 41.946147 ], [ -70.829827, 41.927699 ], [ -70.862998, 41.956848 ] ] ] } },
{ "type": "Feature", "properties": { "Zip": "02019" }, "geometry": { "type": "Polygon", "coordinates": [ [ [ -71.503078, 42.110459 ], [ -71.500384, 42.112695 ], [ -71.501428, 42.116652 ], [ -71.478522, 42.131378 ], [ -71.442941, 42.135762 ], [ -71.441426, 42.134829 ], [ -71.442886, 42.134076 ], [ -71.441678, 42.131886 ], [ -71.44659, 42.102137 ], [ -71.453698, 42.072621 ], [ -71.455274, 42.072753 ], [ -71.454754, 42.044117 ], [ -71.458104, 42.017798 ], [ -71.498259, 42.017272 ], [ -71.49824, 42.091412 ], [ -71.495282, 42.099958 ], [ -71.496703, 42.10225 ], [ -71.499512, 42.103049 ], [ -71.503078, 42.110459 ] ] ] } },
{ "type": "Feature", "properties": { "Zip": "02061" }, "geometry": { "type": "Polygon", "coordinates": [ [ [ -70.890291, 42.171736 ], [ -70.870248, 42.182471 ], [ -70.838864, 42.194806 ], [ -70.813502, 42.195372 ], [ -70.777864, 42.183854 ], [ -70.752394, 42.163937 ], [ -70.754319, 42.162992 ], [ -70.755689, 42.159207 ], [ -70.759734, 42.159446 ], [ -70.762231, 42.156898 ], [ -70.765311, 42.158753 ], [ -70.768863, 42.153996 ], [ -70.782311, 42.15618 ], [ -70.782783, 42.150584 ], [ -70.785415, 42.149746 ], [ -70.787836, 42.1451 ], [ -70.783222, 42.142209 ], [ -70.782864, 42.139004 ], [ -70.780624, 42.137163 ], [ -70.781494, 42.134872 ], [ -70.779932, 42.131977 ], [ -70.782282, 42.130383 ], [ -70.779242, 42.129634 ], [ -70.777897, 42.124923 ], [ -70.779481, 42.121778 ], [ -70.77737, 42.120626 ], [ -70.776624, 42.117178 ], [ -70.779003, 42.115586 ], [ -70.782603, 42.11665 ], [ -70.783007, 42.112006 ], [ -70.788332, 42.111604 ], [ -70.788437, 42.110016 ], [ -70.790234, 42.110618 ], [ -70.789963, 42.108763 ], [ -70.79228, 42.108675 ], [ -70.789302, 42.106692 ], [ -70.792276, 42.106117 ], [ -70.798438, 42.112386 ], [ -70.800978, 42.109631 ], [ -70.80385, 42.111477 ], [ -70.804983, 42.114401 ], [ -70.808782, 42.114708 ], [ -70.810148, 42.117956 ], [ -70.808208, 42.120178 ], [ -70.809036, 42.124415 ], [ -70.81601, 42.128554 ], [ -70.81664, 42.131573 ], [ -70.82114, 42.133199 ], [ -70.826111, 42.131878 ], [ -70.830482, 42.132387 ], [ -70.834709, 42.13444 ], [ -70.833894, 42.13689 ], [ -70.836995, 42.141294 ], [ -70.837467, 42.145457 ], [ -70.844989, 42.153594 ], [ -70.847246, 42.158308 ], [ -70.884311, 42.153719 ], [ -70.890291, 42.171736 ] ] ] } },
{ "type": "Feature", "properties": { "Zip": "02351" }, "geometry": { "type": "Polygon", "coordinates": [ [ [ -71.002152, 42.127304 ], [ -70.940768, 42.151365 ], [ -70.931487, 42.116549 ], [ -70.915908, 42.100123 ], [ -70.946838, 42.094534 ], [ -70.975411, 42.087467 ], [ -70.975072, 42.096229 ], [ -70.977174, 42.09978 ], [ -70.97813, 42.107862 ], [ -70.980925, 42.110632 ], [ -70.97898, 42.113882 ], [ -70.998594, 42.111636 ], [ -71.002152, 42.127304 ] ] ] } },
{ "type": "Feature", "properties": { "Zip": "02301" }, "geometry": { "type": "Polygon", "coordinates": [ [ [ -71.080483, 42.095539 ], [ -71.025534, 42.117293 ], [ -71.023087, 42.108401 ], [ -71.016908, 42.098049 ], [ -71.016216, 42.074035 ], [ -71.013771, 42.064874 ], [ -70.996674, 42.045401 ], [ -71.022924, 42.042178 ], [ -71.025776, 42.055089 ], [ -71.069595, 42.049704 ], [ -71.080483, 42.095539 ] ] ] } },
{ "type": "Feature", "properties": { "Zip": "02364" }, "geometry": { "type": "Polygon", "coordinates": [ [ [ -70.800525, 42.016442 ], [ -70.796725, 42.020587 ], [ -70.775527, 42.023167 ], [ -70.73124, 42.017707 ], [ -70.724022, 42.009288 ], [ -70.724657, 42.007039 ], [ -70.721793, 42.002817 ], [ -70.711264, 42.002403 ], [ -70.698582, 42.006703 ], [ -70.682081, 42.001404 ], [ -70.673269, 42.00023 ], [ -70.692658, 41.983892 ], [ -70.721707, 41.954245 ], [ -70.753527, 41.933241 ], [ -70.765531, 41.966986 ], [ -70.787478, 41.97836 ], [ -70.800525, 42.016442 ] ] ] } },
{ "type": "Feature", "properties": { "Zip": "02333" }, "geometry": { "type": "Polygon", "coordinates": [ [ [ -70.989919, 42.059487 ], [ -70.980789, 42.068858 ], [ -70.975231, 42.071178 ], [ -70.951, 42.060875 ], [ -70.929088, 42.066256 ], [ -70.912899, 42.065019 ], [ -70.908188, 42.061727 ], [ -70.899729, 42.025299 ], [ -70.897418, 42.024941 ], [ -70.896618, 42.023285 ], [ -70.899187, 41.996371 ], [ -70.912833, 41.997005 ], [ -70.918555, 42.005928 ], [ -70.925364, 42.008909 ], [ -70.953664, 42.00585 ], [ -70.961714, 42.010113 ], [ -70.963875, 42.007878 ], [ -70.979585, 42.010999 ], [ -70.989919, 42.059487 ] ] ] } },
{ "type": "Feature", "properties": { "Zip": "02379" }, "geometry": { "type": "Polygon", "coordinates": [ [ [ -71.069595, 42.049704 ], [ -71.025776, 42.055089 ], [ -71.022924, 42.042178 ], [ -70.987159, 42.046568 ], [ -70.979828, 42.007087 ], [ -70.990607, 42.003908 ], [ -71.002717, 41.998053 ], [ -71.054184, 41.982716 ], [ -71.069595, 42.049704 ] ] ] } },
{ "type": "Feature", "properties": { "Zip": "01851" }, "geometry": { "type": "Polygon", "coordinates": [ [ [ -71.364749, 42.637624 ], [ -71.343544, 42.64029 ], [ -71.343672, 42.638838 ], [ -71.329369, 42.641005 ], [ -71.317184, 42.639717 ], [ -71.312679, 42.632726 ], [ -71.31877, 42.627325 ], [ -71.318696, 42.618128 ], [ -71.320025, 42.616713 ], [ -71.318049, 42.613751 ], [ -71.321495, 42.613441 ], [ -71.322396, 42.614713 ], [ -71.325535, 42.612886 ], [ -71.327936, 42.613155 ], [ -71.359943, 42.625972 ], [ -71.364749, 42.637624 ] ] ] } },
{ "type": "Feature", "properties": { "Zip": "01845" }, "geometry": { "type": "Polygon", "coordinates": [ [ [ -71.145857, 42.698481 ], [ -71.142778, 42.698923 ], [ -71.14089, 42.703345 ], [ -71.137116, 42.704387 ], [ -71.137559, 42.706525 ], [ -71.133956, 42.710414 ], [ -71.134458, 42.721162 ], [ -71.115579, 42.741104 ], [ -71.096463, 42.724097 ], [ -71.093668, 42.726742 ], [ -71.091669, 42.724539 ], [ -71.095121, 42.721495 ], [ -71.09175, 42.718122 ], [ -71.090594, 42.718699 ], [ -71.040519, 42.672688 ], [ -71.02231, 42.641636 ], [ -71.054558, 42.627652 ], [ -71.058766, 42.609077 ], [ -71.076167, 42.604136 ], [ -71.120379, 42.663192 ], [ -71.126611, 42.661754 ], [ -71.129513, 42.666086 ], [ -71.124217, 42.667724 ], [ -71.127551, 42.67068 ], [ -71.128827, 42.67445 ], [ -71.134452, 42.676778 ], [ -71.133584, 42.679428 ], [ -71.139402, 42.684477 ], [ -71.137787, 42.685046 ], [ -71.139465, 42.685344 ], [ -71.137981, 42.686901 ], [ -71.139809, 42.687186 ], [ -71.137319, 42.689343 ], [ -71.137936, 42.692507 ], [ -71.143149, 42.6942 ], [ -71.143395, 42.697028 ], [ -71.145857, 42.698481 ] ] ] } },
{ "type": "Feature", "properties": { "Zip": "01834" }, "geometry": { "type": "Polygon", "coordinates": [ [ [ -71.058847, 42.732549 ], [ -71.048341, 42.746145 ], [ -71.044524, 42.749034 ], [ -71.044096, 42.753214 ], [ -71.041774, 42.754654 ], [ -71.042567, 42.757041 ], [ -71.037965, 42.758945 ], [ -71.024606, 42.775231 ], [ -71.020381, 42.784296 ], [ -70.959693, 42.753833 ], [ -70.979465, 42.748659 ], [ -71.011255, 42.734184 ], [ -71.019311, 42.733625 ], [ -71.026997, 42.731343 ], [ -71.034638, 42.732354 ], [ -71.031619, 42.718038 ], [ -71.058847, 42.732549 ] ] ] } },
{ "type": "Feature", "properties": { "Zip": "02026" }, "geometry": { "type": "Polygon", "coordinates": [ [ [ -71.231739, 42.259283 ], [ -71.228947, 42.264249 ], [ -71.223188, 42.262697 ], [ -71.219739, 42.263622 ], [ -71.218106, 42.268655 ], [ -71.205024, 42.267059 ], [ -71.197125, 42.268953 ], [ -71.188212, 42.280438 ], [ -71.185357, 42.279591 ], [ -71.183048, 42.275853 ], [ -71.177461, 42.276868 ], [ -71.174972, 42.276004 ], [ -71.172953, 42.270298 ], [ -71.174317, 42.267179 ], [ -71.158584, 42.255155 ], [ -71.152312, 42.258336 ], [ -71.146642, 42.255755 ], [ -71.142681, 42.235998 ], [ -71.130771, 42.227926 ], [ -71.136528, 42.227079 ], [ -71.140182, 42.223793 ], [ -71.143526, 42.213123 ], [ -71.142422, 42.211517 ], [ -71.145922, 42.209227 ], [ -71.166722, 42.223601 ], [ -71.186193, 42.228675 ], [ -71.206154, 42.243391 ], [ -71.231739, 42.259283 ] ] ] } },
{ "type": "Feature", "properties": { "Zip": "02056" }, "geometry": { "type": "Polygon", "coordinates": [ [ [ -71.382165, 42.129664 ], [ -71.379218, 42.133441 ], [ -71.379214, 42.13587 ], [ -71.3711, 42.133158 ], [ -71.366619, 42.133805 ], [ -71.366331, 42.131925 ], [ -71.36394, 42.13309 ], [ -71.362867, 42.132046 ], [ -71.36035, 42.134993 ], [ -71.358803, 42.134531 ], [ -71.348724, 42.140468 ], [ -71.344628, 42.146296 ], [ -71.33966, 42.149377 ], [ -71.30234, 42.149026 ], [ -71.300118, 42.147176 ], [ -71.300506, 42.142874 ], [ -71.298947, 42.14042 ], [ -71.302186, 42.136871 ], [ -71.29894, 42.1265 ], [ -71.300223, 42.12591 ], [ -71.280268, 42.088492 ], [ -71.285081, 42.082393 ], [ -71.315803, 42.090119 ], [ -71.359272, 42.089521 ], [ -71.367718, 42.107263 ], [ -71.382165, 42.129664 ] ] ] } },
{ "type": "Feature", "properties": { "Zip": "02368" }, "geometry": { "type": "Polygon", "coordinates": [ [ [ -71.090987, 42.188738 ], [ -71.087402, 42.188623 ], [ -71.077756, 42.191979 ], [ -71.078998, 42.200946 ], [ -71.076335, 42.203999 ], [ -71.049601, 42.206689 ], [ -71.047271, 42.194592 ], [ -71.029591, 42.19153 ], [ -71.01913, 42.186851 ], [ -71.02162, 42.170166 ], [ -71.029813, 42.150152 ], [ -71.02721, 42.132939 ], [ -71.04012, 42.137194 ], [ -71.090987, 42.188738 ] ] ] } },
{ "type": "Feature", "properties": { "Zip": "01719" }, "geometry": { "type": "Polygon", "coordinates": [ [ [ -71.560367, 42.47435 ], [ -71.529841, 42.519841 ], [ -71.517807, 42.515616 ], [ -71.51144, 42.508857 ], [ -71.509084, 42.510043 ], [ -71.50281, 42.506869 ], [ -71.500053, 42.509266 ], [ -71.473528, 42.500177 ], [ -71.498546, 42.463775 ], [ -71.543394, 42.466452 ], [ -71.560367, 42.47435 ] ] ] } },
{ "type": "Feature", "properties": { "Zip": "02476" }, "geometry": { "type": "Polygon", "coordinates": [ [ [ -71.20246, 42.414993 ], [ -71.190445, 42.427215 ], [ -71.184336, 42.424671 ], [ -71.175703, 42.425902 ], [ -71.168619, 42.42196 ], [ -71.154225, 42.417397 ], [ -71.154917, 42.416014 ], [ -71.151309, 42.412506 ], [ -71.153429, 42.411494 ], [ -71.149831, 42.410402 ], [ -71.148522, 42.406104 ], [ -71.154453, 42.407862 ], [ -71.15686, 42.403014 ], [ -71.194291, 42.415321 ], [ -71.194257, 42.41339 ], [ -71.20246, 42.414993 ] ] ] } },
{ "type": "Feature", "properties": { "Zip": "02462" }, "geometry": { "type": "Polygon", "coordinates": [ [ [ -71.270292, 42.330864 ], [ -71.266001, 42.331109 ], [ -71.264161, 42.334655 ], [ -71.259933, 42.334825 ], [ -71.258581, 42.336834 ], [ -71.257401, 42.335526 ], [ -71.253963, 42.338385 ], [ -71.240725, 42.331613 ], [ -71.250552, 42.329042 ], [ -71.24919, 42.323638 ], [ -71.252937, 42.326756 ], [ -71.257818, 42.324506 ], [ -71.259565, 42.326674 ], [ -71.263536, 42.326017 ], [ -71.269559, 42.327779 ], [ -71.270292, 42.330864 ] ] ] } },
{ "type": "Feature", "properties": { "Zip": "02464" }, "geometry": { "type": "MultiPolygon", "coordinates": [ [ [ [ -71.212142, 42.311835 ], [ -71.211436, 42.314078 ], [ -71.210584, 42.313838 ], [ -71.212142, 42.311835 ] ] ], [ [ [ -71.228006, 42.316839 ], [ -71.224876, 42.317831 ], [ -71.225516, 42.319563 ], [ -71.222615, 42.318809 ], [ -71.21955, 42.319824 ], [ -71.219177, 42.318399 ], [ -71.215314, 42.318377 ], [ -71.216956, 42.318163 ], [ -71.215495, 42.314533 ], [ -71.213139, 42.317706 ], [ -71.209085, 42.318814 ], [ -71.216384, 42.311672 ], [ -71.211403, 42.310868 ], [ -71.212698, 42.306431 ], [ -71.216071, 42.307571 ], [ -71.220855, 42.306408 ], [ -71.226688, 42.30825 ], [ -71.226286, 42.314117 ], [ -71.228006, 42.316839 ] ] ] ] } },
{ "type": "Feature", "properties": { "Zip": "01778" }, "geometry": { "type": "Polygon", "coordinates": [ [ [ -71.398152, 42.343002 ], [ -71.39169, 42.34519 ], [ -71.387681, 42.344693 ], [ -71.391214, 42.357952 ], [ -71.38597, 42.358952 ], [ -71.385818, 42.359968 ], [ -71.383197, 42.358443 ], [ -71.37295, 42.362838 ], [ -71.391162, 42.363062 ], [ -71.390116, 42.367859 ], [ -71.387419, 42.369953 ], [ -71.388781, 42.371481 ], [ -71.386603, 42.37307 ], [ -71.387814, 42.375278 ], [ -71.383484, 42.376612 ], [ -71.383613, 42.380982 ], [ -71.378576, 42.38461 ], [ -71.377344, 42.387774 ], [ -71.374989, 42.388727 ], [ -71.373004, 42.387125 ], [ -71.372443, 42.389339 ], [ -71.370395, 42.3885 ], [ -71.368701, 42.389966 ], [ -71.365193, 42.389541 ], [ -71.364836, 42.392172 ], [ -71.361833, 42.392252 ], [ -71.362005, 42.396181 ], [ -71.369916, 42.39829 ], [ -71.367228, 42.400196 ], [ -71.370076, 42.400871 ], [ -71.368088, 42.403918 ], [ -71.373771, 42.405643 ], [ -71.374337, 42.408165 ], [ -71.367519, 42.410702 ], [ -71.36634, 42.41272 ], [ -71.332599, 42.399441 ], [ -71.335878, 42.393942 ], [ -71.328438, 42.329119 ], [ -71.33903, 42.322617 ], [ -71.345998, 42.314804 ], [ -71.35991, 42.317149 ], [ -71.364093, 42.315906 ], [ -71.370613, 42.310262 ], [ -71.373395, 42.309855 ], [ -71.377687, 42.314669 ], [ -71.381757, 42.328469 ], [ -71.388609, 42.33737 ], [ -71.394876, 42.335749 ], [ -71.394886, 42.338543 ], [ -71.398152, 42.343002 ] ] ] } },
{ "type": "Feature", "properties": { "Zip": "01742" }, "geometry": { "type": "Polygon", "coordinates": [ [ [ -71.430374, 42.436969 ], [ -71.393882, 42.491215 ], [ -71.39987, 42.492899 ], [ -71.38948, 42.498091 ], [ -71.392873, 42.4999 ], [ -71.391924, 42.500566 ], [ -71.387013, 42.501628 ], [ -71.384957, 42.504466 ], [ -71.317538, 42.502425 ], [ -71.319644, 42.486933 ], [ -71.316987, 42.484181 ], [ -71.32077, 42.482256 ], [ -71.321268, 42.480515 ], [ -71.313768, 42.474182 ], [ -71.309465, 42.476404 ], [ -71.301868, 42.473266 ], [ -71.304106, 42.473039 ], [ -71.304315, 42.4714 ], [ -71.302553, 42.471264 ], [ -71.300796, 42.468733 ], [ -71.299777, 42.466833 ], [ -71.301172, 42.466001 ], [ -71.298818, 42.465871 ], [ -71.300456, 42.465353 ], [ -71.298845, 42.462669 ], [ -71.303191, 42.461254 ], [ -71.304804, 42.45276 ], [ -71.313618, 42.455023 ], [ -71.320298, 42.449734 ], [ -71.340057, 42.444271 ], [ -71.333575, 42.439249 ], [ -71.35256, 42.426923 ], [ -71.356578, 42.419923 ], [ -71.361458, 42.421122 ], [ -71.364416, 42.420441 ], [ -71.363928, 42.416022 ], [ -71.365687, 42.413023 ], [ -71.430374, 42.436969 ] ] ] } },
{ "type": "Feature", "properties": { "Zip": "02043" }, "geometry": { "type": "Polygon", "coordinates": [ [ [ -70.931449, 42.251305 ], [ -70.928239, 42.251814 ], [ -70.927544, 42.248084 ], [ -70.925493, 42.250905 ], [ -70.924338, 42.250182 ], [ -70.923922, 42.253075 ], [ -70.915172, 42.253659 ], [ -70.91287, 42.25734 ], [ -70.915309, 42.257358 ], [ -70.913276, 42.261804 ], [ -70.909205, 42.261066 ], [ -70.904586, 42.262472 ], [ -70.899414, 42.261441 ], [ -70.895304, 42.262765 ], [ -70.893357, 42.261712 ], [ -70.896507, 42.258395 ], [ -70.8955, 42.256746 ], [ -70.898008, 42.25742 ], [ -70.897786, 42.256537 ], [ -70.884585, 42.245376 ], [ -70.880267, 42.24687 ], [ -70.875294, 42.252022 ], [ -70.876724, 42.253876 ], [ -70.873688, 42.257641 ], [ -70.879181, 42.260051 ], [ -70.880181, 42.265321 ], [ -70.878674, 42.26765 ], [ -70.884335, 42.270503 ], [ -70.882584, 42.274674 ], [ -70.876623, 42.273753 ], [ -70.867217, 42.266988 ], [ -70.867886, 42.261236 ], [ -70.865421, 42.259178 ], [ -70.848356, 42.258337 ], [ -70.844627, 42.260426 ], [ -70.848886, 42.252304 ], [ -70.849277, 42.247331 ], [ -70.841241, 42.244546 ], [ -70.841152, 42.243346 ], [ -70.85338, 42.239607 ], [ -70.8408, 42.213118 ], [ -70.827015, 42.200786 ], [ -70.838864, 42.194806 ], [ -70.870248, 42.182471 ], [ -70.893516, 42.169814 ], [ -70.924877, 42.15758 ], [ -70.914732, 42.225196 ], [ -70.92349, 42.2259 ], [ -70.92239, 42.2293 ], [ -70.93129, 42.244299 ], [ -70.931029, 42.247121 ], [ -70.929314, 42.248184 ], [ -70.931449, 42.251305 ] ] ] } },
{ "type": "Feature", "properties": { "Zip": "02047" }, "geometry": { "type": "Polygon", "coordinates": [ [ [ -70.712135, 42.159925 ], [ -70.708377, 42.161172 ], [ -70.706242, 42.164208 ], [ -70.704336, 42.163671 ], [ -70.704473, 42.160589 ], [ -70.702621, 42.160012 ], [ -70.686989, 42.13716 ], [ -70.677773, 42.126857 ], [ -70.682606, 42.125354 ], [ -70.687032, 42.130776 ], [ -70.689975, 42.137808 ], [ -70.692277, 42.138021 ], [ -70.695867, 42.142499 ], [ -70.695451, 42.144564 ], [ -70.696205, 42.143559 ], [ -70.700583, 42.153102 ], [ -70.707019, 42.158188 ], [ -70.71058, 42.157328 ], [ -70.712135, 42.159925 ] ], [ [ -70.685698, 42.131831 ], [ -70.683882, 42.127713 ], [ -70.683143, 42.127992 ], [ -70.685698, 42.131831 ] ] ] } },
{ "type": "Feature", "properties": { "Zip": "02135" }, "geometry": { "type": "Polygon", "coordinates": [ [ [ -71.174798, 42.35051 ], [ -71.173916, 42.353465 ], [ -71.167608, 42.360095 ], [ -71.163008, 42.358469 ], [ -71.148332, 42.361119 ], [ -71.144492, 42.364822 ], [ -71.139692, 42.364475 ], [ -71.136314, 42.36696 ], [ -71.135309, 42.363299 ], [ -71.136961, 42.359315 ], [ -71.138198, 42.357093 ], [ -71.140698, 42.357154 ], [ -71.143802, 42.354797 ], [ -71.143925, 42.352782 ], [ -71.142151, 42.351875 ], [ -71.144155, 42.351383 ], [ -71.144019, 42.350473 ], [ -71.140071, 42.350335 ], [ -71.138701, 42.352276 ], [ -71.135547, 42.351828 ], [ -71.137776, 42.348337 ], [ -71.140383, 42.347451 ], [ -71.135456, 42.345795 ], [ -71.141939, 42.340008 ], [ -71.146606, 42.338537 ], [ -71.148295, 42.335807 ], [ -71.156262, 42.330847 ], [ -71.157286, 42.3315 ], [ -71.15126, 42.336341 ], [ -71.153192, 42.338037 ], [ -71.158562, 42.338743 ], [ -71.163594, 42.33617 ], [ -71.174798, 42.35051 ] ] ] } },
{ "type": "Feature", "properties": { "Zip": "02134" }, "geometry": { "type": "Polygon", "coordinates": [ [ [ -71.144019, 42.350473 ], [ -71.142151, 42.351875 ], [ -71.143925, 42.352782 ], [ -71.143802, 42.354797 ], [ -71.140698, 42.357154 ], [ -71.138198, 42.357093 ], [ -71.137098, 42.359056 ], [ -71.135309, 42.363299 ], [ -71.136314, 42.36696 ], [ -71.13179, 42.369686 ], [ -71.132457, 42.373382 ], [ -71.128628, 42.373741 ], [ -71.124173, 42.36933 ], [ -71.117934, 42.368385 ], [ -71.116852, 42.355385 ], [ -71.110661, 42.352393 ], [ -71.113805, 42.352261 ], [ -71.118126, 42.355092 ], [ -71.124102, 42.355096 ], [ -71.124654, 42.351192 ], [ -71.135456, 42.345795 ], [ -71.140383, 42.347451 ], [ -71.137776, 42.348337 ], [ -71.135547, 42.351828 ], [ -71.138701, 42.352276 ], [ -71.140071, 42.350335 ], [ -71.144019, 42.350473 ] ], [ [ -71.131047, 42.366914 ], [ -71.12792, 42.364559 ], [ -71.125573, 42.366399 ], [ -71.123388, 42.365509 ], [ -71.12332, 42.363743 ], [ -71.118157, 42.364166 ], [ -71.119209, 42.367537 ], [ -71.123797, 42.368248 ], [ -71.125377, 42.366866 ], [ -71.124195, 42.368203 ], [ -71.128308, 42.372456 ], [ -71.129671, 42.372045 ], [ -71.131047, 42.366914 ] ] ] } },
{ "type": "Feature", "properties": { "Zip": "02114" }, "geometry": { "type": "Polygon", "coordinates": [ [ [ -71.076092, 42.36038 ], [ -71.074792, 42.363773 ], [ -71.069478, 42.369046 ], [ -71.059795, 42.368767 ], [ -71.058296, 42.364472 ], [ -71.054882, 42.361842 ], [ -71.057561, 42.361506 ], [ -71.058333, 42.362485 ], [ -71.064394, 42.358457 ], [ -71.070282, 42.358827 ], [ -71.07008, 42.356977 ], [ -71.072307, 42.358799 ], [ -71.073464, 42.356121 ], [ -71.076092, 42.36038 ] ] ] } },
{ "type": "Feature", "properties": { "Zip": "02150" }, "geometry": { "type": "Polygon", "coordinates": [ [ [ -71.055117, 42.387286 ], [ -71.050002, 42.393471 ], [ -71.053301, 42.395392 ], [ -71.053026, 42.39674 ], [ -71.05128, 42.397788 ], [ -71.048145, 42.396634 ], [ -71.044309, 42.398574 ], [ -71.040568, 42.401982 ], [ -71.033181, 42.414206 ], [ -71.026004, 42.405793 ], [ -71.020619, 42.405192 ], [ -71.020828, 42.403513 ], [ -71.013007, 42.402864 ], [ -71.009396, 42.401183 ], [ -71.016094, 42.395897 ], [ -71.020512, 42.387641 ], [ -71.027712, 42.384041 ], [ -71.039427, 42.386859 ], [ -71.044298, 42.383209 ], [ -71.048186, 42.385686 ], [ -71.055117, 42.387286 ] ] ] } },
{ "type": "Feature", "properties": { "Zip": "01906" }, "geometry": { "type": "Polygon", "coordinates": [ [ [ -71.054214, 42.476903 ], [ -71.052621, 42.486102 ], [ -71.045209, 42.48872 ], [ -71.039854, 42.496055 ], [ -71.043732, 42.501292 ], [ -71.037353, 42.503326 ], [ -71.035839, 42.505192 ], [ -71.011623, 42.501648 ], [ -71.003081, 42.496407 ], [ -71.001071, 42.492612 ], [ -70.989433, 42.493733 ], [ -70.977997, 42.49312 ], [ -70.984281, 42.492228 ], [ -70.987471, 42.488042 ], [ -70.986101, 42.483504 ], [ -70.981799, 42.483823 ], [ -70.982802, 42.481755 ], [ -70.990862, 42.479288 ], [ -70.986056, 42.476571 ], [ -70.990616, 42.474397 ], [ -70.994908, 42.474906 ], [ -70.989139, 42.459689 ], [ -70.988075, 42.45872 ], [ -70.985609, 42.459699 ], [ -70.987494, 42.454996 ], [ -70.983108, 42.45861 ], [ -70.97942, 42.455821 ], [ -70.983828, 42.452376 ], [ -70.968594, 42.444396 ], [ -70.982294, 42.431296 ], [ -70.99012, 42.434877 ], [ -70.995714, 42.430855 ], [ -71.010777, 42.434568 ], [ -71.010099, 42.438301 ], [ -71.012365, 42.439741 ], [ -71.009503, 42.440964 ], [ -71.018757, 42.450118 ], [ -71.025836, 42.444709 ], [ -71.054214, 42.476903 ] ] ] } },
{ "type": "Feature", "properties": { "Zip": "01904" }, "geometry": { "type": "Polygon", "coordinates": [ [ [ -71.011623, 42.501648 ], [ -71.001736, 42.507078 ], [ -70.996886, 42.507012 ], [ -70.995308, 42.505572 ], [ -70.988372, 42.509214 ], [ -70.992966, 42.512267 ], [ -70.986911, 42.511774 ], [ -70.95714, 42.496528 ], [ -70.93546, 42.491167 ], [ -70.950047, 42.476027 ], [ -70.949887, 42.47452 ], [ -70.961307, 42.466134 ], [ -70.963153, 42.468193 ], [ -70.962136, 42.471753 ], [ -70.965874, 42.471246 ], [ -70.967832, 42.4696 ], [ -70.969369, 42.471004 ], [ -70.964022, 42.476019 ], [ -70.965514, 42.475808 ], [ -70.968526, 42.479087 ], [ -70.967231, 42.479763 ], [ -70.969383, 42.483739 ], [ -70.973642, 42.483594 ], [ -70.979437, 42.479331 ], [ -70.981236, 42.482652 ], [ -70.982544, 42.481924 ], [ -70.981928, 42.483956 ], [ -70.986101, 42.483504 ], [ -70.987471, 42.488042 ], [ -70.984458, 42.492086 ], [ -70.977997, 42.49312 ], [ -70.989433, 42.493733 ], [ -71.001071, 42.492612 ], [ -71.003081, 42.496407 ], [ -71.011623, 42.501648 ] ] ] } },
{ "type": "Feature", "properties": { "Zip": "01901" }, "geometry": { "type": "Polygon", "coordinates": [ [ [ -70.95412, 42.456351 ], [ -70.950812, 42.457174 ], [ -70.952316, 42.458987 ], [ -70.949195, 42.460394 ], [ -70.951485, 42.462001 ], [ -70.949684, 42.463357 ], [ -70.951614, 42.464222 ], [ -70.949871, 42.46579 ], [ -70.948059, 42.464827 ], [ -70.946877, 42.465872 ], [ -70.943072, 42.465387 ], [ -70.941549, 42.466961 ], [ -70.94028, 42.466027 ], [ -70.942173, 42.464984 ], [ -70.939918, 42.462426 ], [ -70.942356, 42.46138 ], [ -70.940826, 42.459153 ], [ -70.945464, 42.460236 ], [ -70.944953, 42.455044 ], [ -70.948454, 42.453734 ], [ -70.950815, 42.457006 ], [ -70.95412, 42.456351 ] ], [ [ -70.944339, 42.462952 ], [ -70.944712, 42.46182 ], [ -70.943043, 42.462386 ], [ -70.944339, 42.462952 ] ] ] } },
{ "type": "Feature", "properties": { "Zip": "01982" }, "geometry": { "type": "Polygon", "coordinates": [ [ [ -70.919908, 42.625147 ], [ -70.915968, 42.627438 ], [ -70.916817, 42.628344 ], [ -70.906031, 42.630621 ], [ -70.903842, 42.632822 ], [ -70.907157, 42.63532 ], [ -70.904647, 42.638165 ], [ -70.895975, 42.639373 ], [ -70.89629, 42.643724 ], [ -70.900242, 42.64754 ], [ -70.898311, 42.648096 ], [ -70.901772, 42.65284 ], [ -70.905023, 42.652083 ], [ -70.904998, 42.659242 ], [ -70.90098, 42.660343 ], [ -70.886394, 42.65915 ], [ -70.885586, 42.656177 ], [ -70.879208, 42.65401 ], [ -70.876348, 42.656991 ], [ -70.872216, 42.657305 ], [ -70.870046, 42.659254 ], [ -70.867584, 42.657449 ], [ -70.861782, 42.658363 ], [ -70.859774, 42.65749 ], [ -70.863281, 42.646222 ], [ -70.857627, 42.641688 ], [ -70.85012, 42.643793 ], [ -70.845845, 42.647116 ], [ -70.835549, 42.648971 ], [ -70.831763, 42.648227 ], [ -70.830926, 42.646229 ], [ -70.830982, 42.642086 ], [ -70.834147, 42.640097 ], [ -70.824092, 42.634163 ], [ -70.821847, 42.642335 ], [ -70.813076, 42.640533 ], [ -70.811851, 42.625317 ], [ -70.818629, 42.624881 ], [ -70.818579, 42.621706 ], [ -70.814155, 42.615433 ], [ -70.812954, 42.615854 ], [ -70.810501, 42.613817 ], [ -70.810725, 42.612264 ], [ -70.812512, 42.612593 ], [ -70.809456, 42.607347 ], [ -70.800889, 42.602012 ], [ -70.800831, 42.595338 ], [ -70.814543, 42.593415 ], [ -70.918608, 42.622609 ], [ -70.917892, 42.624127 ], [ -70.919908, 42.625147 ] ] ] } },
{ "type": "Feature", "properties": { "Zip": "02141" }, "geometry": { "type": "Polygon", "coordinates": [ [ [ -71.096269, 42.370703 ], [ -71.094749, 42.374292 ], [ -71.086088, 42.373059 ], [ -71.085443, 42.374045 ], [ -71.075983, 42.37403 ], [ -71.074289, 42.372534 ], [ -71.072689, 42.373222 ], [ -71.067115, 42.371816 ], [ -71.063984, 42.368932 ], [ -71.069478, 42.369046 ], [ -71.071537, 42.36711 ], [ -71.073807, 42.368495 ], [ -71.07673, 42.365746 ], [ -71.081109, 42.367676 ], [ -71.089181, 42.367065 ], [ -71.091096, 42.365722 ], [ -71.096269, 42.370703 ] ] ] } },
{ "type": "Feature", "properties": { "Zip": "02139" }, "geometry": { "type": "Polygon", "coordinates": [ [ [ -71.11653, 42.355028 ], [ -71.116921, 42.364246 ], [ -71.113811, 42.36512 ], [ -71.114291, 42.369342 ], [ -71.110746, 42.368306 ], [ -71.105427, 42.376332 ], [ -71.103204, 42.374327 ], [ -71.094749, 42.374292 ], [ -71.096198, 42.369932 ], [ -71.091096, 42.365722 ], [ -71.089432, 42.366054 ], [ -71.090021, 42.362691 ], [ -71.088207, 42.362608 ], [ -71.087654, 42.359967 ], [ -71.088836, 42.359455 ], [ -71.087159, 42.359243 ], [ -71.085175, 42.356333 ], [ -71.093002, 42.353894 ], [ -71.104316, 42.352403 ], [ -71.113196, 42.35311 ], [ -71.11653, 42.355028 ] ] ] } },
{ "type": "Feature", "properties": { "Zip": "02145" }, "geometry": { "type": "Polygon", "coordinates": [ [ [ -71.111077, 42.394034 ], [ -71.108861, 42.397193 ], [ -71.11075, 42.399703 ], [ -71.100603, 42.396543 ], [ -71.096689, 42.400455 ], [ -71.091993, 42.3989 ], [ -71.085687, 42.400651 ], [ -71.075996, 42.396396 ], [ -71.073496, 42.391796 ], [ -71.079713, 42.382921 ], [ -71.088116, 42.380821 ], [ -71.093528, 42.386379 ], [ -71.103532, 42.391148 ], [ -71.10675, 42.394327 ], [ -71.111077, 42.394034 ] ] ] } },
{ "type": "Feature", "properties": { "Zip": "02122" }, "geometry": { "type": "Polygon", "coordinates": [ [ [ -71.071701, 42.302107 ], [ -71.070491, 42.304745 ], [ -71.06503, 42.30808 ], [ -71.066142, 42.310055 ], [ -71.062511, 42.311104 ], [ -71.058311, 42.308111 ], [ -71.05723, 42.305337 ], [ -71.055432, 42.304323 ], [ -71.055085, 42.305633 ], [ -71.053457, 42.305395 ], [ -71.049268, 42.301197 ], [ -71.047753, 42.303834 ], [ -71.041687, 42.302151 ], [ -71.043664, 42.298337 ], [ -71.043372, 42.294823 ], [ -71.038462, 42.293469 ], [ -71.035294, 42.288798 ], [ -71.043042, 42.276893 ], [ -71.04488, 42.276266 ], [ -71.048491, 42.277862 ], [ -71.04654, 42.280416 ], [ -71.047897, 42.281125 ], [ -71.046768, 42.283864 ], [ -71.060644, 42.283384 ], [ -71.055148, 42.285068 ], [ -71.056681, 42.28661 ], [ -71.054725, 42.287446 ], [ -71.05613, 42.289972 ], [ -71.058358, 42.290587 ], [ -71.057631, 42.292739 ], [ -71.062805, 42.291121 ], [ -71.061968, 42.294075 ], [ -71.063282, 42.29467 ], [ -71.061818, 42.294582 ], [ -71.060653, 42.298647 ], [ -71.063447, 42.298174 ], [ -71.068897, 42.301906 ], [ -71.071701, 42.302107 ] ] ] } },
{ "type": "Feature", "properties": { "Zip": "02149" }, "geometry": { "type": "Polygon", "coordinates": [ [ [ -71.076419, 42.397773 ], [ -71.071297, 42.406922 ], [ -71.073744, 42.408679 ], [ -71.071873, 42.411099 ], [ -71.073296, 42.414796 ], [ -71.060441, 42.416007 ], [ -71.050472, 42.422887 ], [ -71.028227, 42.424202 ], [ -71.040568, 42.401982 ], [ -71.048145, 42.396634 ], [ -71.05128, 42.397788 ], [ -71.053026, 42.39674 ], [ -71.053301, 42.395392 ], [ -71.050002, 42.393471 ], [ -71.055295, 42.387097 ], [ -71.065695, 42.386596 ], [ -71.070896, 42.388996 ], [ -71.066858, 42.394979 ], [ -71.072696, 42.390796 ], [ -71.076419, 42.397773 ] ] ] } },
{ "type": "Feature", "properties": { "Zip": "02205" }, "geometry": { "type": "Polygon", "coordinates": [ [ [ -71.058566, 42.346484 ], [ -71.057663, 42.347159 ], [ -71.055324, 42.352595 ], [ -71.052723, 42.351372 ], [ -71.055936, 42.346592 ], [ -71.058566, 42.346484 ] ] ] } },
{ "type": "Feature", "properties": { "Zip": "02140" }, "geometry": { "type": "Polygon", "coordinates": [ [ [ -71.156261, 42.395972 ], [ -71.152057, 42.40104 ], [ -71.143593, 42.397412 ], [ -71.136303, 42.400991 ], [ -71.134514, 42.404167 ], [ -71.122987, 42.392377 ], [ -71.120997, 42.393738 ], [ -71.113588, 42.383156 ], [ -71.119295, 42.384164 ], [ -71.119424, 42.385194 ], [ -71.125537, 42.383986 ], [ -71.126338, 42.385377 ], [ -71.130748, 42.385952 ], [ -71.1326, 42.388681 ], [ -71.136436, 42.388428 ], [ -71.138945, 42.389963 ], [ -71.135437, 42.391123 ], [ -71.156261, 42.395972 ] ] ] } },
{ "type": "Feature", "properties": { "Zip": "01923" }, "geometry": { "type": "Polygon", "coordinates": [ [ [ -71.002676, 42.56347 ], [ -71.002032, 42.565576 ], [ -70.997056, 42.567716 ], [ -70.996767, 42.57128 ], [ -70.995158, 42.571278 ], [ -70.995089, 42.573703 ], [ -70.993154, 42.574238 ], [ -70.993069, 42.57819 ], [ -70.989851, 42.580839 ], [ -70.991302, 42.581405 ], [ -70.991725, 42.586359 ], [ -70.985582, 42.589886 ], [ -70.986059, 42.591832 ], [ -70.974372, 42.594539 ], [ -70.954722, 42.605322 ], [ -70.932422, 42.613238 ], [ -70.929452, 42.60898 ], [ -70.933859, 42.599581 ], [ -70.927497, 42.592228 ], [ -70.922342, 42.591513 ], [ -70.908381, 42.573049 ], [ -70.908589, 42.557585 ], [ -70.912394, 42.546695 ], [ -70.908399, 42.545558 ], [ -70.909929, 42.543598 ], [ -70.907922, 42.540335 ], [ -70.923104, 42.543612 ], [ -70.927827, 42.545797 ], [ -70.928734, 42.544977 ], [ -70.937428, 42.547387 ], [ -70.940832, 42.545892 ], [ -70.979833, 42.555943 ], [ -71.002676, 42.56347 ] ], [ [ -70.987352, 42.585115 ], [ -70.982577, 42.583757 ], [ -70.979404, 42.585116 ], [ -70.987314, 42.588087 ], [ -70.987352, 42.585115 ] ] ] } },
{ "type": "Feature", "properties": { "Zip": "01984" }, "geometry": { "type": "Polygon", "coordinates": [ [ [ -70.933859, 42.599581 ], [ -70.929452, 42.60898 ], [ -70.93109, 42.612444 ], [ -70.927466, 42.617016 ], [ -70.925714, 42.622925 ], [ -70.918917, 42.623845 ], [ -70.918608, 42.622609 ], [ -70.875414, 42.609908 ], [ -70.814543, 42.593415 ], [ -70.810085, 42.584218 ], [ -70.813296, 42.580139 ], [ -70.819019, 42.579286 ], [ -70.820311, 42.577822 ], [ -70.835411, 42.590681 ], [ -70.922342, 42.591513 ], [ -70.927497, 42.592228 ], [ -70.933859, 42.599581 ] ] ] } },
{ "type": "Feature", "properties": { "Zip": "01950" }, "geometry": { "type": "Polygon", "coordinates": [ [ [ -70.940294, 42.822548 ], [ -70.925222, 42.83846 ], [ -70.922146, 42.840557 ], [ -70.917638, 42.841283 ], [ -70.915352, 42.840302 ], [ -70.912199, 42.834691 ], [ -70.896581, 42.832225 ], [ -70.890069, 42.826309 ], [ -70.880552, 42.821999 ], [ -70.87002, 42.814254 ], [ -70.84396, 42.812697 ], [ -70.83234, 42.814883 ], [ -70.816939, 42.819922 ], [ -70.810322, 42.818726 ], [ -70.808423, 42.815908 ], [ -70.808607, 42.811485 ], [ -70.841045, 42.795908 ], [ -70.862965, 42.80155 ], [ -70.890802, 42.7943 ], [ -70.897963, 42.79836 ], [ -70.905122, 42.797441 ], [ -70.917388, 42.78747 ], [ -70.930809, 42.802691 ], [ -70.931569, 42.806404 ], [ -70.929622, 42.808811 ], [ -70.931591, 42.812116 ], [ -70.930663, 42.814595 ], [ -70.933719, 42.815667 ], [ -70.934201, 42.817849 ], [ -70.93585, 42.817731 ], [ -70.940294, 42.822548 ] ] ] } },
{ "type": "Feature", "properties": { "Zip": "02071" }, "geometry": { "type": "Polygon", "coordinates": [ [ [ -71.284938, 42.097983 ], [ -71.282286, 42.100374 ], [ -71.278055, 42.09946 ], [ -71.277643, 42.101047 ], [ -71.27002, 42.10112 ], [ -71.275211, 42.104054 ], [ -71.276362, 42.101852 ], [ -71.278211, 42.102496 ], [ -71.276834, 42.105932 ], [ -71.2697, 42.107352 ], [ -71.26882, 42.11022 ], [ -71.265565, 42.112862 ], [ -71.264024, 42.119499 ], [ -71.257591, 42.117853 ], [ -71.261406, 42.111172 ], [ -71.260739, 42.10929 ], [ -71.263476, 42.108309 ], [ -71.26162, 42.10617 ], [ -71.256943, 42.108377 ], [ -71.256405, 42.106911 ], [ -71.258073, 42.106813 ], [ -71.25756, 42.105308 ], [ -71.259782, 42.104308 ], [ -71.258397, 42.103064 ], [ -71.271736, 42.098445 ], [ -71.280268, 42.088492 ], [ -71.284938, 42.097983 ] ] ] } },
{ "type": "Feature", "properties": { "Zip": "02035" }, "geometry": { "type": "Polygon", "coordinates": [ [ [ -71.289424, 42.059136 ], [ -71.287099, 42.063707 ], [ -71.287701, 42.076931 ], [ -71.284482, 42.083579 ], [ -71.271736, 42.098445 ], [ -71.253302, 42.105344 ], [ -71.238804, 42.106401 ], [ -71.238811, 42.104139 ], [ -71.205921, 42.074108 ], [ -71.196277, 42.082394 ], [ -71.178457, 42.057362 ], [ -71.288265, 42.014462 ], [ -71.289424, 42.059136 ] ] ] } },
{ "type": "Feature", "properties": { "Zip": "02190" }, "geometry": { "type": "Polygon", "coordinates": [ [ [ -70.98127, 42.135511 ], [ -70.973665, 42.186992 ], [ -70.966267, 42.178807 ], [ -70.963429, 42.178357 ], [ -70.96181, 42.182097 ], [ -70.962557, 42.185497 ], [ -70.959633, 42.185268 ], [ -70.958723, 42.187216 ], [ -70.960899, 42.187778 ], [ -70.960474, 42.19141 ], [ -70.956411, 42.194701 ], [ -70.950699, 42.193058 ], [ -70.952552, 42.193505 ], [ -70.953249, 42.190213 ], [ -70.951905, 42.190307 ], [ -70.952444, 42.187553 ], [ -70.95064, 42.185784 ], [ -70.946414, 42.184768 ], [ -70.944418, 42.189954 ], [ -70.930888, 42.18678 ], [ -70.921168, 42.182301 ], [ -70.924877, 42.15758 ], [ -70.98127, 42.135511 ] ] ] } },
{ "type": "Feature", "properties": { "Zip": "02191" }, "geometry": { "type": "Polygon", "coordinates": [ [ [ -70.968591, 42.2404 ], [ -70.96541, 42.246791 ], [ -70.960909, 42.246091 ], [ -70.951524, 42.254722 ], [ -70.944527, 42.251557 ], [ -70.937366, 42.253952 ], [ -70.937428, 42.257076 ], [ -70.924629, 42.257674 ], [ -70.924167, 42.258569 ], [ -70.927569, 42.25975 ], [ -70.923613, 42.261082 ], [ -70.924625, 42.264276 ], [ -70.917478, 42.263483 ], [ -70.917081, 42.2556 ], [ -70.932435, 42.252644 ], [ -70.933491, 42.25 ], [ -70.931, 42.246814 ], [ -70.933284, 42.245899 ], [ -70.933489, 42.2394 ], [ -70.93129, 42.2387 ], [ -70.930491, 42.2361 ], [ -70.93214, 42.233611 ], [ -70.936493, 42.233763 ], [ -70.938881, 42.231303 ], [ -70.949885, 42.230622 ], [ -70.954282, 42.236715 ], [ -70.960491, 42.235099 ], [ -70.967991, 42.237999 ], [ -70.968591, 42.2404 ] ] ] } },
{ "type": "Feature", "properties": { "Zip": "02457" }, "geometry": { "type": "Polygon", "coordinates": [ [ [ -71.27748, 42.299209 ], [ -71.27579, 42.30022 ], [ -71.26437, 42.30018 ], [ -71.259199, 42.297976 ], [ -71.264149, 42.294515 ], [ -71.266515, 42.29555 ], [ -71.26488, 42.29782 ], [ -71.266559, 42.299077 ], [ -71.27165, 42.298388 ], [ -71.27029, 42.295949 ], [ -71.26804, 42.295493 ], [ -71.271463, 42.292485 ], [ -71.272747, 42.297022 ], [ -71.275248, 42.296258 ], [ -71.27748, 42.299209 ] ] ] } },
{ "type": "Feature", "properties": { "Zip": "02465" }, "geometry": { "type": "Polygon", "coordinates": [ [ [ -71.243076, 42.358875 ], [ -71.220921, 42.365339 ], [ -71.216523, 42.360966 ], [ -71.217863, 42.358485 ], [ -71.216064, 42.35361 ], [ -71.217728, 42.352621 ], [ -71.214386, 42.350211 ], [ -71.210748, 42.350697 ], [ -71.214116, 42.349785 ], [ -71.211504, 42.347835 ], [ -71.2137, 42.346497 ], [ -71.212784, 42.34356 ], [ -71.215432, 42.343214 ], [ -71.213127, 42.342127 ], [ -71.213466, 42.337739 ], [ -71.2159, 42.336835 ], [ -71.219318, 42.337537 ], [ -71.222786, 42.335426 ], [ -71.226841, 42.33647 ], [ -71.228751, 42.335471 ], [ -71.228745, 42.337056 ], [ -71.230436, 42.337548 ], [ -71.231167, 42.336012 ], [ -71.23133, 42.337796 ], [ -71.236654, 42.339388 ], [ -71.24, 42.342029 ], [ -71.237993, 42.343288 ], [ -71.239283, 42.344294 ], [ -71.23708, 42.344197 ], [ -71.237093, 42.346368 ], [ -71.242346, 42.346801 ], [ -71.237457, 42.347232 ], [ -71.23979, 42.352495 ], [ -71.238288, 42.355419 ], [ -71.239196, 42.357575 ], [ -71.243076, 42.358875 ] ] ] } },
{ "type": "Feature", "properties": { "Zip": "02072" }, "geometry": { "type": "Polygon", "coordinates": [ [ [ -71.15018, 42.136149 ], [ -71.149166, 42.138612 ], [ -71.140779, 42.138061 ], [ -71.138552, 42.141908 ], [ -71.135339, 42.141918 ], [ -71.134702, 42.143699 ], [ -71.1311, 42.1428 ], [ -71.131843, 42.139311 ], [ -71.095625, 42.147906 ], [ -71.066625, 42.164057 ], [ -71.056511, 42.153815 ], [ -71.063846, 42.140473 ], [ -71.070973, 42.132145 ], [ -71.060335, 42.106962 ], [ -71.061256, 42.103194 ], [ -71.138607, 42.072775 ], [ -71.139428, 42.08487 ], [ -71.13129, 42.10074 ], [ -71.131739, 42.106548 ], [ -71.139102, 42.120235 ], [ -71.147981, 42.127732 ], [ -71.15018, 42.136149 ] ] ] } },
{ "type": "Feature", "properties": { "Zip": "02050" }, "geometry": { "type": "MultiPolygon", "coordinates": [ [ [ [ -70.683882, 42.127713 ], [ -70.685698, 42.131831 ], [ -70.683143, 42.127992 ], [ -70.683882, 42.127713 ] ] ], [ [ [ -70.787783, 42.145302 ], [ -70.785415, 42.149746 ], [ -70.782783, 42.150584 ], [ -70.781656, 42.156554 ], [ -70.768863, 42.153996 ], [ -70.765641, 42.158603 ], [ -70.762231, 42.156898 ], [ -70.759734, 42.159446 ], [ -70.755689, 42.159207 ], [ -70.754319, 42.162992 ], [ -70.749816, 42.165015 ], [ -70.744875, 42.16138 ], [ -70.736694, 42.162519 ], [ -70.733208, 42.160663 ], [ -70.728647, 42.165343 ], [ -70.719684, 42.164869 ], [ -70.713281, 42.161205 ], [ -70.71058, 42.157328 ], [ -70.707019, 42.158188 ], [ -70.700583, 42.153102 ], [ -70.696205, 42.143559 ], [ -70.695451, 42.144564 ], [ -70.695867, 42.142499 ], [ -70.692277, 42.138021 ], [ -70.689975, 42.137808 ], [ -70.687032, 42.130776 ], [ -70.682606, 42.125354 ], [ -70.669571, 42.129395 ], [ -70.651571, 42.110898 ], [ -70.643261, 42.104434 ], [ -70.635498, 42.09398 ], [ -70.629803, 42.077186 ], [ -70.647932, 42.072948 ], [ -70.682761, 42.057469 ], [ -70.697446, 42.067421 ], [ -70.698445, 42.070503 ], [ -70.762328, 42.103314 ], [ -70.759468, 42.109598 ], [ -70.765907, 42.10985 ], [ -70.766549, 42.114028 ], [ -70.777281, 42.113406 ], [ -70.775089, 42.115333 ], [ -70.777121, 42.116755 ], [ -70.77737, 42.120626 ], [ -70.779481, 42.121778 ], [ -70.77793, 42.1252 ], [ -70.779502, 42.126715 ], [ -70.779242, 42.129634 ], [ -70.782282, 42.130383 ], [ -70.779932, 42.131977 ], [ -70.781494, 42.134872 ], [ -70.780525, 42.136889 ], [ -70.782998, 42.139268 ], [ -70.783222, 42.142209 ], [ -70.787783, 42.145302 ] ] ] ] } },
{ "type": "Feature", "properties": { "Zip": "02347" }, "geometry": { "type": "Polygon", "coordinates": [ [ [ -71.03657, 41.816525 ], [ -71.000964, 41.843459 ], [ -70.973717, 41.860879 ], [ -70.987256, 41.905808 ], [ -70.985165, 41.907454 ], [ -70.976282, 41.901151 ], [ -70.967133, 41.901254 ], [ -70.963344, 41.896386 ], [ -70.919205, 41.879023 ], [ -70.916411, 41.876917 ], [ -70.916327, 41.87257 ], [ -70.912968, 41.870244 ], [ -70.916738, 41.867167 ], [ -70.913508, 41.863859 ], [ -70.914447, 41.862132 ], [ -70.912876, 41.861727 ], [ -70.914541, 41.859591 ], [ -70.917748, 41.858716 ], [ -70.916815, 41.8572 ], [ -70.918705, 41.851943 ], [ -70.893454, 41.827901 ], [ -70.898644, 41.814877 ], [ -70.8964, 41.79432 ], [ -71.026288, 41.778888 ], [ -71.014591, 41.799568 ], [ -71.03657, 41.816525 ] ] ] } },
{ "type": "Feature", "properties": { "Zip": "02538" }, "geometry": { "type": "Polygon", "coordinates": [ [ [ -70.69252, 41.757428 ], [ -70.680326, 41.757816 ], [ -70.67823, 41.758936 ], [ -70.677411, 41.761441 ], [ -70.682528, 41.765406 ], [ -70.675657, 41.762589 ], [ -70.67337, 41.765324 ], [ -70.67842, 41.767536 ], [ -70.677574, 41.769288 ], [ -70.673717, 41.767704 ], [ -70.672421, 41.773144 ], [ -70.670437, 41.773352 ], [ -70.672474, 41.780908 ], [ -70.667833, 41.786587 ], [ -70.662428, 41.789431 ], [ -70.658988, 41.794333 ], [ -70.656137, 41.79473 ], [ -70.651447, 41.804832 ], [ -70.631892, 41.80633 ], [ -70.616634, 41.80541 ], [ -70.627395, 41.787342 ], [ -70.630636, 41.78688 ], [ -70.630804, 41.781155 ], [ -70.629058, 41.779398 ], [ -70.630908, 41.776627 ], [ -70.63008, 41.774486 ], [ -70.63631, 41.768959 ], [ -70.632644, 41.763266 ], [ -70.634878, 41.761279 ], [ -70.637454, 41.766613 ], [ -70.643809, 41.767691 ], [ -70.647826, 41.760038 ], [ -70.647363, 41.757944 ], [ -70.649788, 41.75616 ], [ -70.642693, 41.756015 ], [ -70.637813, 41.757542 ], [ -70.636667, 41.753598 ], [ -70.63414, 41.753427 ], [ -70.627254, 41.74869 ], [ -70.644383, 41.755131 ], [ -70.676677, 41.757088 ], [ -70.675281, 41.754197 ], [ -70.670384, 41.751152 ], [ -70.670194, 41.743717 ], [ -70.678207, 41.748735 ], [ -70.683074, 41.749136 ], [ -70.685451, 41.752734 ], [ -70.69252, 41.757428 ] ] ] } },
{ "type": "Feature", "properties": { "Zip": "02116" }, "geometry": { "type": "Polygon", "coordinates": [ [ [ -71.091235, 42.354338 ], [ -71.076403, 42.359956 ], [ -71.070655, 42.351854 ], [ -71.062575, 42.352399 ], [ -71.064593, 42.346611 ], [ -71.067736, 42.347273 ], [ -71.068998, 42.344977 ], [ -71.074593, 42.342809 ], [ -71.075936, 42.343915 ], [ -71.078097, 42.34289 ], [ -71.081821, 42.345413 ], [ -71.078718, 42.347834 ], [ -71.079508, 42.349508 ], [ -71.083749, 42.34838 ], [ -71.085733, 42.352455 ], [ -71.089862, 42.351576 ], [ -71.091235, 42.354338 ] ] ] } },
{ "type": "Feature", "properties": { "Zip": "02163" }, "geometry": { "type": "Polygon", "coordinates": [ [ [ -71.131073, 42.367029 ], [ -71.129671, 42.372045 ], [ -71.128308, 42.372456 ], [ -71.124195, 42.368203 ], [ -71.125377, 42.366866 ], [ -71.123797, 42.368248 ], [ -71.119209, 42.367537 ], [ -71.118157, 42.364166 ], [ -71.12332, 42.363743 ], [ -71.123388, 42.365509 ], [ -71.125573, 42.366399 ], [ -71.12792, 42.364559 ], [ -71.131073, 42.367029 ] ] ] } },
{ "type": "Feature", "properties": { "Zip": "02067" }, "geometry": { "type": "Polygon", "coordinates": [ [ [ -71.238879, 42.104206 ], [ -71.238322, 42.113858 ], [ -71.236183, 42.111308 ], [ -71.231869, 42.110251 ], [ -71.230853, 42.120586 ], [ -71.220011, 42.138161 ], [ -71.186885, 42.153264 ], [ -71.18732, 42.155167 ], [ -71.177861, 42.163383 ], [ -71.176368, 42.15536 ], [ -71.162198, 42.145279 ], [ -71.163542, 42.141457 ], [ -71.149166, 42.138612 ], [ -71.150165, 42.135853 ], [ -71.148154, 42.128023 ], [ -71.139102, 42.120235 ], [ -71.133491, 42.110989 ], [ -71.13113, 42.10179 ], [ -71.139428, 42.08487 ], [ -71.138607, 42.072775 ], [ -71.178457, 42.057362 ], [ -71.196277, 42.082394 ], [ -71.205921, 42.074108 ], [ -71.238879, 42.104206 ] ] ] } },
{ "type": "Feature", "properties": { "Zip": "02184" }, "geometry": { "type": "Polygon", "coordinates": [ [ [ -71.049334, 42.206685 ], [ -71.044883, 42.206484 ], [ -71.044938, 42.215384 ], [ -71.033, 42.227884 ], [ -71.01079, 42.228668 ], [ -71.00217, 42.232208 ], [ -70.980404, 42.23532 ], [ -70.97713, 42.238415 ], [ -70.972758, 42.237146 ], [ -70.967991, 42.237999 ], [ -70.960491, 42.235099 ], [ -70.960891, 42.226899 ], [ -70.967022, 42.223353 ], [ -70.9687, 42.219878 ], [ -70.976478, 42.168324 ], [ -71.021994, 42.169005 ], [ -71.01913, 42.186851 ], [ -71.029591, 42.19153 ], [ -71.047271, 42.194592 ], [ -71.049334, 42.206685 ] ] ] } },
{ "type": "Feature", "properties": { "Zip": "02093" }, "geometry": { "type": "Polygon", "coordinates": [ [ [ -71.458106, 42.017928 ], [ -71.455904, 42.034895 ], [ -71.388272, 42.041 ], [ -71.365315, 42.076195 ], [ -71.359272, 42.089521 ], [ -71.315803, 42.090119 ], [ -71.285081, 42.082393 ], [ -71.287701, 42.076931 ], [ -71.287099, 42.063707 ], [ -71.289441, 42.059102 ], [ -71.289083, 42.045041 ], [ -71.381401, 42.018798 ], [ -71.458106, 42.017928 ] ] ] } },
{ "type": "Feature", "properties": { "Zip": "02142" }, "geometry": { "type": "Polygon", "coordinates": [ [ [ -71.089932, 42.363004 ], [ -71.089181, 42.367065 ], [ -71.081109, 42.367676 ], [ -71.07673, 42.365746 ], [ -71.073807, 42.368495 ], [ -71.071537, 42.36711 ], [ -71.077334, 42.359084 ], [ -71.085175, 42.356333 ], [ -71.087159, 42.359243 ], [ -71.088435, 42.358828 ], [ -71.088207, 42.362608 ], [ -71.089932, 42.363004 ] ] ] } },
{ "type": "Feature", "properties": { "Zip": "02472" }, "geometry": { "type": "Polygon", "coordinates": [ [ [ -71.217038, 42.366589 ], [ -71.194177, 42.386031 ], [ -71.189159, 42.380717 ], [ -71.179495, 42.380195 ], [ -71.149864, 42.374451 ], [ -71.139716, 42.37493 ], [ -71.139622, 42.369763 ], [ -71.144248, 42.366394 ], [ -71.143667, 42.365081 ], [ -71.147297, 42.361636 ], [ -71.162601, 42.358509 ], [ -71.166824, 42.360036 ], [ -71.175272, 42.359272 ], [ -71.182126, 42.360681 ], [ -71.18368, 42.358829 ], [ -71.19414, 42.360925 ], [ -71.196298, 42.361802 ], [ -71.192215, 42.365424 ], [ -71.195422, 42.367825 ], [ -71.205098, 42.365749 ], [ -71.207458, 42.3641 ], [ -71.217038, 42.366589 ] ] ] } },
{ "type": "Feature", "properties": { "Zip": "01773" }, "geometry": { "type": "Polygon", "coordinates": [ [ [ -71.36634, 42.41272 ], [ -71.363928, 42.416022 ], [ -71.364416, 42.420441 ], [ -71.361458, 42.421122 ], [ -71.356578, 42.419923 ], [ -71.35256, 42.426923 ], [ -71.333575, 42.439249 ], [ -71.340057, 42.444271 ], [ -71.320298, 42.449734 ], [ -71.313618, 42.455023 ], [ -71.304804, 42.45276 ], [ -71.302282, 42.46201 ], [ -71.289302, 42.464557 ], [ -71.289676, 42.466182 ], [ -71.287468, 42.464539 ], [ -71.289489, 42.463943 ], [ -71.286041, 42.457745 ], [ -71.287472, 42.457264 ], [ -71.288139, 42.453022 ], [ -71.285167, 42.449273 ], [ -71.277507, 42.44965 ], [ -71.273015, 42.451381 ], [ -71.273353, 42.452741 ], [ -71.271244, 42.452115 ], [ -71.26615, 42.429916 ], [ -71.26723, 42.424438 ], [ -71.274421, 42.409877 ], [ -71.278832, 42.411329 ], [ -71.279329, 42.409854 ], [ -71.282251, 42.410715 ], [ -71.286031, 42.404097 ], [ -71.281205, 42.402691 ], [ -71.283233, 42.398983 ], [ -71.293379, 42.402241 ], [ -71.309941, 42.399633 ], [ -71.314613, 42.393217 ], [ -71.317749, 42.392169 ], [ -71.321524, 42.392683 ], [ -71.334569, 42.396114 ], [ -71.332599, 42.399441 ], [ -71.36634, 42.41272 ] ] ] } },
{ "type": "Feature", "properties": { "Zip": "02169" }, "geometry": { "type": "Polygon", "coordinates": [ [ [ -71.093189, 42.213936 ], [ -71.053021, 42.229173 ], [ -71.06109, 42.242384 ], [ -71.044294, 42.251617 ], [ -71.045197, 42.252471 ], [ -71.040128, 42.253914 ], [ -71.037913, 42.250515 ], [ -71.039184, 42.254436 ], [ -71.03149, 42.25911 ], [ -71.02619, 42.25528 ], [ -71.02876, 42.25472 ], [ -71.02534, 42.25347 ], [ -71.02034, 42.2562 ], [ -71.0098, 42.257818 ], [ -71.00751, 42.26074 ], [ -71.003779, 42.260361 ], [ -71.00099, 42.26167 ], [ -70.996846, 42.266568 ], [ -70.991192, 42.267799 ], [ -70.986094, 42.265597 ], [ -70.986954, 42.264229 ], [ -70.985656, 42.263554 ], [ -70.983572, 42.265341 ], [ -70.980401, 42.265446 ], [ -70.97331, 42.26355 ], [ -70.965547, 42.268647 ], [ -70.954025, 42.272576 ], [ -70.953834, 42.276745 ], [ -70.956006, 42.2795 ], [ -70.954428, 42.280364 ], [ -70.949515, 42.274495 ], [ -70.950477, 42.269418 ], [ -70.938776, 42.265803 ], [ -70.960909, 42.246091 ], [ -70.96541, 42.246791 ], [ -70.968591, 42.2404 ], [ -70.967991, 42.237999 ], [ -70.972758, 42.237146 ], [ -70.9775, 42.238371 ], [ -70.980404, 42.23532 ], [ -71.00217, 42.232208 ], [ -71.01079, 42.228668 ], [ -71.033, 42.227884 ], [ -71.044938, 42.215384 ], [ -71.045322, 42.206322 ], [ -71.060388, 42.206314 ], [ -71.074971, 42.204434 ], [ -71.078974, 42.201052 ], [ -71.082711, 42.203012 ], [ -71.087984, 42.202972 ], [ -71.086864, 42.204172 ], [ -71.082727, 42.20429 ], [ -71.093189, 42.213936 ] ] ] } },
{ "type": "Feature", "properties": { "Zip": "01951" }, "geometry": { "type": "Polygon", "coordinates": [ [ [ -70.930858, 42.772793 ], [ -70.925176, 42.781805 ], [ -70.905122, 42.797441 ], [ -70.89791, 42.798364 ], [ -70.890802, 42.7943 ], [ -70.862965, 42.80155 ], [ -70.841045, 42.795908 ], [ -70.805871, 42.812579 ], [ -70.801476, 42.782748 ], [ -70.791497, 42.753888 ], [ -70.811005, 42.749905 ], [ -70.823676, 42.751547 ], [ -70.829638, 42.750473 ], [ -70.831792, 42.754237 ], [ -70.838315, 42.750803 ], [ -70.840462, 42.752211 ], [ -70.845861, 42.749703 ], [ -70.848463, 42.752968 ], [ -70.850858, 42.753096 ], [ -70.854703, 42.750224 ], [ -70.864814, 42.748915 ], [ -70.866598, 42.755739 ], [ -70.875625, 42.754668 ], [ -70.87949, 42.755639 ], [ -70.877446, 42.758856 ], [ -70.880409, 42.760082 ], [ -70.882547, 42.763662 ], [ -70.879487, 42.767125 ], [ -70.886117, 42.772379 ], [ -70.884883, 42.775203 ], [ -70.888123, 42.775246 ], [ -70.886984, 42.781216 ], [ -70.893367, 42.780437 ], [ -70.908903, 42.774954 ], [ -70.917726, 42.773256 ], [ -70.922261, 42.772808 ], [ -70.924527, 42.776021 ], [ -70.930858, 42.772793 ] ] ] } },
{ "type": "Feature", "properties": { "Zip": "01854" }, "geometry": { "type": "Polygon", "coordinates": [ [ [ -71.383596, 42.658256 ], [ -71.382085, 42.659634 ], [ -71.379033, 42.659143 ], [ -71.378204, 42.660687 ], [ -71.368882, 42.661753 ], [ -71.357523, 42.654454 ], [ -71.322191, 42.661809 ], [ -71.318684, 42.659925 ], [ -71.318232, 42.656203 ], [ -71.312395, 42.652375 ], [ -71.315973, 42.648604 ], [ -71.313113, 42.648224 ], [ -71.313254, 42.646505 ], [ -71.316379, 42.64429 ], [ -71.314798, 42.64352 ], [ -71.317841, 42.640015 ], [ -71.329369, 42.641005 ], [ -71.343672, 42.638838 ], [ -71.343544, 42.64029 ], [ -71.369495, 42.637583 ], [ -71.376221, 42.641259 ], [ -71.38092, 42.649008 ], [ -71.38036, 42.650612 ], [ -71.382301, 42.651956 ], [ -71.381362, 42.65484 ], [ -71.383596, 42.658256 ] ] ] } },
{ "type": "Feature", "properties": { "Zip": "01830" }, "geometry": { "type": "Polygon", "coordinates": [ [ [ -71.113663, 42.817229 ], [ -71.064416, 42.806275 ], [ -71.054005, 42.833282 ], [ -70.999611, 42.810545 ], [ -70.998602, 42.807531 ], [ -71.003435, 42.801101 ], [ -71.018708, 42.791605 ], [ -71.024235, 42.77576 ], [ -71.037633, 42.759289 ], [ -71.041823, 42.757204 ], [ -71.047776, 42.75806 ], [ -71.069056, 42.772363 ], [ -71.076184, 42.773669 ], [ -71.082165, 42.772255 ], [ -71.082321, 42.773761 ], [ -71.088231, 42.777195 ], [ -71.094742, 42.791143 ], [ -71.106438, 42.799005 ], [ -71.110312, 42.803937 ], [ -71.10858, 42.805316 ], [ -71.112812, 42.807626 ], [ -71.113663, 42.817229 ] ] ] } },
{ "type": "Feature", "properties": { "Zip": "01810" }, "geometry": { "type": "Polygon", "coordinates": [ [ [ -71.256188, 42.657145 ], [ -71.250763, 42.660782 ], [ -71.244797, 42.661329 ], [ -71.24189, 42.662896 ], [ -71.239285, 42.668195 ], [ -71.228663, 42.679213 ], [ -71.225649, 42.685783 ], [ -71.224622, 42.693934 ], [ -71.219821, 42.699806 ], [ -71.213471, 42.701244 ], [ -71.191959, 42.697749 ], [ -71.188862, 42.696268 ], [ -71.185503, 42.675868 ], [ -71.151213, 42.681707 ], [ -71.128827, 42.67445 ], [ -71.127551, 42.67068 ], [ -71.124217, 42.667724 ], [ -71.129513, 42.666086 ], [ -71.126611, 42.661754 ], [ -71.120379, 42.663192 ], [ -71.076167, 42.604136 ], [ -71.135405, 42.59908 ], [ -71.143197, 42.604039 ], [ -71.148653, 42.613168 ], [ -71.154419, 42.615268 ], [ -71.158617, 42.612948 ], [ -71.159517, 42.607659 ], [ -71.164879, 42.598021 ], [ -71.171235, 42.60197 ], [ -71.175013, 42.614727 ], [ -71.171758, 42.616545 ], [ -71.256188, 42.657145 ] ] ] } },
{ "type": "Feature", "properties": { "Zip": "01876" }, "geometry": { "type": "Polygon", "coordinates": [ [ [ -71.296294, 42.612671 ], [ -71.283303, 42.615243 ], [ -71.277791, 42.620847 ], [ -71.271188, 42.644242 ], [ -71.275154, 42.656216 ], [ -71.264347, 42.657667 ], [ -71.256188, 42.657145 ], [ -71.171758, 42.616545 ], [ -71.175013, 42.614727 ], [ -71.171235, 42.60197 ], [ -71.164879, 42.598021 ], [ -71.175195, 42.592266 ], [ -71.192529, 42.564538 ], [ -71.25591, 42.593606 ], [ -71.253094, 42.592708 ], [ -71.254292, 42.59759 ], [ -71.261377, 42.596538 ], [ -71.296294, 42.612671 ] ] ] } },
{ "type": "Feature", "properties": { "Zip": "01860" }, "geometry": { "type": "Polygon", "coordinates": [ [ [ -71.054005, 42.833282 ], [ -71.04492, 42.848667 ], [ -71.031201, 42.859087 ], [ -71.004902, 42.863347 ], [ -70.979793, 42.844862 ], [ -70.96918, 42.822496 ], [ -70.972423, 42.823943 ], [ -70.979931, 42.824562 ], [ -70.996536, 42.821421 ], [ -71.001158, 42.817263 ], [ -70.999611, 42.810545 ], [ -71.054005, 42.833282 ] ] ] } },
{ "type": "Feature", "properties": { "Zip": "02025" }, "geometry": { "type": "Polygon", "coordinates": [ [ [ -70.85338, 42.239607 ], [ -70.841152, 42.243346 ], [ -70.841241, 42.244546 ], [ -70.849277, 42.247331 ], [ -70.848937, 42.25214 ], [ -70.844627, 42.260426 ], [ -70.840627, 42.260989 ], [ -70.836199, 42.264674 ], [ -70.817167, 42.264526 ], [ -70.812025, 42.262892 ], [ -70.810578, 42.260817 ], [ -70.807955, 42.261251 ], [ -70.806191, 42.259013 ], [ -70.802127, 42.259275 ], [ -70.799618, 42.256266 ], [ -70.795393, 42.256012 ], [ -70.79497, 42.252588 ], [ -70.79258, 42.254552 ], [ -70.780408, 42.258503 ], [ -70.780816, 42.249183 ], [ -70.784821, 42.246299 ], [ -70.789041, 42.24017 ], [ -70.786617, 42.239572 ], [ -70.783726, 42.240742 ], [ -70.783941, 42.237647 ], [ -70.781973, 42.236432 ], [ -70.78868, 42.232597 ], [ -70.787883, 42.2291 ], [ -70.785523, 42.229464 ], [ -70.785081, 42.225276 ], [ -70.788937, 42.225475 ], [ -70.78827, 42.223276 ], [ -70.827015, 42.200786 ], [ -70.8408, 42.213118 ], [ -70.85338, 42.239607 ] ] ] } },
{ "type": "Feature", "properties": { "Zip": "01718" }, "geometry": { "type": "Polygon", "coordinates": [ [ [ -71.433722, 42.521687 ], [ -71.432144, 42.524904 ], [ -71.430865, 42.524314 ], [ -71.429598, 42.525511 ], [ -71.425873, 42.523347 ], [ -71.427614, 42.518949 ], [ -71.430278, 42.516947 ], [ -71.433722, 42.521687 ] ] ] } },
{ "type": "Feature", "properties": { "Zip": "01731" }, "geometry": { "type": "Polygon", "coordinates": [ [ [ -71.304106, 42.473039 ], [ -71.301868, 42.473266 ], [ -71.303804, 42.47444 ], [ -71.301643, 42.476412 ], [ -71.295544, 42.47599 ], [ -71.293855, 42.477239 ], [ -71.292217, 42.476066 ], [ -71.289185, 42.476474 ], [ -71.287721, 42.475031 ], [ -71.284169, 42.477339 ], [ -71.282432, 42.476156 ], [ -71.284286, 42.474423 ], [ -71.283027, 42.473354 ], [ -71.281453, 42.47523 ], [ -71.278869, 42.474244 ], [ -71.278641, 42.472639 ], [ -71.266049, 42.471584 ], [ -71.265726, 42.472597 ], [ -71.264787, 42.471408 ], [ -71.267654, 42.467162 ], [ -71.266269, 42.466794 ], [ -71.268448, 42.462053 ], [ -71.265887, 42.46236 ], [ -71.263264, 42.460528 ], [ -71.263637, 42.458453 ], [ -71.266314, 42.457986 ], [ -71.266838, 42.456444 ], [ -71.264403, 42.454929 ], [ -71.269118, 42.451817 ], [ -71.273353, 42.452741 ], [ -71.273015, 42.451381 ], [ -71.277507, 42.44965 ], [ -71.285167, 42.449273 ], [ -71.288139, 42.453022 ], [ -71.287472, 42.457264 ], [ -71.286041, 42.457745 ], [ -71.289489, 42.464004 ], [ -71.287468, 42.464539 ], [ -71.289676, 42.466182 ], [ -71.289302, 42.464557 ], [ -71.298845, 42.462669 ], [ -71.300456, 42.465353 ], [ -71.298818, 42.465871 ], [ -71.301172, 42.466001 ], [ -71.299777, 42.466833 ], [ -71.302553, 42.471264 ], [ -71.304315, 42.4714 ], [ -71.304106, 42.473039 ] ] ] } },
{ "type": "Feature", "properties": { "Zip": "01432" }, "geometry": { "type": "Polygon", "coordinates": [ [ [ -71.619927, 42.552502 ], [ -71.610885, 42.554526 ], [ -71.612491, 42.559188 ], [ -71.606607, 42.566511 ], [ -71.611257, 42.568379 ], [ -71.611825, 42.571295 ], [ -71.616109, 42.574695 ], [ -71.609791, 42.577922 ], [ -71.609565, 42.580809 ], [ -71.606626, 42.583223 ], [ -71.511459, 42.569386 ], [ -71.520892, 42.564311 ], [ -71.523187, 42.559826 ], [ -71.533031, 42.55273 ], [ -71.542323, 42.550334 ], [ -71.53878, 42.54303 ], [ -71.572041, 42.548987 ], [ -71.572002, 42.552347 ], [ -71.574479, 42.553327 ], [ -71.575814, 42.551891 ], [ -71.578683, 42.551926 ], [ -71.590482, 42.554704 ], [ -71.592889, 42.544638 ], [ -71.594648, 42.543376 ], [ -71.605002, 42.546305 ], [ -71.605518, 42.54811 ], [ -71.607695, 42.548368 ], [ -71.608033, 42.552989 ], [ -71.618316, 42.551557 ], [ -71.619927, 42.552502 ] ] ] } },
{ "type": "Feature", "properties": { "Zip": "01748" }, "geometry": { "type": "Polygon", "coordinates": [ [ [ -71.602221, 42.218101 ], [ -71.586759, 42.259545 ], [ -71.562194, 42.267651 ], [ -71.556584, 42.268134 ], [ -71.539632, 42.262793 ], [ -71.538072, 42.264538 ], [ -71.532069, 42.266163 ], [ -71.522178, 42.266454 ], [ -71.522757, 42.255207 ], [ -71.486001, 42.24696 ], [ -71.486297, 42.23125 ], [ -71.475359, 42.229485 ], [ -71.46711, 42.230773 ], [ -71.463921, 42.226718 ], [ -71.460271, 42.216251 ], [ -71.506894, 42.188927 ], [ -71.539498, 42.189734 ], [ -71.555738, 42.182503 ], [ -71.556782, 42.19245 ], [ -71.572271, 42.192733 ], [ -71.571548, 42.194653 ], [ -71.58291, 42.195559 ], [ -71.602221, 42.218101 ] ] ] } },
{ "type": "Feature", "properties": { "Zip": "02322" }, "geometry": { "type": "Polygon", "coordinates": [ [ [ -71.070944, 42.132181 ], [ -71.063846, 42.140473 ], [ -71.056511, 42.153815 ], [ -71.04012, 42.137194 ], [ -71.02721, 42.132939 ], [ -71.026953, 42.123734 ], [ -71.021859, 42.118745 ], [ -71.061256, 42.103194 ], [ -71.060335, 42.106962 ], [ -71.070944, 42.132181 ] ] ] } },
{ "type": "Feature", "properties": { "Zip": "02346" }, "geometry": { "type": "Polygon", "coordinates": [ [ [ -70.999972, 41.929049 ], [ -70.998295, 41.930214 ], [ -70.998017, 41.934209 ], [ -70.990037, 41.931675 ], [ -70.987123, 41.937616 ], [ -70.979717, 41.94045 ], [ -70.976063, 41.939395 ], [ -70.973391, 41.940052 ], [ -70.956929, 41.934044 ], [ -70.949245, 41.934431 ], [ -70.94622, 41.932677 ], [ -70.938793, 41.941163 ], [ -70.936373, 41.946306 ], [ -70.93597, 41.953335 ], [ -70.932602, 41.958669 ], [ -70.929175, 41.960219 ], [ -70.923596, 41.959071 ], [ -70.92068, 41.963093 ], [ -70.913994, 41.961074 ], [ -70.914153, 41.962976 ], [ -70.909853, 41.96418 ], [ -70.910586, 41.966115 ], [ -70.908533, 41.966387 ], [ -70.869128, 41.948277 ], [ -70.860882, 41.954988 ], [ -70.845645, 41.942722 ], [ -70.815504, 41.913628 ], [ -70.802481, 41.875302 ], [ -70.811779, 41.873586 ], [ -70.809184, 41.868694 ], [ -70.801551, 41.862275 ], [ -70.797198, 41.86125 ], [ -70.793926, 41.857272 ], [ -70.794466, 41.849215 ], [ -70.790226, 41.846147 ], [ -70.790706, 41.842785 ], [ -70.787885, 41.839471 ], [ -70.789663, 41.838127 ], [ -70.788942, 41.836474 ], [ -70.784757, 41.833757 ], [ -70.780545, 41.833999 ], [ -70.779408, 41.831661 ], [ -70.772189, 41.83163 ], [ -70.763179, 41.809794 ], [ -70.8964, 41.79432 ], [ -70.898644, 41.814877 ], [ -70.893454, 41.827901 ], [ -70.918705, 41.851943 ], [ -70.916815, 41.8572 ], [ -70.917748, 41.858716 ], [ -70.914541, 41.859591 ], [ -70.912876, 41.861727 ], [ -70.914447, 41.862132 ], [ -70.913508, 41.863859 ], [ -70.916738, 41.867167 ], [ -70.912968, 41.870244 ], [ -70.916327, 41.87257 ], [ -70.916411, 41.876917 ], [ -70.919205, 41.879023 ], [ -70.963344, 41.896386 ], [ -70.967133, 41.901254 ], [ -70.976282, 41.901151 ], [ -70.984874, 41.907451 ], [ -70.987837, 41.905677 ], [ -70.992954, 41.90624 ], [ -70.990984, 41.910059 ], [ -70.991978, 41.915602 ], [ -70.993666, 41.916459 ], [ -70.994834, 41.914923 ], [ -70.996912, 41.91631 ], [ -70.997223, 41.923111 ], [ -70.995674, 41.925883 ], [ -70.999972, 41.929049 ] ] ] } },
{ "type": "Feature", "properties": { "Zip": "02332" }, "geometry": { "type": "Polygon", "coordinates": [ [ [ -70.781445, 42.04678 ], [ -70.749716, 42.096977 ], [ -70.698445, 42.070503 ], [ -70.697446, 42.067421 ], [ -70.682761, 42.057469 ], [ -70.647932, 42.072948 ], [ -70.629803, 42.077186 ], [ -70.622529, 42.060132 ], [ -70.608105, 42.037786 ], [ -70.598554, 42.013677 ], [ -70.6415, 42.013155 ], [ -70.653511, 41.987113 ], [ -70.664234, 41.988396 ], [ -70.668738, 41.990339 ], [ -70.673269, 42.00023 ], [ -70.682081, 42.001404 ], [ -70.698582, 42.006703 ], [ -70.711264, 42.002403 ], [ -70.721793, 42.002817 ], [ -70.724657, 42.007039 ], [ -70.724022, 42.009288 ], [ -70.73124, 42.017707 ], [ -70.769492, 42.022063 ], [ -70.765381, 42.031315 ], [ -70.761169, 42.031602 ], [ -70.759229, 42.034437 ], [ -70.762745, 42.038064 ], [ -70.76499, 42.038352 ], [ -70.768667, 42.045125 ], [ -70.781445, 42.04678 ] ] ] } },
{ "type": "Feature", "properties": { "Zip": "02359" }, "geometry": { "type": "Polygon", "coordinates": [ [ [ -70.847251, 42.050672 ], [ -70.84583, 42.055073 ], [ -70.836825, 42.059291 ], [ -70.841008, 42.060407 ], [ -70.838219, 42.063885 ], [ -70.843897, 42.077185 ], [ -70.84266, 42.088869 ], [ -70.845639, 42.092217 ], [ -70.843349, 42.094762 ], [ -70.83984, 42.094605 ], [ -70.83791, 42.096738 ], [ -70.826319, 42.100392 ], [ -70.821242, 42.100729 ], [ -70.819864, 42.099487 ], [ -70.811166, 42.098043 ], [ -70.809611, 42.099389 ], [ -70.812293, 42.103883 ], [ -70.804847, 42.111265 ], [ -70.80066, 42.109633 ], [ -70.798438, 42.112386 ], [ -70.793718, 42.106833 ], [ -70.789704, 42.106423 ], [ -70.79226, 42.109065 ], [ -70.790052, 42.108698 ], [ -70.7905, 42.110329 ], [ -70.788167, 42.110083 ], [ -70.788332, 42.111604 ], [ -70.783007, 42.112006 ], [ -70.782305, 42.116755 ], [ -70.779003, 42.115586 ], [ -70.777121, 42.116755 ], [ -70.775089, 42.115333 ], [ -70.777281, 42.113406 ], [ -70.775978, 42.112855 ], [ -70.766549, 42.114028 ], [ -70.765907, 42.10985 ], [ -70.759468, 42.109598 ], [ -70.762328, 42.103314 ], [ -70.749716, 42.096977 ], [ -70.781445, 42.04678 ], [ -70.768667, 42.045125 ], [ -70.76499, 42.038352 ], [ -70.762745, 42.038064 ], [ -70.759229, 42.034437 ], [ -70.761169, 42.031602 ], [ -70.765381, 42.031315 ], [ -70.769492, 42.022063 ], [ -70.775527, 42.023167 ], [ -70.796725, 42.020587 ], [ -70.800525, 42.016442 ], [ -70.799329, 42.013613 ], [ -70.807251, 42.012876 ], [ -70.809389, 42.016668 ], [ -70.81363, 42.019416 ], [ -70.812975, 42.022722 ], [ -70.814978, 42.023975 ], [ -70.833463, 42.019548 ], [ -70.844766, 42.042698 ], [ -70.841071, 42.044893 ], [ -70.845658, 42.046155 ], [ -70.847251, 42.050672 ] ] ] } },
{ "type": "Feature", "properties": { "Zip": "02115" }, "geometry": { "type": "Polygon", "coordinates": [ [ [ -71.113308, 42.332006 ], [ -71.109832, 42.336528 ], [ -71.108746, 42.33582 ], [ -71.106074, 42.338227 ], [ -71.107291, 42.338929 ], [ -71.103275, 42.342741 ], [ -71.097932, 42.338716 ], [ -71.092452, 42.341184 ], [ -71.092284, 42.342684 ], [ -71.094125, 42.343142 ], [ -71.091223, 42.343489 ], [ -71.090902, 42.346544 ], [ -71.087588, 42.346922 ], [ -71.091013, 42.350036 ], [ -71.0893, 42.350459 ], [ -71.089862, 42.351576 ], [ -71.085733, 42.352455 ], [ -71.083749, 42.34838 ], [ -71.085602, 42.347884 ], [ -71.084793, 42.346269 ], [ -71.080365, 42.344025 ], [ -71.090518, 42.335665 ], [ -71.093666, 42.336957 ], [ -71.095089, 42.334757 ], [ -71.097415, 42.336486 ], [ -71.106805, 42.332272 ], [ -71.109586, 42.333074 ], [ -71.110823, 42.331479 ], [ -71.113308, 42.332006 ] ] ] } },
{ "type": "Feature", "properties": { "Zip": "02446" }, "geometry": { "type": "Polygon", "coordinates": [ [ [ -71.139977, 42.34214 ], [ -71.133381, 42.347122 ], [ -71.122855, 42.351861 ], [ -71.106894, 42.348588 ], [ -71.105516, 42.343812 ], [ -71.111041, 42.340446 ], [ -71.11314, 42.335495 ], [ -71.117977, 42.336762 ], [ -71.12304, 42.33464 ], [ -71.128401, 42.3384 ], [ -71.1351, 42.33844 ], [ -71.139977, 42.34214 ] ] ] } },
{ "type": "Feature", "properties": { "Zip": "02155" }, "geometry": { "type": "Polygon", "coordinates": [ [ [ -71.149886, 42.43584 ], [ -71.129041, 42.435599 ], [ -71.127146, 42.438887 ], [ -71.121976, 42.439786 ], [ -71.124153, 42.444116 ], [ -71.119402, 42.453445 ], [ -71.085639, 42.444688 ], [ -71.089446, 42.426623 ], [ -71.08588, 42.417913 ], [ -71.081724, 42.415157 ], [ -71.07199, 42.411883 ], [ -71.073785, 42.408868 ], [ -71.071297, 42.406922 ], [ -71.075988, 42.399706 ], [ -71.075996, 42.396396 ], [ -71.085687, 42.400651 ], [ -71.091993, 42.3989 ], [ -71.096689, 42.400455 ], [ -71.100048, 42.396617 ], [ -71.101763, 42.396681 ], [ -71.113868, 42.400985 ], [ -71.115469, 42.405048 ], [ -71.117419, 42.405829 ], [ -71.116909, 42.401303 ], [ -71.120071, 42.402447 ], [ -71.123482, 42.40446 ], [ -71.122499, 42.406115 ], [ -71.124809, 42.406999 ], [ -71.12336, 42.409191 ], [ -71.12615, 42.409269 ], [ -71.128101, 42.41072 ], [ -71.12704, 42.412328 ], [ -71.129922, 42.413327 ], [ -71.126121, 42.417647 ], [ -71.130768, 42.417289 ], [ -71.132162, 42.415215 ], [ -71.136793, 42.415188 ], [ -71.14276, 42.419352 ], [ -71.142675, 42.421865 ], [ -71.146784, 42.425262 ], [ -71.149886, 42.43584 ] ] ] } },
{ "type": "Feature", "properties": { "Zip": "02130" }, "geometry": { "type": "Polygon", "coordinates": [ [ [ -71.140096, 42.302173 ], [ -71.129637, 42.315725 ], [ -71.12532, 42.313427 ], [ -71.123737, 42.313812 ], [ -71.124166, 42.316957 ], [ -71.127177, 42.318607 ], [ -71.121528, 42.323882 ], [ -71.119436, 42.322735 ], [ -71.116537, 42.323939 ], [ -71.113325, 42.331902 ], [ -71.110823, 42.331479 ], [ -71.10954, 42.328703 ], [ -71.105762, 42.326636 ], [ -71.09842, 42.326332 ], [ -71.102944, 42.319298 ], [ -71.0976, 42.31195 ], [ -71.097926, 42.310036 ], [ -71.10485, 42.30232 ], [ -71.100459, 42.299837 ], [ -71.099452, 42.298543 ], [ -71.100969, 42.297667 ], [ -71.096181, 42.292886 ], [ -71.097738, 42.292127 ], [ -71.101683, 42.293165 ], [ -71.110563, 42.28695 ], [ -71.113113, 42.288849 ], [ -71.1168, 42.28868 ], [ -71.119282, 42.290235 ], [ -71.115434, 42.298903 ], [ -71.12201, 42.295552 ], [ -71.129326, 42.296497 ], [ -71.129003, 42.299206 ], [ -71.135768, 42.298028 ], [ -71.137103, 42.301185 ], [ -71.140096, 42.302173 ] ] ] } },
{ "type": "Feature", "properties": { "Zip": "01983" }, "geometry": { "type": "Polygon", "coordinates": [ [ [ -70.985315, 42.612211 ], [ -70.982331, 42.616656 ], [ -70.976067, 42.621102 ], [ -70.976654, 42.623274 ], [ -70.971673, 42.624027 ], [ -70.971964, 42.624965 ], [ -70.969138, 42.625094 ], [ -70.968183, 42.626334 ], [ -70.974081, 42.630895 ], [ -70.975251, 42.634373 ], [ -70.973336, 42.636752 ], [ -70.97637, 42.640714 ], [ -70.97552, 42.642188 ], [ -70.960359, 42.649078 ], [ -70.968982, 42.673196 ], [ -70.936028, 42.663487 ], [ -70.920525, 42.670078 ], [ -70.916341, 42.660754 ], [ -70.904961, 42.661987 ], [ -70.90358, 42.660279 ], [ -70.905622, 42.658705 ], [ -70.905023, 42.652083 ], [ -70.901772, 42.65284 ], [ -70.898311, 42.648096 ], [ -70.900242, 42.64754 ], [ -70.89629, 42.643724 ], [ -70.895975, 42.639373 ], [ -70.904647, 42.638165 ], [ -70.90721, 42.634892 ], [ -70.903872, 42.632672 ], [ -70.906164, 42.630548 ], [ -70.910872, 42.62923 ], [ -70.912099, 42.630159 ], [ -70.913765, 42.628232 ], [ -70.916817, 42.628344 ], [ -70.915968, 42.627438 ], [ -70.919908, 42.625147 ], [ -70.917892, 42.624127 ], [ -70.918667, 42.622842 ], [ -70.918917, 42.623845 ], [ -70.925714, 42.622925 ], [ -70.927466, 42.617016 ], [ -70.931109, 42.612425 ], [ -70.932422, 42.613238 ], [ -70.943861, 42.609574 ], [ -70.954722, 42.605322 ], [ -70.964667, 42.599486 ], [ -70.966238, 42.601116 ], [ -70.967859, 42.60074 ], [ -70.980814, 42.606439 ], [ -70.985315, 42.612211 ] ] ] } },
{ "type": "Feature", "properties": { "Zip": "02338" }, "geometry": { "type": "Polygon", "coordinates": [ [ [ -70.912226, 41.978448 ], [ -70.91148, 41.980227 ], [ -70.901399, 41.982981 ], [ -70.897744, 42.016449 ], [ -70.894517, 42.026442 ], [ -70.864434, 42.02097 ], [ -70.860164, 42.016159 ], [ -70.849222, 42.015725 ], [ -70.814978, 42.023975 ], [ -70.812975, 42.022722 ], [ -70.81363, 42.019416 ], [ -70.809389, 42.016668 ], [ -70.806495, 42.010333 ], [ -70.818698, 41.996724 ], [ -70.822885, 41.984503 ], [ -70.863066, 41.956802 ], [ -70.860882, 41.954988 ], [ -70.869128, 41.948277 ], [ -70.908533, 41.966387 ], [ -70.907233, 41.969341 ], [ -70.908384, 41.974017 ], [ -70.912226, 41.978448 ] ] ] } },
{ "type": "Feature", "properties": { "Zip": "01915" }, "geometry": { "type": "Polygon", "coordinates": [ [ [ -70.922263, 42.591512 ], [ -70.835411, 42.590681 ], [ -70.820311, 42.577822 ], [ -70.819019, 42.579286 ], [ -70.813296, 42.580139 ], [ -70.810085, 42.584218 ], [ -70.794028, 42.5692 ], [ -70.793337, 42.564625 ], [ -70.798132, 42.563631 ], [ -70.801875, 42.560929 ], [ -70.804482, 42.561429 ], [ -70.816557, 42.554013 ], [ -70.818757, 42.556514 ], [ -70.822548, 42.556591 ], [ -70.824906, 42.559437 ], [ -70.820613, 42.560923 ], [ -70.818544, 42.564453 ], [ -70.819529, 42.568214 ], [ -70.826239, 42.56911 ], [ -70.829219, 42.565484 ], [ -70.836542, 42.570892 ], [ -70.842491, 42.57244 ], [ -70.845971, 42.567001 ], [ -70.83863, 42.562778 ], [ -70.827069, 42.559222 ], [ -70.826784, 42.555586 ], [ -70.829814, 42.552152 ], [ -70.832845, 42.550194 ], [ -70.835428, 42.551265 ], [ -70.840376, 42.550542 ], [ -70.845609, 42.547652 ], [ -70.848565, 42.549567 ], [ -70.856292, 42.544072 ], [ -70.856343, 42.539344 ], [ -70.862766, 42.53972 ], [ -70.867792, 42.541795 ], [ -70.878793, 42.537195 ], [ -70.886447, 42.538048 ], [ -70.887774, 42.536302 ], [ -70.8881, 42.539 ], [ -70.907019, 42.546626 ], [ -70.909208, 42.546248 ], [ -70.908399, 42.545558 ], [ -70.912394, 42.546695 ], [ -70.908589, 42.557585 ], [ -70.908381, 42.573049 ], [ -70.922263, 42.591512 ] ] ] } },
{ "type": "Feature", "properties": { "Zip": "01944" }, "geometry": { "type": "Polygon", "coordinates": [ [ [ -70.814543, 42.593415 ], [ -70.77345, 42.598248 ], [ -70.74565, 42.599576 ], [ -70.740455, 42.589996 ], [ -70.717111, 42.581506 ], [ -70.715629, 42.572419 ], [ -70.713002, 42.570694 ], [ -70.718704, 42.563857 ], [ -70.723106, 42.564441 ], [ -70.726178, 42.567082 ], [ -70.72605, 42.56944 ], [ -70.738595, 42.571515 ], [ -70.756228, 42.565724 ], [ -70.753569, 42.561016 ], [ -70.754152, 42.559343 ], [ -70.769029, 42.557734 ], [ -70.775034, 42.553657 ], [ -70.777258, 42.547746 ], [ -70.777085, 42.539462 ], [ -70.788368, 42.549549 ], [ -70.795415, 42.551479 ], [ -70.793312, 42.564264 ], [ -70.794028, 42.5692 ], [ -70.807036, 42.580464 ], [ -70.814543, 42.593415 ] ] ] } },
{ "type": "Feature", "properties": { "Zip": "01844" }, "geometry": { "type": "Polygon", "coordinates": [ [ [ -71.2551, 42.736592 ], [ -71.245426, 42.742546 ], [ -71.237432, 42.744895 ], [ -71.22383, 42.746484 ], [ -71.181786, 42.737341 ], [ -71.18614, 42.790935 ], [ -71.182398, 42.79433 ], [ -71.130615, 42.76078 ], [ -71.12604, 42.752507 ], [ -71.119345, 42.747575 ], [ -71.115588, 42.741955 ], [ -71.118606, 42.736623 ], [ -71.134198, 42.721505 ], [ -71.171152, 42.723005 ], [ -71.191212, 42.71057 ], [ -71.188862, 42.696268 ], [ -71.194549, 42.698383 ], [ -71.212798, 42.701188 ], [ -71.219821, 42.699806 ], [ -71.224622, 42.693934 ], [ -71.225649, 42.685783 ], [ -71.228663, 42.679213 ], [ -71.238179, 42.669419 ], [ -71.239565, 42.675237 ], [ -71.234125, 42.676805 ], [ -71.238602, 42.679404 ], [ -71.24175, 42.685593 ], [ -71.2551, 42.736592 ] ] ] } },
{ "type": "Feature", "properties": { "Zip": "01952" }, "geometry": { "type": "Polygon", "coordinates": [ [ [ -70.914631, 42.886648 ], [ -70.903533, 42.886778 ], [ -70.885602, 42.882834 ], [ -70.847718, 42.860867 ], [ -70.836725, 42.86468 ], [ -70.829693, 42.868725 ], [ -70.820238, 42.871787 ], [ -70.813832, 42.872298 ], [ -70.813593, 42.849951 ], [ -70.810315, 42.827235 ], [ -70.807341, 42.818661 ], [ -70.81915, 42.819805 ], [ -70.83234, 42.814883 ], [ -70.847293, 42.812395 ], [ -70.867648, 42.813697 ], [ -70.87312, 42.815789 ], [ -70.883028, 42.823397 ], [ -70.890069, 42.826309 ], [ -70.896581, 42.832225 ], [ -70.904198, 42.83389 ], [ -70.899832, 42.847386 ], [ -70.914631, 42.886648 ] ] ] } },
{ "type": "Feature", "properties": { "Zip": "01826" }, "geometry": { "type": "Polygon", "coordinates": [ [ [ -71.378798, 42.683092 ], [ -71.374014, 42.68937 ], [ -71.373032, 42.692768 ], [ -71.374266, 42.693389 ], [ -71.369729, 42.69841 ], [ -71.294637, 42.697042 ], [ -71.278949, 42.71135 ], [ -71.267873, 42.726026 ], [ -71.255147, 42.736554 ], [ -71.24175, 42.685593 ], [ -71.238602, 42.679404 ], [ -71.234125, 42.676805 ], [ -71.239565, 42.675237 ], [ -71.238179, 42.669419 ], [ -71.242968, 42.662042 ], [ -71.250763, 42.660782 ], [ -71.256733, 42.657001 ], [ -71.264347, 42.657667 ], [ -71.275154, 42.656216 ], [ -71.280406, 42.65412 ], [ -71.28686, 42.648868 ], [ -71.299569, 42.666515 ], [ -71.357523, 42.654454 ], [ -71.368882, 42.661753 ], [ -71.366434, 42.666678 ], [ -71.369626, 42.669334 ], [ -71.371579, 42.664145 ], [ -71.373365, 42.666123 ], [ -71.378798, 42.683092 ] ] ] } },
{ "type": "Feature", "properties": { "Zip": "01985" }, "geometry": { "type": "Polygon", "coordinates": [ [ [ -71.020376, 42.784372 ], [ -71.017989, 42.79243 ], [ -71.003435, 42.801101 ], [ -70.999504, 42.805571 ], [ -70.998685, 42.808627 ], [ -71.001354, 42.814967 ], [ -71.000323, 42.818649 ], [ -70.995817, 42.821685 ], [ -70.979931, 42.824562 ], [ -70.972423, 42.823943 ], [ -70.960927, 42.819867 ], [ -70.946343, 42.820583 ], [ -70.940294, 42.822548 ], [ -70.93585, 42.817731 ], [ -70.934201, 42.817849 ], [ -70.933719, 42.815667 ], [ -70.930663, 42.814595 ], [ -70.931591, 42.812116 ], [ -70.929622, 42.808811 ], [ -70.931569, 42.806404 ], [ -70.930809, 42.802691 ], [ -70.917388, 42.78747 ], [ -70.92625, 42.781026 ], [ -70.940534, 42.775809 ], [ -70.958291, 42.765652 ], [ -70.963419, 42.765377 ], [ -70.967188, 42.758277 ], [ -70.996485, 42.771646 ], [ -71.020376, 42.784372 ] ] ] } },
{ "type": "Feature", "properties": { "Zip": "01469" }, "geometry": { "type": "Polygon", "coordinates": [ [ [ -71.740602, 42.679668 ], [ -71.733228, 42.682531 ], [ -71.73032, 42.706868 ], [ -71.651836, 42.704769 ], [ -71.650721, 42.69092 ], [ -71.664601, 42.611598 ], [ -71.732257, 42.631454 ], [ -71.720639, 42.650115 ], [ -71.722322, 42.658119 ], [ -71.721176, 42.660021 ], [ -71.731488, 42.659615 ], [ -71.735663, 42.662812 ], [ -71.724491, 42.676285 ], [ -71.732881, 42.678173 ], [ -71.737007, 42.677426 ], [ -71.740602, 42.679668 ] ] ] } },
{ "type": "Feature", "properties": { "Zip": "02090" }, "geometry": { "type": "Polygon", "coordinates": [ [ [ -71.251416, 42.202613 ], [ -71.231717, 42.25927 ], [ -71.206154, 42.243391 ], [ -71.186193, 42.228675 ], [ -71.166722, 42.223601 ], [ -71.145922, 42.209227 ], [ -71.148463, 42.206593 ], [ -71.145643, 42.206211 ], [ -71.152349, 42.198033 ], [ -71.154831, 42.196942 ], [ -71.178675, 42.212301 ], [ -71.18297, 42.212636 ], [ -71.18392, 42.21097 ], [ -71.18687, 42.21305 ], [ -71.19723, 42.21374 ], [ -71.210778, 42.208806 ], [ -71.238343, 42.182791 ], [ -71.240913, 42.184278 ], [ -71.24347, 42.196296 ], [ -71.251416, 42.202613 ] ] ] } },
{ "type": "Feature", "properties": { "Zip": "02052" }, "geometry": { "type": "Polygon", "coordinates": [ [ [ -71.352179, 42.207489 ], [ -71.350317, 42.213651 ], [ -71.34684, 42.215586 ], [ -71.339954, 42.213873 ], [ -71.338435, 42.215232 ], [ -71.271058, 42.215632 ], [ -71.268088, 42.20958 ], [ -71.275671, 42.181667 ], [ -71.275025, 42.148623 ], [ -71.33966, 42.149377 ], [ -71.334097, 42.153971 ], [ -71.333962, 42.156758 ], [ -71.331424, 42.15775 ], [ -71.333201, 42.159067 ], [ -71.332411, 42.160409 ], [ -71.330844, 42.159969 ], [ -71.332502, 42.161986 ], [ -71.331009, 42.16409 ], [ -71.332776, 42.163628 ], [ -71.332549, 42.165977 ], [ -71.334007, 42.166622 ], [ -71.331267, 42.168231 ], [ -71.332993, 42.168189 ], [ -71.333327, 42.169705 ], [ -71.327928, 42.172711 ], [ -71.324069, 42.17179 ], [ -71.32297, 42.173602 ], [ -71.318953, 42.173859 ], [ -71.318187, 42.178034 ], [ -71.320893, 42.178331 ], [ -71.320159, 42.179901 ], [ -71.325535, 42.181647 ], [ -71.326012, 42.184093 ], [ -71.32961, 42.185056 ], [ -71.32845, 42.186443 ], [ -71.332019, 42.188743 ], [ -71.335145, 42.188484 ], [ -71.335823, 42.19124 ], [ -71.339406, 42.190646 ], [ -71.338974, 42.194378 ], [ -71.340557, 42.194909 ], [ -71.338283, 42.196034 ], [ -71.340271, 42.197965 ], [ -71.342729, 42.198134 ], [ -71.342878, 42.199782 ], [ -71.344618, 42.198584 ], [ -71.344072, 42.201107 ], [ -71.346541, 42.204641 ], [ -71.349852, 42.205251 ], [ -71.352179, 42.207489 ] ] ] } },
{ "type": "Feature", "properties": { "Zip": "01746" }, "geometry": { "type": "Polygon", "coordinates": [ [ [ -71.502626, 42.191416 ], [ -71.460271, 42.216251 ], [ -71.463921, 42.226718 ], [ -71.46711, 42.230773 ], [ -71.419826, 42.238145 ], [ -71.417259, 42.237888 ], [ -71.413362, 42.234557 ], [ -71.412538, 42.228171 ], [ -71.409049, 42.224575 ], [ -71.410022, 42.218749 ], [ -71.401953, 42.21542 ], [ -71.403582, 42.214287 ], [ -71.397529, 42.210302 ], [ -71.397341, 42.207889 ], [ -71.393923, 42.207089 ], [ -71.391706, 42.209742 ], [ -71.388489, 42.208005 ], [ -71.388206, 42.204303 ], [ -71.380182, 42.201759 ], [ -71.384765, 42.192014 ], [ -71.404427, 42.188433 ], [ -71.402295, 42.178794 ], [ -71.42355, 42.178131 ], [ -71.42373, 42.179253 ], [ -71.430174, 42.179386 ], [ -71.444067, 42.174889 ], [ -71.464005, 42.158199 ], [ -71.472744, 42.156873 ], [ -71.478119, 42.156782 ], [ -71.478027, 42.165871 ], [ -71.497378, 42.166643 ], [ -71.502626, 42.191416 ] ] ] } },
{ "type": "Feature", "properties": { "Zip": "02030" }, "geometry": { "type": "Polygon", "coordinates": [ [ [ -71.343164, 42.220772 ], [ -71.340689, 42.22485 ], [ -71.329695, 42.233328 ], [ -71.331185, 42.237585 ], [ -71.329377, 42.245148 ], [ -71.332496, 42.249075 ], [ -71.302922, 42.248274 ], [ -71.309493, 42.275847 ], [ -71.303974, 42.278858 ], [ -71.300315, 42.282897 ], [ -71.297514, 42.280909 ], [ -71.299641, 42.275002 ], [ -71.294781, 42.272762 ], [ -71.297849, 42.272183 ], [ -71.301271, 42.267244 ], [ -71.295417, 42.266803 ], [ -71.295268, 42.264915 ], [ -71.29194, 42.267282 ], [ -71.287753, 42.265204 ], [ -71.286756, 42.266144 ], [ -71.283957, 42.262616 ], [ -71.279134, 42.260008 ], [ -71.271462, 42.262012 ], [ -71.271133, 42.258074 ], [ -71.265949, 42.254959 ], [ -71.264826, 42.255595 ], [ -71.265737, 42.259949 ], [ -71.256594, 42.254839 ], [ -71.248844, 42.255592 ], [ -71.24521, 42.259252 ], [ -71.236806, 42.259849 ], [ -71.232285, 42.258425 ], [ -71.251416, 42.202613 ], [ -71.261055, 42.204096 ], [ -71.269569, 42.200499 ], [ -71.268088, 42.20958 ], [ -71.271058, 42.215632 ], [ -71.338305, 42.215212 ], [ -71.343164, 42.220772 ] ] ] } },
{ "type": "Feature", "properties": { "Zip": "02466" }, "geometry": { "type": "Polygon", "coordinates": [ [ [ -71.261895, 42.342059 ], [ -71.260306, 42.348194 ], [ -71.258624, 42.349361 ], [ -71.260358, 42.353658 ], [ -71.256465, 42.354905 ], [ -71.255731, 42.353754 ], [ -71.253146, 42.355897 ], [ -71.243076, 42.358875 ], [ -71.239196, 42.357575 ], [ -71.238013, 42.353962 ], [ -71.23952, 42.353414 ], [ -71.239345, 42.349564 ], [ -71.237457, 42.347232 ], [ -71.242346, 42.346801 ], [ -71.237605, 42.346906 ], [ -71.236821, 42.344613 ], [ -71.239283, 42.344294 ], [ -71.237993, 42.343288 ], [ -71.24, 42.342029 ], [ -71.233769, 42.338461 ], [ -71.238009, 42.330378 ], [ -71.253843, 42.338366 ], [ -71.257401, 42.335526 ], [ -71.258581, 42.336834 ], [ -71.255769, 42.339963 ], [ -71.261895, 42.342059 ] ] ] } },
{ "type": "Feature", "properties": { "Zip": "02420" }, "geometry": { "type": "Polygon", "coordinates": [ [ [ -71.255717, 42.479747 ], [ -71.251986, 42.485015 ], [ -71.240906, 42.490013 ], [ -71.237566, 42.496041 ], [ -71.223018, 42.480775 ], [ -71.222242, 42.477933 ], [ -71.223815, 42.475899 ], [ -71.212116, 42.466244 ], [ -71.210223, 42.470727 ], [ -71.204317, 42.465845 ], [ -71.206967, 42.463624 ], [ -71.189635, 42.44983 ], [ -71.185713, 42.445004 ], [ -71.177885, 42.440201 ], [ -71.19264, 42.424963 ], [ -71.203162, 42.426727 ], [ -71.208296, 42.429097 ], [ -71.207914, 42.431428 ], [ -71.212492, 42.436206 ], [ -71.214081, 42.44046 ], [ -71.234198, 42.452157 ], [ -71.232606, 42.453043 ], [ -71.239732, 42.459256 ], [ -71.238365, 42.459728 ], [ -71.239346, 42.46142 ], [ -71.243715, 42.463389 ], [ -71.244452, 42.465103 ], [ -71.240809, 42.463899 ], [ -71.244228, 42.46597 ], [ -71.2426, 42.467023 ], [ -71.245662, 42.471266 ], [ -71.255717, 42.479747 ] ] ] } },
{ "type": "Feature", "properties": { "Zip": "02421" }, "geometry": { "type": "Polygon", "coordinates": [ [ [ -71.271244, 42.452115 ], [ -71.269118, 42.451817 ], [ -71.264403, 42.454929 ], [ -71.266838, 42.456444 ], [ -71.263139, 42.460227 ], [ -71.265887, 42.46236 ], [ -71.268448, 42.462053 ], [ -71.266269, 42.466794 ], [ -71.267654, 42.467162 ], [ -71.261515, 42.476246 ], [ -71.255717, 42.479747 ], [ -71.245662, 42.471266 ], [ -71.2426, 42.467023 ], [ -71.244228, 42.46597 ], [ -71.240809, 42.463899 ], [ -71.244452, 42.465103 ], [ -71.243715, 42.463389 ], [ -71.239346, 42.46142 ], [ -71.238365, 42.459728 ], [ -71.239732, 42.459256 ], [ -71.232606, 42.453043 ], [ -71.234198, 42.452157 ], [ -71.214081, 42.44046 ], [ -71.212492, 42.436206 ], [ -71.207914, 42.431428 ], [ -71.208296, 42.429097 ], [ -71.203162, 42.426727 ], [ -71.19264, 42.424963 ], [ -71.211261, 42.406074 ], [ -71.26723, 42.424438 ], [ -71.26615, 42.429916 ], [ -71.271244, 42.452115 ] ] ] } },
{ "type": "Feature", "properties": { "Zip": "01821" }, "geometry": { "type": "Polygon", "coordinates": [ [ [ -71.306699, 42.520593 ], [ -71.30461, 42.529285 ], [ -71.296763, 42.536728 ], [ -71.295982, 42.541545 ], [ -71.287233, 42.547896 ], [ -71.284785, 42.551849 ], [ -71.291519, 42.557806 ], [ -71.295622, 42.558532 ], [ -71.297006, 42.560265 ], [ -71.296977, 42.561883 ], [ -71.29312, 42.561722 ], [ -71.29264, 42.563704 ], [ -71.297281, 42.566318 ], [ -71.292224, 42.572208 ], [ -71.281471, 42.574661 ], [ -71.279893, 42.573655 ], [ -71.281419, 42.567103 ], [ -71.275296, 42.565749 ], [ -71.273376, 42.567931 ], [ -71.273896, 42.571771 ], [ -71.269612, 42.572727 ], [ -71.274184, 42.573393 ], [ -71.273847, 42.575148 ], [ -71.261137, 42.586271 ], [ -71.256319, 42.588358 ], [ -71.240664, 42.581774 ], [ -71.243818, 42.584143 ], [ -71.242829, 42.587959 ], [ -71.211127, 42.573313 ], [ -71.215314, 42.570345 ], [ -71.214262, 42.56514 ], [ -71.215701, 42.562616 ], [ -71.218672, 42.561651 ], [ -71.208872, 42.554536 ], [ -71.211391, 42.553071 ], [ -71.20983, 42.551444 ], [ -71.210599, 42.547665 ], [ -71.212372, 42.547544 ], [ -71.204994, 42.544489 ], [ -71.217956, 42.524047 ], [ -71.22187, 42.525234 ], [ -71.231897, 42.506367 ], [ -71.236924, 42.511491 ], [ -71.238927, 42.516759 ], [ -71.24143, 42.514858 ], [ -71.245225, 42.517933 ], [ -71.240851, 42.520291 ], [ -71.242576, 42.51994 ], [ -71.250142, 42.52573 ], [ -71.254572, 42.522593 ], [ -71.256396, 42.523992 ], [ -71.264098, 42.524081 ], [ -71.278107, 42.526713 ], [ -71.303739, 42.519926 ], [ -71.306699, 42.520593 ] ] ] } },
{ "type": "Feature", "properties": { "Zip": "01890" }, "geometry": { "type": "Polygon", "coordinates": [ [ [ -71.189635, 42.44983 ], [ -71.163003, 42.460196 ], [ -71.156237, 42.456917 ], [ -71.15233, 42.463707 ], [ -71.123862, 42.473392 ], [ -71.109521, 42.473895 ], [ -71.124153, 42.444116 ], [ -71.121976, 42.439786 ], [ -71.127146, 42.438887 ], [ -71.129041, 42.435599 ], [ -71.182277, 42.436279 ], [ -71.177885, 42.440201 ], [ -71.185713, 42.445004 ], [ -71.189635, 42.44983 ] ] ] } },
{ "type": "Feature", "properties": { "Zip": "02451" }, "geometry": { "type": "Polygon", "coordinates": [ [ [ -71.28565, 42.404762 ], [ -71.282251, 42.410715 ], [ -71.279329, 42.409854 ], [ -71.278832, 42.411329 ], [ -71.274421, 42.409877 ], [ -71.26723, 42.424438 ], [ -71.232915, 42.413179 ], [ -71.2346, 42.407545 ], [ -71.236438, 42.407909 ], [ -71.23794, 42.405363 ], [ -71.236843, 42.402696 ], [ -71.234057, 42.402123 ], [ -71.234244, 42.399821 ], [ -71.23725, 42.396244 ], [ -71.241082, 42.39701 ], [ -71.241554, 42.395362 ], [ -71.237746, 42.392999 ], [ -71.239242, 42.389536 ], [ -71.236912, 42.383111 ], [ -71.241724, 42.383129 ], [ -71.242139, 42.381494 ], [ -71.236495, 42.381668 ], [ -71.236012, 42.379788 ], [ -71.238134, 42.37812 ], [ -71.235717, 42.377997 ], [ -71.235767, 42.376349 ], [ -71.246516, 42.375331 ], [ -71.24709, 42.37629 ], [ -71.249202, 42.375286 ], [ -71.249207, 42.376299 ], [ -71.25158, 42.376309 ], [ -71.252724, 42.37464 ], [ -71.253357, 42.376331 ], [ -71.263198, 42.374834 ], [ -71.265105, 42.37611 ], [ -71.26977, 42.374632 ], [ -71.275992, 42.375888 ], [ -71.267761, 42.390141 ], [ -71.276172, 42.392916 ], [ -71.279583, 42.398752 ], [ -71.282825, 42.399728 ], [ -71.281205, 42.402691 ], [ -71.28565, 42.404762 ] ] ] } },
{ "type": "Feature", "properties": { "Zip": "01867" }, "geometry": { "type": "Polygon", "coordinates": [ [ [ -71.136478, 42.552367 ], [ -71.131227, 42.552667 ], [ -71.129242, 42.554735 ], [ -71.126926, 42.554154 ], [ -71.12609, 42.556873 ], [ -71.118481, 42.561363 ], [ -71.110162, 42.561431 ], [ -71.104712, 42.566647 ], [ -71.103711, 42.564962 ], [ -71.08989, 42.558222 ], [ -71.070978, 42.555889 ], [ -71.07515, 42.531035 ], [ -71.081085, 42.525473 ], [ -71.083507, 42.525489 ], [ -71.096773, 42.511678 ], [ -71.097463, 42.510246 ], [ -71.094115, 42.507365 ], [ -71.099645, 42.506431 ], [ -71.098189, 42.504976 ], [ -71.100173, 42.504385 ], [ -71.100727, 42.502242 ], [ -71.11976, 42.500292 ], [ -71.133974, 42.527141 ], [ -71.131295, 42.53182 ], [ -71.136478, 42.552367 ] ] ] } },
{ "type": "Feature", "properties": { "Zip": "01862" }, "geometry": { "type": "Polygon", "coordinates": [ [ [ -71.332556, 42.560739 ], [ -71.294249, 42.605539 ], [ -71.297028, 42.613011 ], [ -71.261377, 42.596538 ], [ -71.254292, 42.59759 ], [ -71.253094, 42.592708 ], [ -71.25591, 42.593606 ], [ -71.242829, 42.587959 ], [ -71.243818, 42.584143 ], [ -71.240664, 42.581774 ], [ -71.25553, 42.588262 ], [ -71.259424, 42.587455 ], [ -71.274106, 42.57481 ], [ -71.274184, 42.573393 ], [ -71.269612, 42.572727 ], [ -71.273896, 42.571771 ], [ -71.273376, 42.567931 ], [ -71.275296, 42.565749 ], [ -71.281419, 42.567103 ], [ -71.279893, 42.573655 ], [ -71.281471, 42.574661 ], [ -71.290793, 42.572772 ], [ -71.295137, 42.570251 ], [ -71.297281, 42.566318 ], [ -71.29264, 42.563704 ], [ -71.29312, 42.561722 ], [ -71.296977, 42.561883 ], [ -71.297006, 42.560265 ], [ -71.295622, 42.558532 ], [ -71.291519, 42.557806 ], [ -71.284785, 42.551849 ], [ -71.287233, 42.547896 ], [ -71.295982, 42.541545 ], [ -71.296763, 42.536728 ], [ -71.304594, 42.529105 ], [ -71.307538, 42.529999 ], [ -71.307185, 42.533221 ], [ -71.318313, 42.542782 ], [ -71.314385, 42.549554 ], [ -71.319618, 42.55407 ], [ -71.332556, 42.560739 ] ] ] } },
{ "type": "Feature", "properties": { "Zip": "01463" }, "geometry": { "type": "Polygon", "coordinates": [ [ [ -71.657916, 42.650023 ], [ -71.650721, 42.69092 ], [ -71.651836, 42.704769 ], [ -71.542538, 42.702661 ], [ -71.544392, 42.698871 ], [ -71.556445, 42.689552 ], [ -71.555529, 42.678399 ], [ -71.557464, 42.676333 ], [ -71.538858, 42.67417 ], [ -71.532408, 42.668978 ], [ -71.537136, 42.663495 ], [ -71.579296, 42.654301 ], [ -71.57985, 42.647911 ], [ -71.582081, 42.644344 ], [ -71.584473, 42.64642 ], [ -71.586731, 42.646269 ], [ -71.588055, 42.637832 ], [ -71.592363, 42.636964 ], [ -71.591248, 42.635502 ], [ -71.592958, 42.633122 ], [ -71.589216, 42.632915 ], [ -71.587874, 42.631153 ], [ -71.593208, 42.629054 ], [ -71.593254, 42.626383 ], [ -71.600309, 42.625972 ], [ -71.605621, 42.631026 ], [ -71.608056, 42.62738 ], [ -71.61418, 42.628498 ], [ -71.64074, 42.639266 ], [ -71.657916, 42.650023 ] ] ] } },
{ "type": "Feature", "properties": { "Zip": "01827" }, "geometry": { "type": "Polygon", "coordinates": [ [ [ -71.557464, 42.676333 ], [ -71.555529, 42.678399 ], [ -71.556445, 42.689552 ], [ -71.544392, 42.698871 ], [ -71.542538, 42.702661 ], [ -71.457691, 42.700525 ], [ -71.456336, 42.695849 ], [ -71.461033, 42.691969 ], [ -71.459532, 42.690421 ], [ -71.457027, 42.690657 ], [ -71.456121, 42.686352 ], [ -71.452088, 42.687154 ], [ -71.44803, 42.680913 ], [ -71.446418, 42.67041 ], [ -71.452343, 42.669743 ], [ -71.452369, 42.669386 ], [ -71.448618, 42.667735 ], [ -71.446956, 42.663168 ], [ -71.458683, 42.659755 ], [ -71.457188, 42.658369 ], [ -71.474784, 42.649889 ], [ -71.479484, 42.658794 ], [ -71.482511, 42.65103 ], [ -71.489029, 42.649197 ], [ -71.496484, 42.649802 ], [ -71.514969, 42.643623 ], [ -71.534413, 42.648414 ], [ -71.537136, 42.663495 ], [ -71.532408, 42.668978 ], [ -71.538858, 42.67417 ], [ -71.557464, 42.676333 ] ] ] } },
{ "type": "Feature", "properties": { "Zip": "02738" }, "geometry": { "type": "Polygon", "coordinates": [ [ [ -70.802937, 41.687082 ], [ -70.796188, 41.728359 ], [ -70.791736, 41.732585 ], [ -70.793716, 41.734702 ], [ -70.793212, 41.743168 ], [ -70.785766, 41.747398 ], [ -70.787496, 41.749812 ], [ -70.786627, 41.756863 ], [ -70.780049, 41.762793 ], [ -70.778752, 41.761246 ], [ -70.781551, 41.750349 ], [ -70.778981, 41.744303 ], [ -70.774395, 41.739842 ], [ -70.774992, 41.734194 ], [ -70.772662, 41.735095 ], [ -70.77301, 41.733791 ], [ -70.768375, 41.733951 ], [ -70.763626, 41.73889 ], [ -70.761857, 41.739321 ], [ -70.760503, 41.738866 ], [ -70.760067, 41.739024 ], [ -70.75958, 41.742208 ], [ -70.755375, 41.742299 ], [ -70.751192, 41.738295 ], [ -70.746607, 41.738336 ], [ -70.744272, 41.73681 ], [ -70.742982, 41.735183 ], [ -70.744488, 41.732584 ], [ -70.742865, 41.730814 ], [ -70.738583, 41.731239 ], [ -70.728231, 41.725992 ], [ -70.723795, 41.721881 ], [ -70.727209, 41.720108 ], [ -70.725088, 41.716862 ], [ -70.722842, 41.715882 ], [ -70.721446, 41.712896 ], [ -70.714774, 41.711 ], [ -70.712758, 41.708344 ], [ -70.71487, 41.701704 ], [ -70.715273, 41.691486 ], [ -70.718456, 41.689065 ], [ -70.714199, 41.681357 ], [ -70.715587, 41.680993 ], [ -70.716594, 41.682589 ], [ -70.71565, 41.675985 ], [ -70.719829, 41.677993 ], [ -70.741579, 41.673257 ], [ -70.7491, 41.668466 ], [ -70.762947, 41.677596 ], [ -70.786075, 41.674431 ], [ -70.802937, 41.687082 ] ] ] } },
{ "type": "Feature", "properties": { "Zip": "02492" }, "geometry": { "type": "Polygon", "coordinates": [ [ [ -71.301249, 42.267325 ], [ -71.2976, 42.272364 ], [ -71.294912, 42.27243 ], [ -71.251033, 42.303683 ], [ -71.248532, 42.301536 ], [ -71.248565, 42.299068 ], [ -71.250413, 42.298018 ], [ -71.248558, 42.296974 ], [ -71.250267, 42.295994 ], [ -71.249945, 42.293681 ], [ -71.246935, 42.293529 ], [ -71.247284, 42.287627 ], [ -71.243696, 42.285708 ], [ -71.23844, 42.28877 ], [ -71.23491, 42.28736 ], [ -71.2357, 42.28521 ], [ -71.229894, 42.285426 ], [ -71.22975, 42.287403 ], [ -71.227229, 42.287124 ], [ -71.218619, 42.290232 ], [ -71.217531, 42.294827 ], [ -71.215776, 42.293118 ], [ -71.207881, 42.297157 ], [ -71.204957, 42.289304 ], [ -71.196355, 42.285957 ], [ -71.195006, 42.288164 ], [ -71.193087, 42.287951 ], [ -71.190886, 42.285823 ], [ -71.191131, 42.282364 ], [ -71.188212, 42.280438 ], [ -71.196694, 42.269224 ], [ -71.199523, 42.267797 ], [ -71.211174, 42.267298 ], [ -71.218106, 42.268655 ], [ -71.219739, 42.263622 ], [ -71.223188, 42.262697 ], [ -71.228947, 42.264249 ], [ -71.232409, 42.258351 ], [ -71.236806, 42.259849 ], [ -71.24521, 42.259252 ], [ -71.248626, 42.2557 ], [ -71.252919, 42.254981 ], [ -71.25733, 42.254987 ], [ -71.265737, 42.259949 ], [ -71.264848, 42.255349 ], [ -71.266602, 42.255052 ], [ -71.271133, 42.258074 ], [ -71.271462, 42.262012 ], [ -71.279134, 42.260008 ], [ -71.283957, 42.262616 ], [ -71.286756, 42.266144 ], [ -71.287753, 42.265204 ], [ -71.29194, 42.267282 ], [ -71.295071, 42.264876 ], [ -71.295417, 42.266803 ], [ -71.301249, 42.267325 ] ] ] } },
{ "type": "Feature", "properties": { "Zip": "02066" }, "geometry": { "type": "Polygon", "coordinates": [ [ [ -70.838802, 42.194836 ], [ -70.78827, 42.223276 ], [ -70.788937, 42.225475 ], [ -70.785081, 42.225276 ], [ -70.785523, 42.229464 ], [ -70.787883, 42.2291 ], [ -70.78868, 42.232597 ], [ -70.781973, 42.236432 ], [ -70.783941, 42.237647 ], [ -70.783726, 42.240742 ], [ -70.786617, 42.239572 ], [ -70.789041, 42.24017 ], [ -70.784821, 42.246299 ], [ -70.780816, 42.249183 ], [ -70.780717, 42.251944 ], [ -70.767342, 42.254188 ], [ -70.767729, 42.250877 ], [ -70.763304, 42.251071 ], [ -70.765413, 42.244208 ], [ -70.763137, 42.242068 ], [ -70.760782, 42.242266 ], [ -70.758973, 42.233738 ], [ -70.754024, 42.227033 ], [ -70.746584, 42.220861 ], [ -70.720969, 42.230863 ], [ -70.705527, 42.204783 ], [ -70.712397, 42.202593 ], [ -70.715267, 42.185356 ], [ -70.712033, 42.176968 ], [ -70.711433, 42.16678 ], [ -70.705712, 42.164369 ], [ -70.708377, 42.161172 ], [ -70.71205, 42.16009 ], [ -70.711627, 42.158572 ], [ -70.713281, 42.161205 ], [ -70.719684, 42.164869 ], [ -70.724156, 42.165392 ], [ -70.729261, 42.165107 ], [ -70.732953, 42.160682 ], [ -70.736694, 42.162519 ], [ -70.744875, 42.16138 ], [ -70.748801, 42.164908 ], [ -70.752394, 42.163937 ], [ -70.777864, 42.183854 ], [ -70.813502, 42.195372 ], [ -70.838802, 42.194836 ] ] ] } },
{ "type": "Feature", "properties": { "Zip": "02366" }, "geometry": { "type": "Polygon", "coordinates": [ [ [ -70.664043, 41.847266 ], [ -70.66111, 41.851031 ], [ -70.658582, 41.849864 ], [ -70.660465, 41.846909 ], [ -70.664043, 41.847266 ] ] ] } },
{ "type": "Feature", "properties": { "Zip": "02350" }, "geometry": { "type": "Polygon", "coordinates": [ [ [ -70.85042, 42.019746 ], [ -70.845211, 42.023342 ], [ -70.8419, 42.023212 ], [ -70.841713, 42.019968 ], [ -70.844923, 42.021161 ], [ -70.845724, 42.019902 ], [ -70.842296, 42.019089 ], [ -70.843816, 42.017052 ], [ -70.846406, 42.017927 ], [ -70.845347, 42.019405 ], [ -70.848442, 42.017889 ], [ -70.85042, 42.019746 ] ] ] } },
{ "type": "Feature", "properties": { "Zip": "02199" }, "geometry": { "type": "Polygon", "coordinates": [ [ [ -71.085602, 42.347884 ], [ -71.079508, 42.349508 ], [ -71.078718, 42.347834 ], [ -71.081821, 42.345413 ], [ -71.084634, 42.346087 ], [ -71.085602, 42.347884 ] ] ] } },
{ "type": "Feature", "properties": { "Zip": "02445" }, "geometry": { "type": "Polygon", "coordinates": [ [ [ -71.15198, 42.33175 ], [ -71.14862, 42.33455 ], [ -71.150104, 42.335282 ], [ -71.148295, 42.335807 ], [ -71.148742, 42.336866 ], [ -71.139977, 42.34214 ], [ -71.1351, 42.33844 ], [ -71.128401, 42.3384 ], [ -71.12304, 42.33464 ], [ -71.117977, 42.336762 ], [ -71.11314, 42.335495 ], [ -71.110597, 42.340405 ], [ -71.110533, 42.33533 ], [ -71.113212, 42.332458 ], [ -71.116537, 42.323939 ], [ -71.119436, 42.322735 ], [ -71.121528, 42.323882 ], [ -71.127177, 42.318607 ], [ -71.124166, 42.316957 ], [ -71.123737, 42.313812 ], [ -71.12532, 42.313427 ], [ -71.129637, 42.315725 ], [ -71.140135, 42.302147 ], [ -71.147317, 42.305833 ], [ -71.144424, 42.309543 ], [ -71.1401, 42.311652 ], [ -71.141276, 42.312442 ], [ -71.138826, 42.314534 ], [ -71.142536, 42.31526 ], [ -71.140646, 42.321486 ], [ -71.14481, 42.32379 ], [ -71.14253, 42.32632 ], [ -71.15099, 42.329802 ], [ -71.15198, 42.33175 ] ] ] } },
{ "type": "Feature", "properties": { "Zip": "02118" }, "geometry": { "type": "Polygon", "coordinates": [ [ [ -71.088236, 42.33704 ], [ -71.080082, 42.344219 ], [ -71.074593, 42.342809 ], [ -71.068998, 42.344977 ], [ -71.067736, 42.347273 ], [ -71.060213, 42.346195 ], [ -71.061293, 42.343871 ], [ -71.059487, 42.34358 ], [ -71.059697, 42.336801 ], [ -71.066388, 42.326322 ], [ -71.070633, 42.328852 ], [ -71.069146, 42.329537 ], [ -71.072007, 42.33261 ], [ -71.077045, 42.333609 ], [ -71.079308, 42.332092 ], [ -71.080943, 42.332931 ], [ -71.078827, 42.335065 ], [ -71.080117, 42.335934 ], [ -71.081457, 42.334916 ], [ -71.084183, 42.33865 ], [ -71.088236, 42.33704 ] ] ] } },
{ "type": "Feature", "properties": { "Zip": "02110" }, "geometry": { "type": "Polygon", "coordinates": [ [ [ -71.061212, 42.354823 ], [ -71.051928, 42.357902 ], [ -71.050914, 42.359763 ], [ -71.053297, 42.361219 ], [ -71.051101, 42.362174 ], [ -71.05109, 42.364175 ], [ -71.046389, 42.363935 ], [ -71.0455, 42.359825 ], [ -71.049396, 42.354498 ], [ -71.05106, 42.355131 ], [ -71.058009, 42.35235 ], [ -71.058519, 42.354137 ], [ -71.061212, 42.354823 ] ] ] } },
{ "type": "Feature", "properties": { "Zip": "02128" }, "geometry": { "type": "Polygon", "coordinates": [ [ [ -71.046995, 42.372597 ], [ -71.044298, 42.383209 ], [ -71.039512, 42.386853 ], [ -71.027712, 42.384041 ], [ -71.020512, 42.387641 ], [ -71.016094, 42.395897 ], [ -71.013395, 42.397398 ], [ -71.011272, 42.396589 ], [ -71.01193, 42.395752 ], [ -71.005861, 42.393892 ], [ -71.001407, 42.39674 ], [ -70.998306, 42.396929 ], [ -70.993818, 42.392924 ], [ -70.987442, 42.392742 ], [ -70.98644, 42.387438 ], [ -70.994239, 42.384647 ], [ -70.994648, 42.38115 ], [ -70.999311, 42.377793 ], [ -70.998344, 42.376723 ], [ -71.001864, 42.369119 ], [ -70.999654, 42.366839 ], [ -71.003717, 42.365503 ], [ -70.997152, 42.360543 ], [ -70.988235, 42.361905 ], [ -70.986242, 42.357797 ], [ -70.991727, 42.353937 ], [ -70.997231, 42.354508 ], [ -70.996484, 42.355282 ], [ -70.999006, 42.356971 ], [ -71.005828, 42.355848 ], [ -71.005329, 42.353893 ], [ -71.003566, 42.354847 ], [ -71.005005, 42.347217 ], [ -71.007767, 42.346799 ], [ -71.026299, 42.357203 ], [ -71.02716, 42.356075 ], [ -71.029856, 42.357659 ], [ -71.028405, 42.362204 ], [ -71.031614, 42.361215 ], [ -71.032796, 42.35926 ], [ -71.039629, 42.361777 ], [ -71.04445, 42.365793 ], [ -71.046995, 42.372597 ] ] ] } },
{ "type": "Feature", "properties": { "Zip": "02125" }, "geometry": { "type": "Polygon", "coordinates": [ [ [ -71.078483, 42.315232 ], [ -71.077627, 42.320907 ], [ -71.068061, 42.321281 ], [ -71.063553, 42.330791 ], [ -71.061061, 42.330308 ], [ -71.050925, 42.320876 ], [ -71.048946, 42.323492 ], [ -71.047841, 42.322592 ], [ -71.045414, 42.323798 ], [ -71.043127, 42.323115 ], [ -71.035692, 42.319031 ], [ -71.036166, 42.317957 ], [ -71.031572, 42.31658 ], [ -71.031367, 42.313323 ], [ -71.03728, 42.309202 ], [ -71.041422, 42.311083 ], [ -71.040149, 42.309764 ], [ -71.043346, 42.307936 ], [ -71.04539, 42.303892 ], [ -71.041687, 42.302151 ], [ -71.047753, 42.303834 ], [ -71.049268, 42.301197 ], [ -71.053457, 42.305395 ], [ -71.055085, 42.305633 ], [ -71.055432, 42.304323 ], [ -71.05723, 42.305337 ], [ -71.058311, 42.308111 ], [ -71.062511, 42.311104 ], [ -71.066142, 42.310055 ], [ -71.06503, 42.30808 ], [ -71.067883, 42.305541 ], [ -71.070269, 42.305591 ], [ -71.072389, 42.308827 ], [ -71.073912, 42.307681 ], [ -71.071623, 42.311881 ], [ -71.078483, 42.315232 ] ] ] } },
{ "type": "Feature", "properties": { "Zip": "02124" }, "geometry": { "type": "MultiPolygon", "coordinates": [ [ [ [ -71.071051, 42.30276 ], [ -71.071454, 42.303309 ], [ -71.071426, 42.303407 ], [ -71.071051, 42.30276 ] ] ], [ [ [ -71.097403, 42.291147 ], [ -71.091437, 42.296865 ], [ -71.086409, 42.299041 ], [ -71.083961, 42.296315 ], [ -71.080916, 42.296301 ], [ -71.076289, 42.297313 ], [ -71.075761, 42.299178 ], [ -71.072481, 42.300369 ], [ -71.072491, 42.302035 ], [ -71.068897, 42.301906 ], [ -71.063447, 42.298174 ], [ -71.060653, 42.298647 ], [ -71.061818, 42.294582 ], [ -71.063282, 42.29467 ], [ -71.061968, 42.294075 ], [ -71.062805, 42.291121 ], [ -71.057631, 42.292739 ], [ -71.058358, 42.290587 ], [ -71.05613, 42.289972 ], [ -71.054725, 42.287446 ], [ -71.056681, 42.28661 ], [ -71.055148, 42.285068 ], [ -71.060644, 42.283384 ], [ -71.046768, 42.283864 ], [ -71.047897, 42.281125 ], [ -71.04654, 42.280416 ], [ -71.048491, 42.277862 ], [ -71.055245, 42.276343 ], [ -71.053691, 42.271816 ], [ -71.0626, 42.267206 ], [ -71.065769, 42.271201 ], [ -71.069873, 42.270707 ], [ -71.068949, 42.27168 ], [ -71.072199, 42.275001 ], [ -71.072235, 42.277747 ], [ -71.077977, 42.278038 ], [ -71.083396, 42.281108 ], [ -71.086507, 42.281352 ], [ -71.089199, 42.284098 ], [ -71.092932, 42.285322 ], [ -71.095372, 42.290742 ], [ -71.097403, 42.291147 ] ] ] ] } },
{ "type": "Feature", "properties": { "Zip": "02126" }, "geometry": { "type": "Polygon", "coordinates": [ [ [ -71.109099, 42.274508 ], [ -71.105959, 42.280207 ], [ -71.099632, 42.282336 ], [ -71.102694, 42.284538 ], [ -71.099707, 42.286437 ], [ -71.100114, 42.290291 ], [ -71.097403, 42.291147 ], [ -71.095372, 42.290742 ], [ -71.092932, 42.285322 ], [ -71.089199, 42.284098 ], [ -71.086507, 42.281352 ], [ -71.083396, 42.281108 ], [ -71.077977, 42.278038 ], [ -71.072235, 42.277747 ], [ -71.072199, 42.275001 ], [ -71.068949, 42.27168 ], [ -71.069873, 42.270707 ], [ -71.06814, 42.271 ], [ -71.069784, 42.270605 ], [ -71.072044, 42.270817 ], [ -71.073226, 42.270314 ], [ -71.076856, 42.270455 ], [ -71.082614, 42.268642 ], [ -71.089504, 42.269669 ], [ -71.090258, 42.266639 ], [ -71.094131, 42.267132 ], [ -71.097899, 42.262882 ], [ -71.109099, 42.274508 ] ] ] } },
{ "type": "Feature", "properties": { "Zip": "01905" }, "geometry": { "type": "Polygon", "coordinates": [ [ [ -70.994822, 42.474895 ], [ -70.990616, 42.474397 ], [ -70.986056, 42.476571 ], [ -70.990092, 42.479787 ], [ -70.981236, 42.482652 ], [ -70.978794, 42.479435 ], [ -70.973642, 42.483594 ], [ -70.969383, 42.483739 ], [ -70.967231, 42.479763 ], [ -70.968526, 42.479087 ], [ -70.965514, 42.475808 ], [ -70.964022, 42.476019 ], [ -70.969369, 42.471004 ], [ -70.967832, 42.4696 ], [ -70.965874, 42.471246 ], [ -70.963128, 42.472118 ], [ -70.962136, 42.471753 ], [ -70.963126, 42.46801 ], [ -70.960094, 42.463923 ], [ -70.962718, 42.462779 ], [ -70.960087, 42.462786 ], [ -70.957957, 42.459552 ], [ -70.954004, 42.460718 ], [ -70.952832, 42.459505 ], [ -70.958347, 42.456407 ], [ -70.954213, 42.458061 ], [ -70.954058, 42.45622 ], [ -70.950815, 42.457006 ], [ -70.948454, 42.453734 ], [ -70.959909, 42.443825 ], [ -70.966293, 42.443497 ], [ -70.983828, 42.452376 ], [ -70.97942, 42.455821 ], [ -70.983108, 42.45861 ], [ -70.987494, 42.454996 ], [ -70.985609, 42.459699 ], [ -70.988075, 42.45872 ], [ -70.989139, 42.459689 ], [ -70.994822, 42.474895 ] ] ] } },
{ "type": "Feature", "properties": { "Zip": "01907" }, "geometry": { "type": "Polygon", "coordinates": [ [ [ -70.933985, 42.490803 ], [ -70.906594, 42.484278 ], [ -70.901141, 42.48533 ], [ -70.878367, 42.47824 ], [ -70.87732, 42.47762 ], [ -70.885339, 42.467946 ], [ -70.884851, 42.464597 ], [ -70.895344, 42.459696 ], [ -70.8948, 42.457965 ], [ -70.896454, 42.45786 ], [ -70.896456, 42.459718 ], [ -70.902897, 42.462622 ], [ -70.909048, 42.46217 ], [ -70.912788, 42.459019 ], [ -70.9229, 42.467916 ], [ -70.933985, 42.490803 ] ] ] } },
{ "type": "Feature", "properties": { "Zip": "01949" }, "geometry": { "type": "Polygon", "coordinates": [ [ [ -71.059352, 42.606327 ], [ -71.054558, 42.627652 ], [ -71.02231, 42.641636 ], [ -70.985348, 42.621718 ], [ -70.976067, 42.621102 ], [ -70.982331, 42.616656 ], [ -70.985192, 42.611681 ], [ -70.980814, 42.606439 ], [ -70.967859, 42.60074 ], [ -70.966238, 42.601116 ], [ -70.964808, 42.599582 ], [ -70.974372, 42.594539 ], [ -70.986059, 42.591832 ], [ -70.985582, 42.589886 ], [ -70.991725, 42.586359 ], [ -70.991302, 42.581405 ], [ -70.989851, 42.580839 ], [ -70.993069, 42.57819 ], [ -70.993154, 42.574238 ], [ -70.995089, 42.573703 ], [ -70.995158, 42.571278 ], [ -70.996767, 42.57128 ], [ -70.997056, 42.567716 ], [ -71.002032, 42.565576 ], [ -71.00286, 42.563329 ], [ -71.003438, 42.565074 ], [ -71.008714, 42.564123 ], [ -71.015131, 42.567893 ], [ -71.020004, 42.568343 ], [ -71.023251, 42.570391 ], [ -71.024445, 42.569356 ], [ -71.029317, 42.569979 ], [ -71.02981, 42.565157 ], [ -71.03464, 42.565485 ], [ -71.03546, 42.570259 ], [ -71.028312, 42.574082 ], [ -71.033998, 42.585493 ], [ -71.059352, 42.606327 ] ] ] } },
{ "type": "Feature", "properties": { "Zip": "01930" }, "geometry": { "type": "Polygon", "coordinates": [ [ [ -70.757431, 42.620149 ], [ -70.739571, 42.642397 ], [ -70.722591, 42.66927 ], [ -70.722405, 42.667535 ], [ -70.715707, 42.666648 ], [ -70.712204, 42.662657 ], [ -70.708198, 42.660794 ], [ -70.697205, 42.657446 ], [ -70.693263, 42.657923 ], [ -70.693131, 42.656736 ], [ -70.687229, 42.655085 ], [ -70.68657, 42.656351 ], [ -70.688174, 42.657057 ], [ -70.687043, 42.657506 ], [ -70.684376, 42.653882 ], [ -70.68114, 42.659799 ], [ -70.681923, 42.662313 ], [ -70.678676, 42.665234 ], [ -70.674199, 42.666754 ], [ -70.67412, 42.671145 ], [ -70.672703, 42.669338 ], [ -70.670463, 42.67009 ], [ -70.671252, 42.673162 ], [ -70.669105, 42.678393 ], [ -70.660205, 42.682881 ], [ -70.652041, 42.684262 ], [ -70.647055, 42.689467 ], [ -70.64414, 42.690176 ], [ -70.641933, 42.68715 ], [ -70.640404, 42.687581 ], [ -70.644018, 42.664676 ], [ -70.643081, 42.634624 ], [ -70.617279, 42.625792 ], [ -70.617109, 42.624013 ], [ -70.622043, 42.618968 ], [ -70.629948, 42.617021 ], [ -70.632236, 42.612383 ], [ -70.630564, 42.606784 ], [ -70.632236, 42.601247 ], [ -70.642431, 42.588941 ], [ -70.651625, 42.581927 ], [ -70.660569, 42.578973 ], [ -70.664435, 42.578976 ], [ -70.675195, 42.58205 ], [ -70.675446, 42.584142 ], [ -70.667757, 42.584449 ], [ -70.666837, 42.588203 ], [ -70.658145, 42.595771 ], [ -70.662658, 42.599401 ], [ -70.675697, 42.602293 ], [ -70.680545, 42.59854 ], [ -70.680461, 42.592879 ], [ -70.68581, 42.584757 ], [ -70.689739, 42.584449 ], [ -70.692079, 42.582604 ], [ -70.691494, 42.578912 ], [ -70.701037, 42.576279 ], [ -70.713002, 42.570694 ], [ -70.715629, 42.572419 ], [ -70.717111, 42.581506 ], [ -70.740455, 42.589996 ], [ -70.757431, 42.620149 ] ] ] } },
{ "type": "Feature", "properties": { "Zip": "01564" }, "geometry": { "type": "Polygon", "coordinates": [ [ [ -71.835604, 42.483596 ], [ -71.830019, 42.492186 ], [ -71.718699, 42.473374 ], [ -71.718362, 42.41022 ], [ -71.721578, 42.409239 ], [ -71.725979, 42.390289 ], [ -71.741919, 42.38685 ], [ -71.741916, 42.392773 ], [ -71.763304, 42.400367 ], [ -71.777735, 42.400409 ], [ -71.786552, 42.398979 ], [ -71.817778, 42.403956 ], [ -71.831745, 42.431826 ], [ -71.813147, 42.445563 ], [ -71.817658, 42.446464 ], [ -71.819103, 42.449877 ], [ -71.821025, 42.450499 ], [ -71.820082, 42.452009 ], [ -71.823492, 42.457684 ], [ -71.823905, 42.461607 ], [ -71.827267, 42.463641 ], [ -71.827799, 42.472061 ], [ -71.835604, 42.483596 ] ] ] } },
{ "type": "Feature", "properties": { "Zip": "01434" }, "geometry": { "type": "Polygon", "coordinates": [ [ [ -71.647632, 42.535305 ], [ -71.645024, 42.538305 ], [ -71.642841, 42.537377 ], [ -71.641444, 42.540665 ], [ -71.638474, 42.540032 ], [ -71.634875, 42.541733 ], [ -71.640121, 42.544211 ], [ -71.640883, 42.545983 ], [ -71.62307, 42.551875 ], [ -71.608033, 42.552989 ], [ -71.607695, 42.548368 ], [ -71.605518, 42.54811 ], [ -71.605002, 42.546305 ], [ -71.594648, 42.543376 ], [ -71.592889, 42.544638 ], [ -71.590482, 42.554704 ], [ -71.578683, 42.551926 ], [ -71.575814, 42.551891 ], [ -71.574479, 42.553327 ], [ -71.572002, 42.552347 ], [ -71.572041, 42.548987 ], [ -71.57541, 42.549593 ], [ -71.57852, 42.548089 ], [ -71.584392, 42.541755 ], [ -71.590513, 42.539673 ], [ -71.592397, 42.537066 ], [ -71.594791, 42.53716 ], [ -71.59901, 42.522711 ], [ -71.606352, 42.517441 ], [ -71.627668, 42.493759 ], [ -71.62588, 42.499495 ], [ -71.631236, 42.502563 ], [ -71.633507, 42.502565 ], [ -71.634219, 42.504266 ], [ -71.631803, 42.509726 ], [ -71.629711, 42.511273 ], [ -71.627964, 42.510708 ], [ -71.627336, 42.512595 ], [ -71.62974, 42.51366 ], [ -71.629615, 42.515845 ], [ -71.632312, 42.516362 ], [ -71.630151, 42.518834 ], [ -71.6319, 42.519113 ], [ -71.635869, 42.524024 ], [ -71.644757, 42.526059 ], [ -71.647632, 42.535305 ] ] ] } },
{ "type": "Feature", "properties": { "Zip": "01965" }, "geometry": { "type": "Polygon", "coordinates": [ [ [ -70.84621, 42.568095 ], [ -70.842066, 42.572447 ], [ -70.836542, 42.570892 ], [ -70.829219, 42.565484 ], [ -70.826239, 42.56911 ], [ -70.819529, 42.568214 ], [ -70.818544, 42.564453 ], [ -70.820613, 42.560923 ], [ -70.824906, 42.559437 ], [ -70.822548, 42.556591 ], [ -70.818757, 42.556514 ], [ -70.816557, 42.554013 ], [ -70.822832, 42.551705 ], [ -70.829814, 42.552152 ], [ -70.826784, 42.555586 ], [ -70.827134, 42.559287 ], [ -70.842326, 42.564464 ], [ -70.84621, 42.568095 ] ] ] } },
{ "type": "Feature", "properties": { "Zip": "01969" }, "geometry": { "type": "Polygon", "coordinates": [ [ [ -70.976373, 42.694417 ], [ -70.958891, 42.70695 ], [ -70.938358, 42.726199 ], [ -70.924125, 42.735992 ], [ -70.922321, 42.735299 ], [ -70.898989, 42.742107 ], [ -70.895425, 42.747336 ], [ -70.894478, 42.744279 ], [ -70.892821, 42.744183 ], [ -70.890038, 42.7462 ], [ -70.891967, 42.745593 ], [ -70.893257, 42.747858 ], [ -70.889019, 42.747167 ], [ -70.889774, 42.749564 ], [ -70.884605, 42.747556 ], [ -70.881469, 42.751373 ], [ -70.879702, 42.747668 ], [ -70.87764, 42.748993 ], [ -70.876121, 42.74764 ], [ -70.872732, 42.75035 ], [ -70.86959, 42.748763 ], [ -70.86113, 42.749037 ], [ -70.854703, 42.750224 ], [ -70.849084, 42.75315 ], [ -70.845861, 42.749703 ], [ -70.840462, 42.752211 ], [ -70.838315, 42.750803 ], [ -70.831792, 42.754237 ], [ -70.829638, 42.750473 ], [ -70.823676, 42.751547 ], [ -70.811005, 42.749905 ], [ -70.791497, 42.753888 ], [ -70.78579, 42.740112 ], [ -70.79851, 42.73342 ], [ -70.797963, 42.731629 ], [ -70.799763, 42.729501 ], [ -70.798317, 42.728416 ], [ -70.805651, 42.727058 ], [ -70.815248, 42.722814 ], [ -70.818783, 42.728967 ], [ -70.823536, 42.73196 ], [ -70.827559, 42.732647 ], [ -70.839138, 42.731438 ], [ -70.848921, 42.725924 ], [ -70.852273, 42.726736 ], [ -70.85678, 42.723964 ], [ -70.856128, 42.722289 ], [ -70.858958, 42.721648 ], [ -70.858337, 42.71746 ], [ -70.860616, 42.715819 ], [ -70.857461, 42.714907 ], [ -70.857676, 42.713667 ], [ -70.8631, 42.713075 ], [ -70.864406, 42.709098 ], [ -70.875483, 42.712884 ], [ -70.880769, 42.706322 ], [ -70.948594, 42.680667 ], [ -70.976373, 42.694417 ] ] ] } },
{ "type": "Feature", "properties": { "Zip": "01832" }, "geometry": { "type": "Polygon", "coordinates": [ [ [ -71.182367, 42.794359 ], [ -71.166647, 42.808881 ], [ -71.132805, 42.821476 ], [ -71.125202, 42.819813 ], [ -71.11374, 42.817246 ], [ -71.112812, 42.807626 ], [ -71.10858, 42.805316 ], [ -71.110312, 42.803937 ], [ -71.106073, 42.798706 ], [ -71.095168, 42.791637 ], [ -71.08876, 42.777797 ], [ -71.082321, 42.773761 ], [ -71.082165, 42.772255 ], [ -71.086961, 42.770597 ], [ -71.095898, 42.763391 ], [ -71.099602, 42.76239 ], [ -71.103702, 42.76259 ], [ -71.114212, 42.76822 ], [ -71.122107, 42.768805 ], [ -71.126536, 42.773476 ], [ -71.129693, 42.774164 ], [ -71.131575, 42.771601 ], [ -71.129769, 42.766295 ], [ -71.13065, 42.760797 ], [ -71.182367, 42.794359 ] ] ] } },
{ "type": "Feature", "properties": { "Zip": "01835" }, "geometry": { "type": "Polygon", "coordinates": [ [ [ -71.131603, 42.771106 ], [ -71.13069, 42.773649 ], [ -71.127774, 42.774049 ], [ -71.122383, 42.768919 ], [ -71.114212, 42.76822 ], [ -71.103702, 42.76259 ], [ -71.099602, 42.76239 ], [ -71.095898, 42.763391 ], [ -71.084101, 42.77179 ], [ -71.076184, 42.773669 ], [ -71.071487, 42.773229 ], [ -71.057432, 42.76533 ], [ -71.047776, 42.75806 ], [ -71.041823, 42.757204 ], [ -71.041774, 42.754654 ], [ -71.044096, 42.753214 ], [ -71.044524, 42.749034 ], [ -71.048341, 42.746145 ], [ -71.058883, 42.732463 ], [ -71.072111, 42.732668 ], [ -71.07406, 42.734486 ], [ -71.08191, 42.736685 ], [ -71.092467, 42.737 ], [ -71.097834, 42.73522 ], [ -71.108632, 42.735281 ], [ -71.115579, 42.741104 ], [ -71.117185, 42.745126 ], [ -71.128581, 42.756055 ], [ -71.130463, 42.759726 ], [ -71.129769, 42.766295 ], [ -71.131603, 42.771106 ] ] ] } },
{ "type": "Feature", "properties": { "Zip": "02171" }, "geometry": { "type": "Polygon", "coordinates": [ [ [ -71.042782, 42.277102 ], [ -71.035294, 42.288798 ], [ -71.041294, 42.300098 ], [ -71.041694, 42.305298 ], [ -71.028395, 42.308799 ], [ -71.022093, 42.305598 ], [ -71.015393, 42.306698 ], [ -71.009991, 42.30518 ], [ -71.002093, 42.308698 ], [ -70.998593, 42.311998 ], [ -70.988693, 42.313598 ], [ -70.981944, 42.308512 ], [ -70.990426, 42.304096 ], [ -71.008653, 42.301522 ], [ -71.005504, 42.299442 ], [ -71.004908, 42.29495 ], [ -71.007603, 42.292075 ], [ -71.011297, 42.291264 ], [ -71.010713, 42.289678 ], [ -71.020891, 42.286303 ], [ -71.016455, 42.279549 ], [ -71.02216, 42.27535 ], [ -71.02017, 42.27369 ], [ -71.025323, 42.27089 ], [ -71.02775, 42.27274 ], [ -71.03024, 42.27122 ], [ -71.029042, 42.269541 ], [ -71.030214, 42.268505 ], [ -71.03641, 42.26475 ], [ -71.03751, 42.26574 ], [ -71.037504, 42.263226 ], [ -71.041672, 42.266427 ], [ -71.042782, 42.277102 ] ] ] } },
{ "type": "Feature", "properties": { "Zip": "02481" }, "geometry": { "type": "MultiPolygon", "coordinates": [ [ [ [ -71.317239, 42.316125 ], [ -71.269958, 42.328086 ], [ -71.263536, 42.326017 ], [ -71.259565, 42.326674 ], [ -71.257818, 42.324506 ], [ -71.252937, 42.326756 ], [ -71.24661, 42.321022 ], [ -71.238786, 42.321799 ], [ -71.231144, 42.320841 ], [ -71.228358, 42.319006 ], [ -71.227528, 42.315895 ], [ -71.233006, 42.316266 ], [ -71.259199, 42.297976 ], [ -71.26437, 42.30018 ], [ -71.27579, 42.30022 ], [ -71.27985, 42.298752 ], [ -71.280833, 42.301838 ], [ -71.284885, 42.300915 ], [ -71.28978, 42.30514 ], [ -71.29113, 42.30452 ], [ -71.292267, 42.306888 ], [ -71.312761, 42.305411 ], [ -71.31538, 42.30807 ], [ -71.317239, 42.316125 ] ] ], [ [ [ -71.32118, 42.29379 ], [ -71.311998, 42.296009 ], [ -71.29901, 42.29595 ], [ -71.29628, 42.29211 ], [ -71.301269, 42.288863 ], [ -71.304733, 42.288586 ], [ -71.305225, 42.287329 ], [ -71.302888, 42.287059 ], [ -71.303079, 42.285771 ], [ -71.30856, 42.27959 ], [ -71.314384, 42.283978 ], [ -71.32118, 42.29379 ] ] ] ] } },
{ "type": "Feature", "properties": { "Zip": "02021" }, "geometry": { "type": "Polygon", "coordinates": [ [ [ -71.177918, 42.164067 ], [ -71.175752, 42.16493 ], [ -71.176197, 42.165969 ], [ -71.173416, 42.166023 ], [ -71.173486, 42.167772 ], [ -71.172089, 42.167245 ], [ -71.169711, 42.169457 ], [ -71.167262, 42.169177 ], [ -71.168313, 42.172939 ], [ -71.163908, 42.172832 ], [ -71.163492, 42.174034 ], [ -71.165462, 42.175143 ], [ -71.163432, 42.176228 ], [ -71.168001, 42.179098 ], [ -71.164023, 42.181302 ], [ -71.165379, 42.182231 ], [ -71.16284, 42.185066 ], [ -71.163871, 42.187377 ], [ -71.160415, 42.188291 ], [ -71.158045, 42.194973 ], [ -71.152349, 42.198033 ], [ -71.146308, 42.204246 ], [ -71.145712, 42.206344 ], [ -71.14841, 42.206786 ], [ -71.142328, 42.211661 ], [ -71.143526, 42.213123 ], [ -71.14008, 42.223931 ], [ -71.136528, 42.227079 ], [ -71.130771, 42.227926 ], [ -71.066625, 42.164057 ], [ -71.095625, 42.147906 ], [ -71.131843, 42.139311 ], [ -71.1311, 42.1428 ], [ -71.134702, 42.143699 ], [ -71.135339, 42.141918 ], [ -71.138552, 42.141908 ], [ -71.140779, 42.138061 ], [ -71.144549, 42.137697 ], [ -71.163542, 42.141457 ], [ -71.162198, 42.145279 ], [ -71.176368, 42.15536 ], [ -71.177918, 42.164067 ] ] ] } },
{ "type": "Feature", "properties": { "Zip": "02343" }, "geometry": { "type": "Polygon", "coordinates": [ [ [ -71.029813, 42.150152 ], [ -71.021994, 42.169005 ], [ -70.976478, 42.168324 ], [ -70.98127, 42.135511 ], [ -71.021859, 42.118745 ], [ -71.027278, 42.125015 ], [ -71.02702, 42.137674 ], [ -71.029813, 42.150152 ] ] ] } },
{ "type": "Feature", "properties": { "Zip": "02762" }, "geometry": { "type": "Polygon", "coordinates": [ [ [ -71.381299, 41.985084 ], [ -71.381327, 42.018936 ], [ -71.289083, 42.045041 ], [ -71.288265, 42.014462 ], [ -71.364344, 41.985293 ], [ -71.381299, 41.985084 ] ] ] } },
{ "type": "Feature", "properties": { "Zip": "02482" }, "geometry": { "type": "Polygon", "coordinates": [ [ [ -71.32975, 42.312991 ], [ -71.317208, 42.316257 ], [ -71.31538, 42.30807 ], [ -71.312761, 42.305411 ], [ -71.292267, 42.306888 ], [ -71.29113, 42.30452 ], [ -71.28978, 42.30514 ], [ -71.285057, 42.300994 ], [ -71.280833, 42.301838 ], [ -71.27985, 42.298752 ], [ -71.277021, 42.298845 ], [ -71.275248, 42.296258 ], [ -71.272747, 42.297022 ], [ -71.271463, 42.292485 ], [ -71.26804, 42.295493 ], [ -71.27029, 42.295949 ], [ -71.27165, 42.298388 ], [ -71.26977, 42.29915 ], [ -71.26488, 42.29782 ], [ -71.266515, 42.29555 ], [ -71.264149, 42.294515 ], [ -71.294843, 42.273052 ], [ -71.299641, 42.275002 ], [ -71.297514, 42.280909 ], [ -71.300315, 42.282897 ], [ -71.304636, 42.278358 ], [ -71.309302, 42.276379 ], [ -71.30846, 42.270709 ], [ -71.323662, 42.297415 ], [ -71.32975, 42.312991 ] ], [ [ -71.320891, 42.293654 ], [ -71.314384, 42.283978 ], [ -71.30856, 42.27959 ], [ -71.303079, 42.285771 ], [ -71.302888, 42.287059 ], [ -71.305225, 42.287329 ], [ -71.304733, 42.288586 ], [ -71.301269, 42.288863 ], [ -71.29628, 42.29211 ], [ -71.29901, 42.29595 ], [ -71.311998, 42.296009 ], [ -71.320891, 42.293654 ] ] ] } },
{ "type": "Feature", "properties": { "Zip": "02459" }, "geometry": { "type": "Polygon", "coordinates": [ [ [ -71.218306, 42.333891 ], [ -71.21708, 42.337037 ], [ -71.205303, 42.338726 ], [ -71.201305, 42.3418 ], [ -71.198875, 42.340855 ], [ -71.198267, 42.343855 ], [ -71.196274, 42.343436 ], [ -71.194105, 42.344827 ], [ -71.190389, 42.344082 ], [ -71.192248, 42.341446 ], [ -71.190119, 42.340692 ], [ -71.183452, 42.340418 ], [ -71.182415, 42.34187 ], [ -71.177924, 42.34174 ], [ -71.179125, 42.336864 ], [ -71.182443, 42.336158 ], [ -71.181524, 42.33251 ], [ -71.175741, 42.32529 ], [ -71.178433, 42.323992 ], [ -71.178527, 42.32226 ], [ -71.178983, 42.321825 ], [ -71.180786, 42.322729 ], [ -71.181086, 42.319342 ], [ -71.183268, 42.319181 ], [ -71.179658, 42.318189 ], [ -71.181078, 42.316362 ], [ -71.174395, 42.310981 ], [ -71.175953, 42.310309 ], [ -71.175001, 42.305286 ], [ -71.176656, 42.302542 ], [ -71.173702, 42.301383 ], [ -71.171608, 42.303041 ], [ -71.169738, 42.301083 ], [ -71.191247, 42.282992 ], [ -71.190886, 42.285823 ], [ -71.19322, 42.288014 ], [ -71.195006, 42.288164 ], [ -71.196355, 42.285957 ], [ -71.204957, 42.289304 ], [ -71.207881, 42.297157 ], [ -71.202564, 42.298145 ], [ -71.205044, 42.300659 ], [ -71.205455, 42.30448 ], [ -71.200723, 42.302802 ], [ -71.205714, 42.306491 ], [ -71.203469, 42.307042 ], [ -71.202071, 42.312264 ], [ -71.195528, 42.315604 ], [ -71.198783, 42.317611 ], [ -71.198764, 42.319103 ], [ -71.202011, 42.319177 ], [ -71.197993, 42.3192 ], [ -71.202843, 42.321832 ], [ -71.199704, 42.324852 ], [ -71.202073, 42.324578 ], [ -71.203343, 42.327004 ], [ -71.206173, 42.327839 ], [ -71.205319, 42.330712 ], [ -71.207015, 42.330824 ], [ -71.207782, 42.333272 ], [ -71.21711, 42.331993 ], [ -71.218306, 42.333891 ] ] ] } },
{ "type": "Feature", "properties": { "Zip": "02453" }, "geometry": { "type": "Polygon", "coordinates": [ [ [ -71.276425, 42.375133 ], [ -71.275119, 42.375918 ], [ -71.26977, 42.374632 ], [ -71.265105, 42.37611 ], [ -71.263198, 42.374834 ], [ -71.258186, 42.376387 ], [ -71.253357, 42.376331 ], [ -71.252724, 42.37464 ], [ -71.25158, 42.376309 ], [ -71.249207, 42.376299 ], [ -71.250057, 42.375285 ], [ -71.24709, 42.37629 ], [ -71.246516, 42.375331 ], [ -71.243893, 42.376254 ], [ -71.232561, 42.375809 ], [ -71.231894, 42.376946 ], [ -71.231315, 42.37599 ], [ -71.230406, 42.377118 ], [ -71.226722, 42.376999 ], [ -71.218157, 42.380309 ], [ -71.194177, 42.386031 ], [ -71.217061, 42.366569 ], [ -71.253146, 42.355897 ], [ -71.255731, 42.353754 ], [ -71.256465, 42.354905 ], [ -71.261209, 42.353682 ], [ -71.265999, 42.35633 ], [ -71.269308, 42.362637 ], [ -71.273538, 42.365508 ], [ -71.270649, 42.367626 ], [ -71.270683, 42.369423 ], [ -71.273623, 42.373736 ], [ -71.276425, 42.375133 ] ] ] } },
{ "type": "Feature", "properties": { "Zip": "01886" }, "geometry": { "type": "Polygon", "coordinates": [ [ [ -71.497946, 42.577336 ], [ -71.493528, 42.617404 ], [ -71.417642, 42.653774 ], [ -71.401978, 42.599805 ], [ -71.398019, 42.580901 ], [ -71.38474, 42.538699 ], [ -71.423794, 42.526189 ], [ -71.48002, 42.558094 ], [ -71.483765, 42.573788 ], [ -71.497946, 42.577336 ] ] ] } },
{ "type": "Feature", "properties": { "Zip": "01749" }, "geometry": { "type": "Polygon", "coordinates": [ [ [ -71.607451, 42.370211 ], [ -71.580186, 42.386976 ], [ -71.604251, 42.397703 ], [ -71.58526, 42.407097 ], [ -71.5591, 42.411943 ], [ -71.528049, 42.401524 ], [ -71.526822, 42.396065 ], [ -71.517924, 42.398154 ], [ -71.503457, 42.397463 ], [ -71.500452, 42.395421 ], [ -71.486949, 42.396024 ], [ -71.487738, 42.394968 ], [ -71.486116, 42.393271 ], [ -71.472678, 42.390025 ], [ -71.475505, 42.380632 ], [ -71.603065, 42.367267 ], [ -71.607451, 42.370211 ] ] ] } },
{ "type": "Feature", "properties": { "Zip": "02494" }, "geometry": { "type": "Polygon", "coordinates": [ [ [ -71.251033, 42.303683 ], [ -71.233006, 42.316266 ], [ -71.229404, 42.316459 ], [ -71.226286, 42.314117 ], [ -71.227003, 42.308491 ], [ -71.220855, 42.306408 ], [ -71.213275, 42.306161 ], [ -71.211335, 42.3033 ], [ -71.211688, 42.299908 ], [ -71.207758, 42.296887 ], [ -71.215776, 42.293118 ], [ -71.217531, 42.294827 ], [ -71.218619, 42.290232 ], [ -71.227229, 42.287124 ], [ -71.22975, 42.287403 ], [ -71.229894, 42.285426 ], [ -71.2357, 42.28521 ], [ -71.23491, 42.28736 ], [ -71.23844, 42.28877 ], [ -71.243696, 42.285708 ], [ -71.247284, 42.287627 ], [ -71.246935, 42.293529 ], [ -71.249945, 42.293681 ], [ -71.250267, 42.295994 ], [ -71.248558, 42.296974 ], [ -71.250413, 42.298018 ], [ -71.248565, 42.299068 ], [ -71.248532, 42.301536 ], [ -71.251033, 42.303683 ] ] ] } },
{ "type": "Feature", "properties": { "Zip": "02360" }, "geometry": { "type": "Polygon", "coordinates": [ [ [ -70.753295, 41.933395 ], [ -70.721707, 41.954245 ], [ -70.692658, 41.983892 ], [ -70.673269, 42.00023 ], [ -70.668339, 41.989997 ], [ -70.653511, 41.987113 ], [ -70.6415, 42.013155 ], [ -70.598554, 42.013677 ], [ -70.597423, 42.006742 ], [ -70.594365, 42.003261 ], [ -70.603552, 42.001124 ], [ -70.62011, 41.990193 ], [ -70.650131, 41.977739 ], [ -70.646605, 41.97466 ], [ -70.631251, 41.950475 ], [ -70.620472, 41.941546 ], [ -70.615845, 41.940115 ], [ -70.608166, 41.940701 ], [ -70.598078, 41.947772 ], [ -70.583572, 41.950007 ], [ -70.580068, 41.947032 ], [ -70.574411, 41.946452 ], [ -70.578515, 41.946804 ], [ -70.579326, 41.94561 ], [ -70.570774, 41.941867 ], [ -70.566787, 41.937178 ], [ -70.554788, 41.930306 ], [ -70.544938, 41.926415 ], [ -70.538795, 41.926412 ], [ -70.539888, 41.925047 ], [ -70.53787, 41.920946 ], [ -70.545315, 41.918222 ], [ -70.54729, 41.911023 ], [ -70.543967, 41.903863 ], [ -70.532084, 41.889568 ], [ -70.531744, 41.867629 ], [ -70.525598, 41.858204 ], [ -70.528751, 41.853927 ], [ -70.532551, 41.840227 ], [ -70.536007, 41.838833 ], [ -70.536957, 41.834578 ], [ -70.541729, 41.831743 ], [ -70.542616, 41.829501 ], [ -70.542558, 41.819712 ], [ -70.537501, 41.810675 ], [ -70.565281, 41.786705 ], [ -70.602939, 41.774696 ], [ -70.632568, 41.762898 ], [ -70.63631, 41.768959 ], [ -70.63008, 41.774486 ], [ -70.630908, 41.776627 ], [ -70.629058, 41.779398 ], [ -70.630804, 41.781155 ], [ -70.630636, 41.78688 ], [ -70.627395, 41.787342 ], [ -70.616634, 41.80541 ], [ -70.631892, 41.80633 ], [ -70.717536, 41.80151 ], [ -70.715094, 41.817397 ], [ -70.708555, 41.823926 ], [ -70.708287, 41.826832 ], [ -70.705433, 41.829413 ], [ -70.697318, 41.829481 ], [ -70.693733, 41.836261 ], [ -70.689827, 41.838233 ], [ -70.689502, 41.840091 ], [ -70.683788, 41.844802 ], [ -70.680699, 41.845587 ], [ -70.750718, 41.926019 ], [ -70.753295, 41.933395 ] ], [ [ -70.6642, 41.847083 ], [ -70.660465, 41.846909 ], [ -70.658582, 41.849864 ], [ -70.66111, 41.851031 ], [ -70.6642, 41.847083 ] ] ] } },
{ "type": "Feature", "properties": { "Zip": "02302" }, "geometry": { "type": "Polygon", "coordinates": [ [ [ -71.025151, 42.117445 ], [ -71.002029, 42.126506 ], [ -70.998594, 42.111636 ], [ -70.97898, 42.113882 ], [ -70.980663, 42.109255 ], [ -70.97813, 42.107862 ], [ -70.977174, 42.09978 ], [ -70.975072, 42.096229 ], [ -70.97499, 42.08793 ], [ -70.976528, 42.087199 ], [ -70.975231, 42.071178 ], [ -70.980789, 42.068858 ], [ -70.989919, 42.059487 ], [ -70.987159, 42.046568 ], [ -70.996674, 42.045401 ], [ -71.013254, 42.063684 ], [ -71.016216, 42.074035 ], [ -71.016908, 42.098049 ], [ -71.023711, 42.109837 ], [ -71.025151, 42.117445 ] ] ] } },
{ "type": "Feature", "properties": { "Zip": "02339" }, "geometry": { "type": "Polygon", "coordinates": [ [ [ -70.900119, 42.151744 ], [ -70.847246, 42.158308 ], [ -70.844989, 42.153594 ], [ -70.837467, 42.145457 ], [ -70.836995, 42.141294 ], [ -70.833894, 42.13689 ], [ -70.834709, 42.13444 ], [ -70.826761, 42.131827 ], [ -70.819079, 42.132941 ], [ -70.819772, 42.132079 ], [ -70.816503, 42.131452 ], [ -70.814975, 42.127671 ], [ -70.809036, 42.124415 ], [ -70.808208, 42.120178 ], [ -70.810148, 42.117956 ], [ -70.80881, 42.114762 ], [ -70.804983, 42.114401 ], [ -70.80375, 42.112116 ], [ -70.812293, 42.103883 ], [ -70.809817, 42.098982 ], [ -70.812731, 42.098128 ], [ -70.821242, 42.100729 ], [ -70.826319, 42.100392 ], [ -70.83791, 42.096738 ], [ -70.84008, 42.094538 ], [ -70.847401, 42.096336 ], [ -70.850642, 42.094928 ], [ -70.853573, 42.095447 ], [ -70.855486, 42.092423 ], [ -70.861281, 42.089225 ], [ -70.865295, 42.090624 ], [ -70.870011, 42.087303 ], [ -70.874945, 42.089667 ], [ -70.887554, 42.087957 ], [ -70.889466, 42.11803 ], [ -70.900119, 42.151744 ] ] ] } },
{ "type": "Feature", "properties": { "Zip": "02324" }, "geometry": { "type": "Polygon", "coordinates": [ [ [ -71.054184, 41.982716 ], [ -71.002717, 41.998053 ], [ -70.990607, 42.003908 ], [ -70.979828, 42.007087 ], [ -70.979585, 42.010999 ], [ -70.963875, 42.007878 ], [ -70.961714, 42.010113 ], [ -70.953664, 42.00585 ], [ -70.925364, 42.008909 ], [ -70.918555, 42.005928 ], [ -70.912833, 41.997005 ], [ -70.899187, 41.996371 ], [ -70.901399, 41.982981 ], [ -70.91148, 41.980227 ], [ -70.91221, 41.978552 ], [ -70.908384, 41.974017 ], [ -70.907347, 41.967327 ], [ -70.910827, 41.966009 ], [ -70.910054, 41.963967 ], [ -70.914153, 41.962976 ], [ -70.913994, 41.961074 ], [ -70.92068, 41.963093 ], [ -70.923596, 41.959071 ], [ -70.929175, 41.960219 ], [ -70.932602, 41.958669 ], [ -70.93597, 41.953335 ], [ -70.936373, 41.946306 ], [ -70.938793, 41.941163 ], [ -70.946474, 41.932622 ], [ -70.948715, 41.934321 ], [ -70.956929, 41.934044 ], [ -70.973391, 41.940052 ], [ -70.976063, 41.939395 ], [ -70.979717, 41.94045 ], [ -70.987123, 41.937616 ], [ -70.990037, 41.931675 ], [ -70.997901, 41.934274 ], [ -70.998295, 41.930214 ], [ -70.999773, 41.929671 ], [ -71.010567, 41.940079 ], [ -71.049485, 41.963094 ], [ -71.054184, 41.982716 ] ], [ [ -70.974684, 41.988839 ], [ -70.973705, 41.985509 ], [ -70.967681, 41.987255 ], [ -70.963911, 41.983377 ], [ -70.960529, 41.985508 ], [ -70.960956, 41.987923 ], [ -70.956479, 41.989818 ], [ -70.956164, 41.992787 ], [ -70.965114, 41.992029 ], [ -70.967012, 41.988953 ], [ -70.969463, 41.990332 ], [ -70.972763, 41.988383 ], [ -70.974684, 41.988839 ] ] ] } },
{ "type": "Feature", "properties": { "Zip": "02571" }, "geometry": { "type": "Polygon", "coordinates": [ [ [ -70.759255, 41.778804 ], [ -70.758168, 41.782248 ], [ -70.748145, 41.772187 ], [ -70.744176, 41.781625 ], [ -70.741936, 41.778961 ], [ -70.739134, 41.782429 ], [ -70.735673, 41.782102 ], [ -70.735322, 41.78621 ], [ -70.739037, 41.792346 ], [ -70.741691, 41.792837 ], [ -70.737275, 41.800505 ], [ -70.650629, 41.805273 ], [ -70.654183, 41.801005 ], [ -70.656137, 41.79473 ], [ -70.658988, 41.794333 ], [ -70.662428, 41.789431 ], [ -70.667833, 41.786587 ], [ -70.672474, 41.780908 ], [ -70.670437, 41.773352 ], [ -70.672421, 41.773144 ], [ -70.673717, 41.767704 ], [ -70.677574, 41.769288 ], [ -70.67842, 41.767536 ], [ -70.67337, 41.765324 ], [ -70.675657, 41.762589 ], [ -70.682528, 41.765406 ], [ -70.677411, 41.761441 ], [ -70.67823, 41.758936 ], [ -70.680326, 41.757816 ], [ -70.69252, 41.757428 ], [ -70.685451, 41.752734 ], [ -70.683074, 41.749136 ], [ -70.677954, 41.74859 ], [ -70.676182, 41.747127 ], [ -70.677877, 41.745416 ], [ -70.671893, 41.74324 ], [ -70.664501, 41.736744 ], [ -70.659382, 41.739359 ], [ -70.63939, 41.728018 ], [ -70.6437, 41.717465 ], [ -70.674404, 41.689609 ], [ -70.716006, 41.718648 ], [ -70.717654, 41.718376 ], [ -70.725174, 41.722648 ], [ -70.728535, 41.726216 ], [ -70.738583, 41.731239 ], [ -70.742041, 41.730608 ], [ -70.743988, 41.731627 ], [ -70.743231, 41.735758 ], [ -70.746196, 41.738214 ], [ -70.749512, 41.737847 ], [ -70.749452, 41.739657 ], [ -70.748184, 41.745287 ], [ -70.746008, 41.746855 ], [ -70.745787, 41.754803 ], [ -70.741923, 41.759063 ], [ -70.741362, 41.762029 ], [ -70.7466, 41.766286 ], [ -70.749296, 41.763839 ], [ -70.752768, 41.764992 ], [ -70.750709, 41.767752 ], [ -70.755823, 41.770285 ], [ -70.754847, 41.773128 ], [ -70.759255, 41.778804 ] ] ] } }
]
}
