town,zip,home_price,price_per_sqft,interior_sqft,lot_size_sqft,bedrooms,bathrooms
Memphis,38106,71380.29912076742,38.177238078473366,1869.7083056151187,18523.770581920227,4,3
Memphis,38106,83180.41166697192,34.79312040690817,2390.7143335857986,13932.465321576166,2,2
Memphis,38106,40759.643451377924,38.98185606380764,1045.6055090004002,8291.407715786281,6,4
Memphis,38106,74523.50823896917,43.64698761972657,1707.414699228584,5426.419233402921,3,2
Memphis,38106,43215.54030845919,34.282079589411985,1260.5868963038724,12162.719928398385,7,1
Memphis,38106,45018.882306559535,34.28216708793934,1313.1865961413341,10130.318640841688,4,3
Memphis,38106,56210.89551439331,43.94641470024664,1279.078074919223,13688.51929296509,5,2
Memphis,38106,47350.41051971608,39.62004338902043,1195.112535713121,11711.187982136122,3,3
Memphis,38106,49586.67801171561,33.02793626015967,1501.355628796284,15016.854008038008,1,4
Memphis,38106,46298.96630011073,38.4215737522914,1205.0252443745758,5802.567051623181,4,1
Memphis,38106,52466.91916984971,33.06021540615598,1587.0108081655178,17634.866280869534,6,1
Memphis,38106,48406.608272047226,33.04789327834732,1464.7411217514068,9006.993260007413,4,3
Memphis,38106,51445.842890342785,36.81953792631118,1397.2430342092825,27787.82750442354,3,2
Memphis,38106,29947.979209022593,25.33317293609627,1182.1645588796682,5290.585132575326,4,3
Memphis,38106,33818.97114736652,26.337050411621792,1284.0834724773574,22669.48673569035,4,4
Memphis,38106,58285.28628180982,32.53328861291023,1791.5583934751799,9008.67508805905,3,3
Memphis,38106,50656.06364755637,30.132116544177688,1681.1319434958327,5411.8486241616665,3,4
Memphis,38106,43219.272269397516,37.20478115906651,1161.6590911962753,5984.124471935738,4,4
Memphis,38106,46666.67594182624,30.690685689509706,1520.5484951995463,6601.07923925328,3,4
Memphis,38106,50119.04241503237,28.003127423733563,1789.7658949533918,10318.527951502054,2,3
Memphis,38106,42350.90688074701,43.341175113967424,977.1517908636196,10947.84720336322,3,1
Memphis,38106,58323.337004546316,34.32672520655701,1699.0649895552965,5670.183833321812,5,3
Memphis,38106,45107.0155421843,35.889891566884295,1256.8167128095943,7883.947942378249,5,3
Memphis,38106,47790.77796875609,27.936804541575384,1710.674458048133,28927.819855409514,5,3
Memphis,38106,39989.45928816584,32.62871226964304,1225.5910977329945,22555.240728090866,4,4
Memphis,38106,34120.433145541916,36.12116194185873,944.6106191285534,10394.073037834472,4,2
Memphis,38106,29026.33593168299,29.395779729127838,987.432080358162,8184.512333874699,2,3
Memphis,38106,56343.1523904372,37.53228258877326,1501.1917342669344,8597.4043480701,5,1
Memphis,38106,51168.80747602677,32.32889610207773,1582.7576454965385,11560.016901586105,3,1
Memphis,38106,40197.15239164337,33.975418160476735,1183.1245814776848,4330.859419443492,3,3
Memphis,38106,56242.43490641707,32.32320461012343,1740.0018217501329,6855.255738850483,3,4
Memphis,38106,44451.91061529778,45.401716584340384,979.0799546691543,2939.6516776836306,7,2
Memphis,38106,51731.60292644197,35.458066540759184,1458.9516003918684,10165.25380454229,2,2
Memphis,38106,32756.64950911835,29.89292960412953,1095.7992389141148,11795.983657224842,3,5
Memphis,38106,50299.7432398879,39.91375310905395,1260.2108126103035,5986.636075442505,3,2
Memphis,38106,43562.38437834607,29.02351376747944,1500.9341986412855,20569.99786049362,3,3
Memphis,38106,43831.857750184194,36.64313852957785,1196.1818640290244,3834.281806499744,6,1
Memphis,38106,33798.16842933017,25.085938074782735,1347.2953783340986,3322.8292825404956,4,5
Memphis,38106,54272.071464004184,28.451432452395814,1907.5338844471462,9153.283183676413,2,4
Memphis,38106,46969.29471758162,36.579171956564494,1284.0447775404746,14994.755749126405,4,3
Memphis,38106,72138.79274054155,39.46565763808554,1827.887765157256,21972.64249427553,6,3
Memphis,38106,40754.61802493385,36.44330725460195,1118.301852798705,6074.568658309992,5,4
Memphis,38106,59119.867250784344,34.91365247901187,1693.3165983227875,15281.608426892066,5,4
Memphis,38106,72153.10371693969,33.92526785435689,2126.8248795174463,7817.278374120635,6,2
Memphis,38106,22108.463486768003,27.650217052336796,799.5764895776671,7212.857243114651,3,4
Memphis,38106,38518.11665472401,31.6935902913604,1215.328282489471,13594.122146001813,4,4
Memphis,38106,56672.243793824826,33.075025670169815,1713.4451945395529,11832.325897043125,3,1
Memphis,38106,58034.58680405349,41.16393290463371,1409.8406714077773,3106.8403573640007,9,5
Memphis,38106,60804.28656415186,37.361313674255115,1627.4665043710922,19401.798180985465,4,5
Memphis,38106,33330.543862878854,26.13387749199431,1275.3769077355294,18310.89712925082,5,3
Memphis,38106,56471.20460029836,37.25720551488956,1515.7122983292472,5496.458197832729,6,3
Memphis,38106,47760.474363912464,33.47770398652124,1426.6353028015822,10144.41859113326,5,3
Memphis,38106,63401.642664626954,31.922344199369395,1986.1211403728744,10760.2593053069,4,1
Memphis,38106,61313.7363458934,38.789928781377405,1580.6612250169794,9354.390461605768,4,3
Memphis,38106,66208.79617044947,41.02471195514217,1613.8759546403257,5750.336928610117,2,3
Memphis,38106,54185.0088203981,40.49325739482978,1338.1242287343496,5346.635694300984,5,4
Memphis,38106,40779.24616391273,31.05739020998495,1313.0287473672597,7878.276006911478,5,1
Memphis,38106,45104.587159493,33.88205264290095,1331.2235723989827,16168.727141983492,4,2
Memphis,38106,61051.81386829292,37.295468457665294,1636.976726478013,11085.097452745093,3,4
Memphis,38106,54376.735902453125,40.72916775499861,1335.0809481192891,6404.9616154590585,6,4
Memphis,38106,52587.007795826175,32.97624089940353,1594.6938268751355,12710.91112190119,2,5
Memphis,38106,86075.22956997534,34.540530483870185,2492.006589481043,1448.1921266347601,8,1
Memphis,38106,54649.19093095108,29.633787756034874,1844.1513916769502,15937.916595509392,4,4
Memphis,38106,39859.16249366237,29.154816796962066,1367.15530648835,2816.8331977448956,5,2
Memphis,38106,79831.94849011273,39.86035637044988,2002.7906360941479,6436.448911902633,3,3
Memphis,38106,57270.02795029442,42.758081232268204,1339.3965842198386,4086.2987322864287,1,6
Memphis,38106,31318.971858985882,35.14622205703761,891.1049332175556,3678.9693913059346,5,1
Memphis,38106,47125.607023479264,40.87832857931554,1152.8261712570325,16053.672090727345,4,2
Memphis,38106,34804.36218951818,37.457339195491365,929.1733726165868,6042.518050770288,5,4
Memphis,38106,43595.82060597352,32.09183426783199,1358.470826009245,9848.743373177273,4,4
Memphis,38106,55813.23883348468,37.45605787955709,1490.099118624724,7777.921898528912,2,2
Memphis,38106,98623.77453528471,43.72696588098039,2255.4451823555955,10651.130513389217,1,1
Memphis,38106,56880.8598190594,35.33906512456351,1609.5745492577446,8377.375475140496,4,4
Memphis,38106,61600.22686544401,43.86876836366075,1404.1932145163971,3704.862726434196,3,4
Memphis,38106,39362.09707233224,21.568068467753708,1825.0172532223867,14544.335910837704,7,1
Memphis,38106,34058.832291701736,39.910329397067756,853.3838934991117,5948.78853808962,3,3
Memphis,38106,56627.32523578529,35.99391735017534,1573.2470763010585,3143.9890837900757,5,1
Memphis,38106,61034.770922770986,33.93644032569216,1798.5024456605595,6187.755655490352,4,5
Memphis,38106,36915.78160784107,36.019039058545964,1024.896348507175,19685.79709455778,8,1
Memphis,38106,49231.776792804296,24.937251469634543,1974.2262635781083,13324.10215038981,6,3
Memphis,38106,55463.972676358964,34.35925867376998,1614.2365934891495,6489.92037025962,5,2
Memphis,38106,50047.618308280464,37.433231449871855,1336.9836471452104,6487.562738299917,2,1
Memphis,38106,75417.64334498288,43.40643631144991,1737.4760462675654,6595.980912866165,7,2
Memphis,38106,85743.47525528475,32.7678788717106,2616.692877527371,27812.63271850397,2,3
Memphis,38106,48462.96148869407,31.221133343380757,1552.2486309411563,10060.358628764794,3,6
Memphis,38106,51853.58603844418,32.85588583621622,1578.2129965063145,10354.969298991971,2,2
Memphis,38106,53433.684067852875,40.40863558629321,1322.3332907082322,14844.235589517853,4,4
Memphis,38106,44714.13673267859,37.282079038931286,1199.3466535486523,9232.36307704994,3,2
Memphis,38106,59704.07085416969,32.70664299402357,1825.441726473711,6848.408258072021,2,6
Memphis,38106,45822.01804307178,38.265458784777636,1197.4772940995083,7110.920011139512,1,3
Memphis,38106,54432.622084158844,36.047374799250385,1510.0301308291328,7663.591867328363,2,1
Memphis,38106,53563.339330478986,40.69239347704504,1316.2985696748108,7823.313607442101,2,2
Memphis,38106,53148.22446508567,31.788408036180652,1671.937279922728,12379.220092064126,6,3
Memphis,38106,54469.05473290554,33.7837245897072,1612.2868450538012,8253.266597281292,3,1
Memphis,38106,64288.68108529006,33.44025959788217,1922.493481161898,12416.491988387615,7,2
Memphis,38106,36207.12463720689,27.730197083929873,1305.6930150052754,7621.792617065867,3,4
Memphis,38106,51449.79891868615,37.10817301661566,1386.4815951906025,8386.49484831568,6,1
Memphis,38106,42877.001058816146,36.92129407308272,1161.308186380049,2412.156428326964,3,1
Memphis,38106,47195.98686906598,35.557252167175996,1327.3237945150909,13863.204147279861,2,3
Memphis,38106,55875.08035052485,34.279767872677155,1629.9725411810718,9848.652336742261,2,3
Memphis,38106,50159.98081004273,27.98678163024232,1792.273991084427,14559.55687062579,3,3
Memphis,38106,39208.70606700339,33.28817075232202,1177.8570339215287,1407.3215877862333,4,5
Memphis,38106,62130.76666030729,33.70350298417058,1843.451307998698,28007.332882477687,3,4
Memphis,38106,65059.56939827531,31.254263293683383,2081.6222346032428,7357.26135350801,2,2
Memphis,38106,57024.66366523056,34.670427799676006,1644.7637737473622,15554.519379278356,6,4
Memphis,38106,89358.50164808784,37.683389041393085,2371.296847794994,4286.617607175459,6,2
Memphis,38106,55718.544776927956,45.582427760501524,1222.368959145473,11554.857192533867,3,4
Memphis,38106,39618.70880902163,36.46041245348729,1086.622617326762,4252.011664510339,2,4
Memphis,38106,35087.340426770505,36.90261480735697,950.8090581097639,5502.376915095072,4,3
Memphis,38106,75746.84764511137,35.13324049192421,2155.988078085842,25225.62527900154,1,4
Memphis,38106,44202.80911690163,25.30390880806376,1746.8767158540834,7135.141633246482,3,3
Memphis,38106,51766.036949517584,35.3886943007934,1462.7845975192427,9114.816402570012,7,4
Memphis,38106,57031.376220339356,35.8509969038807,1590.7891312825943,13483.708515764209,8,2
Memphis,38106,54471.56988438976,48.65784883849033,1119.4816701658324,10770.928234086796,4,4
Memphis,38106,94327.69528516669,34.50481223819901,2733.7547769855696,8755.594651285444,4,3
Memphis,38106,56892.283587014725,37.13709656096699,1531.9529218881225,9958.41719854753,4,5
Memphis,38106,53879.16135141254,35.34500362335591,1524.3784362157853,33834.83499179728,2,4
Memphis,38106,52108.0500416114,29.301530398506706,1778.3388557843716,7728.155848665752,4,2
Memphis,38106,69622.47089949451,41.6206741899578,1672.785755024914,9025.92479842525,5,2
Memphis,38106,62019.99272286522,39.53742709770417,1568.640077909029,15026.783556269509,5,3
Memphis,38106,48381.80080567858,39.74580476176592,1217.2806940424612,15529.743202609472,2,5
Memphis,38106,51204.50743480354,30.68341955967144,1668.8005499264452,16308.064254609684,4,3
Memphis,38106,102113.8412366365,43.006192280133945,2374.398565013309,11736.218691326576,1,4
Memphis,38106,58258.88448523525,28.05883476084854,2076.3116138566766,4029.4850717742634,3,2
Memphis,38106,85394.31368023827,38.65765488140854,2208.988464049499,21316.90587732716,5,3
Memphis,38106,61615.50021314798,47.20403325775428,1305.3016015962216,4021.4169106628137,7,5
Memphis,38106,35035.575504824876,30.250936655215998,1158.1649819356549,9592.895964358706,4,5
Memphis,38106,46730.543695516695,32.51191625008203,1437.3358782073876,5087.9552544442295,3,2
Memphis,38106,54238.10861653686,36.061091950234584,1504.0617375476904,7697.9844412991415,5,4
Memphis,38106,64048.33388088386,32.846726501387714,1949.9152793255648,9744.460676948478,3,1
Memphis,38106,26489.616589494246,27.265739244133048,971.5348757761701,9701.260940724616,5,3
Memphis,38106,78041.04892568842,35.89540637422872,2174.1235664549645,10304.637063040193,3,6
Memphis,38106,42586.56760673085,29.868452357696725,1425.804293330144,21066.167195199887,7,2
Memphis,38106,50730.34574776912,38.0540108590702,1333.1142920951131,10501.962270294354,3,3
Memphis,38106,35275.530607533925,30.629928543650944,1151.6687202603982,6909.847447719724,1,3
Memphis,38106,42945.76030944922,43.79037541154098,980.71231191434,14266.210550551787,6,1
Memphis,38106,57135.47578649143,31.355651578494026,1822.174724816724,16331.958542532935,4,4
Memphis,38106,51081.87980384218,33.81357314938185,1510.6915669093082,3830.046149499516,3,2
Memphis,38106,42831.02061724285,39.865640009971656,1074.3843722696904,11448.761790554967,6,5
Memphis,38106,31085.233950924743,28.970108625565235,1073.010610788424,12184.262829668092,5,6
Memphis,38106,50109.92677793175,36.74224772147271,1363.8231160432456,6691.937473852855,5,4
Memphis,38106,95670.80658862804,42.4964173089482,2251.2675808198833,18262.789510219438,8,3
Memphis,38106,37479.822670274116,26.96291810140594,1390.0506810618465,7311.205633168193,3,1
Memphis,38106,37194.028504778194,36.514006149047916,1018.6236030348045,8626.056203206208,3,4
Memphis,38106,51491.74381540023,36.91504535194697,1394.871476507192,7210.933725264698,6,2
Memphis,38106,54999.59620853637,39.696724995137174,1385.4945518874363,8075.130017590676,5,2
Memphis,38106,21870.9797464879,28.937671186375262,755.7961249067419,4144.062096587694,4,2
Memphis,38106,41692.01662796433,28.49262648056735,1463.256350073563,3371.679580753515,3,2
Memphis,38106,53638.088453196026,38.311687573955254,1400.0450476021276,20824.799905238153,5,3
Memphis,38106,65513.15855597168,37.11277981599627,1765.2452573152264,4812.731164724861,5,3
Memphis,38106,86811.55243153732,36.86500164591835,2354.850089668964,4413.226841614339,6,2
Memphis,38106,73473.0504125652,37.37639573251413,1965.7607153557126,2197.691461001757,2,1
Memphis,38106,44247.72433971931,31.905808246347434,1386.8234898824346,5452.446969092881,3,6
Memphis,38106,41356.47187886005,36.76779607901957,1124.801491772276,3616.7927976457554,2,1
Memphis,38106,104687.25850803487,37.091929746445324,2822.3729318927517,21426.974903492417,5,1
Memphis,38106,47754.8360558327,31.722864117628475,1505.3759294481615,14663.065709309443,2,2
Memphis,38106,67684.23596780366,45.47364525714598,1488.4277604106826,5293.87946105963,4,2
Memphis,38106,56106.23476793201,38.05529255199937,1474.3346064484338,30904.537719519514,2,4
Memphis,38106,45480.11814791247,29.180948011658487,1558.5551960046698,14418.337498942763,3,2
Memphis,38106,55838.049474697924,39.029102457213995,1430.677262842795,6583.343266903795,6,1
Memphis,38106,38983.520800747174,30.33543403852349,1285.082018316973,1785.6778887687005,5,2
Memphis,38106,51392.804235647294,39.7247673956454,1293.721967552186,31626.87030045365,4,5
Memphis,38106,61354.2475081015,41.70473513831996,1471.1578266739018,3475.3599681950095,4,3
Memphis,38106,40342.046689919465,31.15617358434456,1294.8331598136508,2980.8315150934422,6,1
Memphis,38106,50469.91817916887,40.66431308080762,1241.1353925707701,14775.697951928007,4,4
Memphis,38106,57472.059544697244,37.72991595010807,1523.2490743073765,34580.60533609129,3,2
Memphis,38106,55542.581804617395,39.911169622690636,1391.6550762531363,18356.8946244705,2,2
Memphis,38106,98592.77577757902,45.638958201054216,2160.276650997297,11220.999899331046,3,1
Memphis,38106,26163.629717443728,34.2222040357627,764.5220538718767,11430.60202106399,2,4
Memphis,38106,61406.380521313265,31.51296311205676,1948.607000330584,13349.659473901587,3,2
Memphis,38106,62360.22407947985,30.789332847310774,2025.3840636539342,12613.891360001679,2,1
Memphis,38106,27542.65663165458,31.1821390862767,883.2831049674888,9470.260323115073,4,3
Memphis,38106,47813.63753498963,35.11908643967753,1361.4715638209143,8516.131632997336,4,4
Memphis,38106,50484.26626753237,37.3481694497853,1351.7199640911072,7705.124792485355,7,2
Memphis,38106,38605.81795131354,37.00462361502934,1043.270115457515,5088.905552869142,6,6
Memphis,38106,48770.41951896692,39.93847312573749,1221.1388093236312,6760.091973838792,7,4
Memphis,38106,40001.61701325479,35.59929358276331,1123.6632243911442,2896.9760545844706,2,4
Memphis,38106,99476.15403787047,43.276609864209924,2298.6124456143684,7541.62567544491,3,5
Memphis,38106,63945.23708309719,34.119511407258315,1874.1545363833666,4420.6505892206915,5,2
Memphis,38106,101971.41295729985,50.02714157333938,2038.3217939368092,4125.915569293483,3,3
Memphis,38106,69043.5281214088,38.8644941299136,1776.5194084506738,8911.815961854769,2,3
Memphis,38106,34630.28556869815,30.961778803079422,1118.485013052734,18442.22575672079,5,3
Memphis,38106,38798.32611063276,29.822678431583302,1300.9671884314698,13879.7577989248,5,3
Memphis,38106,63868.80466667969,38.10133673703856,1676.2877666859495,3117.84226084787,2,4
Memphis,38106,37524.32659842083,34.33905508560588,1092.7594397945486,4417.900837952891,5,4
Memphis,38106,69728.49891647365,39.3352656332638,1772.671362298056,14068.021662781639,4,3
Memphis,38106,53149.75487315804,38.05211992016471,1396.7619934098007,4436.869701244503,2,4
Memphis,38106,47461.829951409345,35.1418583099952,1350.578262900515,6991.265971724342,3,2
Memphis,38106,54954.95744059785,31.017012879554436,1771.7682116585331,11128.09287994389,2,4
Memphis,38106,45509.051512897524,27.456621716036686,1657.4891107712967,4474.680125163825,3,6
Memphis,38106,44927.416778666564,33.15029856295881,1355.2643181581227,8522.134565911163,3,1
Memphis,38106,79463.80361110519,40.09417737434695,1981.928769087247,3593.1391832906543,4,2
Memphis,38106,41511.0148222966,36.67101260934192,1131.9844168066875,5576.832457734404,5,3
Memphis,38106,49986.170153398205,28.89083517885446,1730.1739407652592,9692.09594362866,5,1
Memphis,38106,62710.96010931334,36.45296774432388,1720.32522973601,3076.0469091037153,1,3
Memphis,38106,51594.64371285972,37.58354897526484,1372.7986078913439,10419.993207525722,4,1
Memphis,38106,49596.403293912095,30.819481793766062,1609.254938995895,7906.2917166162015,1,3
Memphis,38106,39434.220952912154,36.349277952136696,1084.8694437572485,11144.381998936618,4,2
Memphis,38106,66974.74584736455,35.84022336495796,1868.7033606171033,9150.330712881925,2,4
Memphis,38106,41692.33107309378,29.438539797711694,1416.2499689041845,18136.48761937401,5,3
Memphis,38106,48725.97274407324,37.43682773697618,1301.5518592123346,8624.234826972173,6,6
Memphis,38106,74264.58720449923,38.51870113327951,1928.0137964033236,6182.966775295149,2,4
Memphis,38106,51370.59833655115,41.30212160050264,1243.776260053575,8609.102239570639,4,2
Memphis,38106,42916.45091423077,41.146238036320014,1043.0224720993492,11083.088180114048,4,2
Memphis,38106,28331.290313122157,28.187711103472683,1005.0936810414445,8237.999900001958,4,4
Memphis,38106,52694.51178421684,30.531861449772354,1725.8859853960764,8197.232164715993,3,1
Memphis,38106,41220.03916686187,38.274880456588555,1076.947561302346,5250.096875953105,4,1
Memphis,38106,88019.32880674199,38.268222225386616,2300.063177441025,5374.690501014533,4,2
Memphis,38106,33735.51840953412,38.27494664416808,881.3994888918902,3448.2897331258414,5,2
Memphis,38106,127081.74731443093,56.063132479444334,2266.761447213563,22855.403984168875,4,3
Memphis,38106,60312.150271994804,38.57256097673923,1563.6024351187207,3792.872321190373,2,5
Memphis,38106,60203.29461429498,41.5819970793425,1447.8211447954563,5278.798014336222,3,3
Memphis,38106,52569.16784833088,40.61435239853702,1294.349527784776,5198.640672806069,5,7
Memphis,38106,63919.50007154579,39.00158967383425,1638.8947375247296,13686.311432800805,2,2
Memphis,38106,49737.62307343456,33.84977256068928,1469.3635824069406,6702.4406400852995,5,3
Memphis,38106,77343.71065931214,39.57492646061887,1954.3614499518303,16913.071513256687,3,2
Memphis,38106,47940.48601329866,31.411228019122014,1526.22132392004,5340.648925047926,2,4
Memphis,38106,52774.167501598466,34.26787523537912,1540.0478477029392,9457.78336502787,6,4
Memphis,38106,44617.29336589944,32.943254971844794,1354.3680915571929,4846.386180186105,7,3
Memphis,38106,52593.12297967744,35.966348225859406,1462.2869869747735,28977.82894178689,2,5
Memphis,38106,76676.35335680451,47.86597283108647,1601.89689714208,3923.1013050731735,8,3
Memphis,38106,24740.574538023655,25.578410156082278,967.2444216452055,9634.34162392059,5,4
Memphis,38106,41493.94699003177,39.18742368460097,1058.8587635664644,11701.390375300434,4,3
Memphis,38106,48109.60124749614,26.93503076449475,1786.135002708566,10254.544776567709,4,3
Memphis,38106,51106.492083467114,33.014839121275216,1547.9854951203863,7158.274400098513,1,2
Memphis,38106,58552.10406478595,41.33356220653758,1416.57531891904,7400.511517737717,4,4
Memphis,38106,53453.90823332583,35.87258036176927,1490.1049128401596,8213.083445401144,4,4
Memphis,38106,48191.2419034863,29.786159206025765,1617.907215568,7324.6131461979385,2,3
Memphis,38106,41106.89267302919,31.717788881499,1296.0201238052525,14264.429797854056,1,1
Memphis,38106,47804.09142793851,39.151916202947355,1220.9898279343943,30137.050928296518,3,2
Memphis,38106,49281.20810265393,31.637511036263522,1557.68284193301,5725.594979984412,5,2
Memphis,38106,42605.14741966294,36.68361605317713,1161.4216918501672,3516.829079502755,7,6
Memphis,38106,58761.75173045554,35.772875120767374,1642.6343013268827,7587.2735641796635,4,2
Memphis,38106,31066.09229768589,32.0572959474348,969.0802477110292,37609.89363117914,4,4
Memphis,38106,90083.87158268457,46.956150024059326,1918.4680076311097,4939.365101111687,3,3
Memphis,38106,64948.80976655245,38.90847142944384,1669.2716876408224,21389.745500127494,2,4
Memphis,38106,39116.551211466525,24.737002584408284,1581.2971308060444,21890.703087246467,1,5
Memphis,38106,69260.33549024964,36.52370827056367,1896.3117046378911,5739.020761035413,3,4
Memphis,38106,71983.4756190355,32.00300903601688,2249.272108695271,11255.212888450962,7,4
Memphis,38106,76595.20195020094,40.07304345779648,1911.3896859585498,21252.60583872476,7,3
Memphis,38106,29307.328036094907,31.30626072452292,936.149107489474,6372.328198563825,4,4
Memphis,38106,37613.4209204584,34.918512135202164,1077.1770794477648,7080.137480157342,4,3
Memphis,38106,48493.37206105886,38.22132970332635,1268.7515698031445,5643.0968026786295,3,3
Memphis,38106,59933.454291533875,40.14404230732966,1492.96012177107,4351.791081642725,6,6
Memphis,38106,49181.869508962314,29.133020298596243,1688.1829966435753,5418.803391713535,4,5
Memphis,38106,41750.09744088228,33.74727566358567,1237.139787432735,3838.483557193512,3,2
Memphis,38106,51285.1017787925,32.998778964167684,1554.151498589731,8165.2849325501875,3,3
Memphis,38106,39355.26029047542,32.0480818549984,1228.0067327754077,5040.259672334547,3,4
Memphis,38106,57206.318219521745,44.938988373578105,1272.9774365182689,9204.689558042382,4,3
Memphis,38106,39327.491366671486,37.68835002856641,1043.4919898818246,3145.283892479947,2,3
Memphis,38106,33925.142711305394,28.810118965371377,1177.5426110555834,9756.850766681751,7,1
Memphis,38106,42763.49349789399,40.42174524682843,1057.9328833222337,13191.318431660395,5,4
Memphis,38106,54435.033376455605,46.84003145197883,1162.1476691847079,2418.627320098604,7,3
Memphis,38106,79202.94683119727,41.03252360610734,1930.2480050095821,10012.912235064989,3,4
Memphis,38106,32092.341298306696,27.432517766448086,1169.864959954857,16710.594795624937,6,3
Memphis,38106,94377.51011714409,32.949274508659315,2864.327410072139,3871.5576920535104,3,4
Memphis,38106,70946.71161000685,42.28200296959011,1677.9411245260271,21823.44768784654,4,3
Memphis,38106,49333.66527636027,31.75847558298471,1553.4015525226232,10286.711815280665,7,3
Memphis,38106,45353.01398399678,37.89533564230533,1196.796735410516,5240.591786047783,7,3
Memphis,38106,70078.6793842637,39.65841218775165,1767.05711394838,7736.737561680997,6,4
Memphis,38106,39291.1484934697,30.58992405172461,1284.4474025836796,11183.479997485812,5,3
Memphis,38106,53847.12457039379,35.21275961486864,1529.193541186041,8373.272405793765,4,2
Memphis,38106,51353.58052818751,18.255665711101877,2813.0215211465934,11052.925423658224,2,2
Memphis,38106,43543.8537357203,30.070526065508904,1448.0575976908297,4604.515193276987,5,4
Memphis,38106,67580.01226661514,34.183938037150156,1976.9522222153298,8855.670923310388,4,1
Memphis,38106,35930.66680780527,28.879939531718335,1244.1392672703917,3425.381469734705,5,1
Memphis,38106,65032.865734184976,44.22993604430365,1470.3359658726101,7483.539721651975,3,4
Memphis,38106,64447.684077209575,27.908061526158807,2309.2855810426468,4651.068400708886,3,3
Memphis,38106,42080.636984408986,33.18478290814843,1268.0702809140935,5145.50529900311,5,3
Memphis,38106,84533.580854493,36.226781906646224,2333.455427322523,16795.272479954547,5,1
Memphis,38106,76498.97006423703,43.21126599407786,1770.3478087108413,15397.845761786435,2,3
Memphis,38106,35925.374987913594,27.87757266528918,1288.6837537561105,11529.678086238739,3,2
Memphis,38106,72496.49800511831,41.72908121710986,1737.3135446699728,4153.9258825937395,5,3
Memphis,38106,67308.58894401307,35.58453709870389,1891.512281228036,6616.698118390625,3,4
Memphis,38106,52499.669965980676,30.299049644239947,1732.7167215609752,16565.13460633693,4,2
Memphis,38106,38056.73297907681,37.9927804660861,1001.6832806708579,8709.999120284536,6,6
Memphis,38106,45252.27824878665,36.590888647558806,1236.708916382267,32170.158418914485,3,2
Memphis,38106,45077.77663689476,32.3311441531822,1394.252440412257,10129.300315240862,3,3
Memphis,38106,52270.020082298965,35.902010211954305,1455.9078941182686,8977.047226319564,3,3
Memphis,38106,57988.74322004626,33.47647118552525,1732.2238923772757,6645.710860269365,3,2
Memphis,38106,56032.112443796315,36.13499069151653,1550.6330947236434,8667.375934051668,5,4
Memphis,38106,41490.76240933557,39.058825429859915,1062.2634437341906,7300.622655942617,3,2
Memphis,38106,71742.50229252911,43.982676621646654,1631.1536223609478,12235.074031741844,3,2
Memphis,38106,49992.32268024807,28.93306229900231,1727.8614397471486,14203.138080214614,4,2
Memphis,38106,80010.72733197639,46.898001370230574,1706.058360575783,4992.0560819802595,3,2
Memphis,38106,48830.26213938359,25.126348072444827,1943.388748679081,3599.1646236382944,3,5
Memphis,38106,63438.12630083905,34.72106133600786,1827.0791231560036,2658.3837300027376,3,1
Memphis,38106,64326.98096869677,38.66543655195955,1663.6817453813721,10850.77317512076,6,2
Memphis,38106,53966.24422097667,37.02754615909386,1457.4620740219566,4126.466938304587,5,2
Memphis,38106,31541.869257062044,32.21132290911615,979.2168221732786,2198.3502350800873,5,2
Memphis,38106,56843.62037246832,34.4208124667209,1651.431686205155,10100.538147903411,5,2
Memphis,38106,51403.70110642101,32.90255151873575,1562.3013636845192,35703.23325814,5,2
Memphis,38106,51416.08249849477,32.388980527865826,1587.456031666665,7970.912632819716,5,1
Memphis,38106,43180.03201385152,40.05795437607355,1077.939018265066,13230.648659304126,1,4
Memphis,38106,42373.32086241644,37.43271403245072,1131.9863375571076,8402.582985106783,2,1
Memphis,38106,61446.061343378686,31.837138312058343,1930.0120739842355,7539.137230164745,5,4
Memphis,38106,59222.79015954292,40.32441753612151,1468.6582913812151,13886.087386836674,2,2
Memphis,38106,65369.43175821991,37.16775279651189,1758.7673948464992,6721.267919043711,5,7
Memphis,38106,59545.746037187506,39.86214866235224,1493.7916804626595,9392.175322450104,2,2
Memphis,38106,58107.8786879783,38.88560691303189,1494.3287067098436,9703.243639123386,3,3
Memphis,38106,58346.44610779213,31.111871089290815,1875.375670602977,5357.981238307831,3,2
Memphis,38106,42429.15366617543,32.54451514627025,1303.726710183851,14507.517326595038,2,2
Memphis,38106,60032.75987112581,39.51270126850442,1519.3281639536483,7202.770096552966,5,5
Memphis,38106,51246.65835273958,38.78296832962765,1321.370193152299,5083.471762512145,8,2
Memphis,38106,47127.24266930838,35.418604954968075,1330.5787376218489,11038.039547069871,4,3
Memphis,38106,49638.585323831314,36.15529628934416,1372.927078970198,4666.2733376477245,5,4
Memphis,38106,66386.09201322502,42.33931506210441,1567.9538489427184,8136.419644182701,6,1
Memphis,38106,42606.46438725554,32.37722028319944,1315.9395406579747,7956.348342799474,4,2
Memphis,38106,78055.91091160063,38.445755492945715,2030.2868264852502,15347.903442875231,3,2
Memphis,38106,40860.560016984105,34.452414258853565,1185.9999043893936,10636.170262738315,4,2
Memphis,38106,48652.36332528849,34.36986802740053,1415.5528117390963,7880.768042423216,3,4
Memphis,38106,54995.2203498096,41.38593123266573,1328.838537923296,13067.148353015054,3,2
Memphis,38106,85037.02984362097,39.929056431931706,2129.702964270799,18422.377075011525,5,3
Memphis,38106,62108.97642333952,39.865599605065405,1557.9591687728641,11180.014061810361,2,4
Memphis,38106,81565.81625932458,42.487549302729,1919.7580843780406,8049.84722980054,6,2
Memphis,38106,36465.65963707593,35.64193997398179,1023.1109660050895,3641.2965099040252,3,3
Memphis,38106,62101.523916534214,39.16446836051651,1585.6598216750365,4222.271881946365,4,4
Memphis,38106,62762.97532828236,33.876433320735174,1852.703167835152,6661.247098614465,7,2
Memphis,38106,56411.113677360285,37.25764457558715,1514.0815883547114,5549.646435336328,4,3
Memphis,38106,67442.20647893213,34.83640259174743,1935.9693154685513,7151.0468593858695,4,4
Memphis,38106,46980.74847496332,36.046939995428694,1303.3214048382804,8276.593714512544,8,3
Memphis,38106,81651.75597094298,38.70188936706603,2109.7614950143957,10992.983375267318,4,1
Memphis,38106,82137.60771838111,31.16929286870721,2635.2092126172092,7668.66292465481,2,4
Memphis,38106,63235.99829170148,46.681377985765664,1354.6300692105476,10711.763477223843,1,3
Memphis,38106,40031.17160063137,30.16843036529734,1326.9225848315634,8315.541140521214,4,3
Memphis,38106,61986.200274991555,29.058981788147783,2133.116732268772,2445.2848075966795,2,1
Memphis,38106,91806.56541440525,41.70215190031861,2201.48268688513,4553.2456365865,3,2
Memphis,38106,51733.82933586096,39.74916632747547,1301.5072796659242,7337.432664751304,2,1
Memphis,38106,51886.58048347762,38.856246564979465,1335.3472110773096,3871.432896377402,4,2
Memphis,38106,53744.437296750744,38.87876739162398,1382.3595988881432,11466.144990680936,2,2
Memphis,38106,37587.22088242714,35.46473082411237,1059.8479111216514,20043.242030198795,3,3
Memphis,38106,36248.67047651577,30.74808282716626,1178.8920525636702,16621.52683769184,5,4
Memphis,38106,41466.53793913673,35.934000392893466,1153.9638639102764,7038.364438639948,4,4
Memphis,38106,39077.81219505614,31.9210666584962,1224.2013280171852,19567.64082962311,5,3
Memphis,38106,59886.7720390677,40.7269006192499,1470.447569751029,8746.398503167162,3,3
Memphis,38106,54645.32148959103,34.746257685284355,1572.6966047550575,6535.115094994542,3,5
Memphis,38106,68036.99642828498,31.13051268969431,2185.5405051137654,5536.707132086457,4,2
Memphis,38106,39080.2928177869,33.817174156910376,1155.6344902284225,6672.2673172369505,2,4
Memphis,38106,71578.39007356443,37.73071818556194,1897.0852799975237,6337.823738148003,3,4
Memphis,38106,45730.67180545309,32.52562999583122,1405.9888097882915,8861.280455442304,5,5
Memphis,38106,45632.55550040621,31.147976401828704,1465.0247230098425,8809.105745474784,7,3
Memphis,38106,64665.07085818843,36.82873099364615,1755.8321754106796,8014.634265543315,5,5
Memphis,38106,41265.257934113884,36.83554934072394,1120.256346726792,10397.906039585077,2,4
Memphis,38106,53577.5317254973,32.828246346859565,1632.0558570020194,16343.48433918446,5,3
Memphis,38106,51057.50073511446,33.01960135020715,1546.2785329718754,14142.352561097026,5,4
Memphis,38106,61679.01018548592,36.76671014114753,1677.5776224932822,3282.163342450204,2,3
Memphis,38106,44345.596382264914,27.812434501990012,1594.4521641603123,1728.2146142627837,6,3
Memphis,38106,76807.322412044,28.02892181446015,2740.2881538032984,14013.672895687032,3,5
Memphis,38106,40091.04131910458,31.701051522835144,1264.659668788144,3523.0050141890015,2,5
Memphis,38106,44671.038697959244,34.39243340495171,1298.8624030170442,6990.711228827691,5,2
Memphis,38106,47200.83882890332,37.18698187085457,1269.2839390092356,3964.4761429552545,4,2
Memphis,38106,56017.53974978127,43.39291095823264,1290.9375866417517,2713.5378932351778,4,1
Memphis,38106,50718.46096284886,40.10089696185516,1264.7712346956566,11070.89041674401,7,4
Memphis,38106,69240.52710132136,34.67760760455992,1996.6927329847463,12615.606238084902,5,2
Memphis,38106,74954.78090389734,35.42865311998262,2115.6542601282526,5660.6306102297,10,7
Memphis,38106,38821.083743681316,30.187019751162797,1286.0190924341227,1690.1481137939275,4,2
Memphis,38106,42680.65311584173,35.43133424172856,1204.6019160513415,5764.364265132605,3,2
Memphis,38106,56724.4416212057,33.991593783875125,1668.7785215918454,10120.10404488273,4,4
Memphis,38106,48126.46874948605,37.24992856732185,1291.9882158299179,3293.97354487198,3,4
Memphis,38106,54074.49292372576,31.121272686337896,1737.5411818381137,8930.367018566109,6,1
Memphis,38106,59761.566209861405,38.29785724764833,1560.4415104328336,7926.8492165848065,5,3
Memphis,38106,44372.55302917088,43.69873203684724,1015.4196920806642,11325.042696138993,4,2
Memphis,38106,76328.25579436756,34.950362788799175,2183.904535000395,8595.07842022252,6,4
Memphis,38106,87540.01275248226,37.67092262292631,2323.8085679166747,4462.013748070369,4,2
Memphis,38106,49895.19983330783,39.208122403824376,1272.5730479876545,16401.691055892472,2,4
Memphis,38106,44953.1073124736,33.391695495084434,1346.2361418302678,7274.126941855529,4,6
Memphis,38106,58506.80536514752,36.72430088180862,1593.135987896474,7870.0059461379715,8,1
Memphis,38106,57404.1575282478,35.59711119996658,1612.607191796555,4569.851757681615,4,2
Memphis,38106,63041.71458276488,36.050564767216,1748.7025512591786,6131.700949378696,3,3
Memphis,38106,77009.0750974148,31.410244356942293,2451.718433715217,4704.690139968752,6,2
Memphis,38106,50604.90118214547,35.660626973713036,1419.0693063094066,7211.477872875671,3,6
Memphis,38106,46389.932271418045,38.18408189319263,1214.9023878897647,22341.962345195476,5,2
Memphis,38106,45455.149331607274,43.26386985774368,1050.6491786580525,3512.4045359771194,2,4
Memphis,38106,50215.22288657683,40.642433867621115,1235.5368049594622,3038.3199145372887,4,3
Memphis,38106,69145.88107170566,47.00538590730784,1471.0203891966278,19339.385928986492,9,3
Memphis,38106,73037.4172319786,31.44042116358814,2323.0419481964473,7055.78138511063,4,1
Memphis,38106,52361.96709557604,40.17903283340286,1303.2162151012478,5354.824329879731,6,3
Memphis,38106,57265.15805387097,36.507121219582544,1568.6024025130127,14930.175317545429,7,3
Memphis,38106,69723.5381131484,47.20055473258358,1477.1762431219206,5562.63667422512,6,5
Memphis,38106,62331.37562572665,31.22217428819972,1996.381643711614,23927.953304083414,5,1
Memphis,38106,86636.51658866601,31.054702442097554,2789.803468579435,12015.494971664182,4,4
Memphis,38106,42000.75907033778,32.335536896106085,1298.9040264055614,5969.688191388834,5,4
Memphis,38106,31774.77625884937,24.210697737290886,1312.4271181126599,29190.008312528378,1,4
Memphis,38106,63023.57718725158,32.727988611952384,1925.67829127865,5562.304984312806,9,3
Memphis,38106,55378.79891213233,31.484202480249568,1758.9392314088993,12487.133134012081,3,1
Memphis,38106,85507.2067987909,36.33152368502495,2353.5265831428665,9573.674479514028,5,3
Memphis,38106,64109.34732359844,37.351388472904375,1716.3845828677815,17470.020809807313,1,3
Memphis,38106,61729.729920419966,45.52905248760107,1355.8316404065476,20416.59927052865,2,2
Memphis,38106,69794.39122589101,40.595283845612556,1719.27338878391,8155.104344270269,8,1
Memphis,38106,63515.28161642538,32.45539196714722,1957.0024506472869,5090.575146042293,5,1
Memphis,38106,55979.4748770641,30.74189900904893,1820.950451388395,10542.606699123784,6,2
Memphis,38106,64240.02323110749,38.15168322454392,1683.8057407066194,5327.128339063755,2,1
Memphis,38106,55179.62862966314,28.493817123183486,1936.5474408399714,26775.14120802735,6,3
Memphis,38106,89986.97792115244,45.29075949262078,1986.8727954498977,8682.962222528351,2,2
Memphis,38106,87623.80227826808,41.8158261233841,2095.4698352657297,6425.333980895125,3,4
Memphis,38106,57616.98931725418,33.029528362107975,1744.4084785465284,8937.444741205052,2,2
Memphis,38106,37555.38722057254,26.399849527210165,1422.56065444102,3565.0061107566207,5,2
Memphis,38106,65771.03369220179,42.745462818114575,1538.6670153055281,4465.910525280681,4,7
Memphis,38106,70029.20818382515,34.91955989472618,2005.4436079648729,16439.547853913205,2,4
Memphis,38106,50942.19798306497,42.12694203466257,1209.2545891688294,5394.095742081298,4,2
Memphis,38106,43967.29828984678,27.03249779245542,1626.460811257987,4268.638620091352,3,2
Memphis,38106,43470.08871722923,32.33563081516787,1344.3402098974502,11038.986048478984,3,5
Memphis,38106,53121.82746027315,35.55794629764806,1493.9509446243478,16295.093243322013,2,4
Memphis,38106,73057.79173698927,35.78038307446919,2041.83928341223,12314.94453960088,4,1
Memphis,38106,51546.976833968576,33.13137606975137,1555.8356744810994,14542.423744573172,3,1
Memphis,38106,58296.487415213945,38.84947871444599,1500.573221167487,5080.270400090892,4,4
Memphis,38106,31504.41528798884,29.840116921605464,1055.773855402636,3408.782337113916,4,4
Memphis,38106,62152.47034132919,34.77118853457902,1787.4704018104019,19692.576412124705,6,5
Memphis,38106,63046.33792693005,36.17111556920857,1743.0023081897864,6591.847369065628,7,3
Memphis,38106,97491.23652372263,38.2717017661161,2547.3452191780148,6882.223148555422,4,2
Memphis,38106,54005.81200025332,39.322551492774735,1373.405589161134,17749.51207461062,6,5
Memphis,38106,46276.90077714963,29.53621997155008,1566.7848093535508,11169.418440590787,3,3
Memphis,38106,43182.89594228517,27.3539385270645,1578.67196709385,10516.802381020887,3,2
Memphis,38106,93160.04752429192,42.339378622308104,2200.316834012463,29325.07489851943,5,3
Memphis,38106,54024.41687283349,37.30106752684524,1448.334336113909,5437.560938604873,4,3
Memphis,38106,50163.10735578918,31.54094100342185,1590.412516555769,13959.29533365866,3,3
Memphis,38106,75624.05345270675,43.796864453547286,1726.700173545909,8278.397546353079,2,2
Memphis,38106,56174.90452201262,36.14648796346379,1554.0902501729404,9398.939925164115,6,1
Memphis,38106,55472.43925719845,41.81506434246816,1326.6137486451169,20015.812727232904,4,4
Memphis,38106,55880.46097697989,35.88983974667518,1556.999456431305,10849.760385464378,5,5
Memphis,38106,90230.95788125455,46.51275606565855,1939.9185409241782,11049.875811359547,2,7
Memphis,38106,51506.85301938722,44.88508901980106,1147.5270327895523,15225.10856178909,4,5
Memphis,38106,52446.73481633246,34.20314557068078,1533.3892231622763,6426.756020061033,5,3
Memphis,38106,50685.10929413554,40.70798738311124,1245.090031524466,4835.167353710866,3,2
Memphis,38106,77927.56881160935,38.96953112331405,1999.7050661199291,4274.025081488082,3,5
Memphis,38106,43403.62047066705,42.82412188586866,1013.532059953099,2458.687296117329,3,3
Memphis,38106,39194.52084081848,30.387440416838334,1289.8263329576107,27471.959217541575,5,4
Memphis,38106,63871.19628777641,39.186311256061686,1629.936430362433,4126.858741300577,6,3
Memphis,38106,90319.20343988697,41.17087330266488,2193.764576619774,7005.4566549985075,3,4
Memphis,38106,38164.646209424376,26.156797907108015,1459.0718001859575,6775.773715170719,3,1
Memphis,38106,37728.75072637752,29.223823756747752,1291.0271783878381,9620.39727271827,5,3
Memphis,38106,58544.51157151414,24.661912108627543,2373.883716463062,13051.249407228308,1,3
Memphis,38106,35211.11300068544,34.094196275827734,1032.7597317684706,13406.311917812083,4,3
Memphis,38106,33687.86799007049,39.35414145226458,856.0183692720851,5638.370348966071,1,4
Memphis,38106,72085.18098945274,43.53681190914578,1655.7294351245273,7236.72324449312,3,3
Memphis,38106,47000.33867154013,35.92488813224719,1308.2946423805647,9478.153435157014,3,3
Memphis,38106,50798.87513929662,44.2097065501222,1149.0434817002017,6891.073414311703,2,4
Memphis,38106,49886.64434324108,28.174749278443738,1770.6153779834674,20985.860203404194,5,6
Memphis,38106,41700.50809756904,26.451823289456705,1576.47008454764,10740.552303472006,6,4
Memphis,38106,45387.13689481,35.23395853873047,1288.16456558291,12433.173880934755,2,1
Memphis,38106,40469.59002979543,37.57687681012204,1076.981204007199,11907.522019219383,5,3
Memphis,38106,65223.0875833564,35.35575334003253,1844.7658845245353,16175.954608475497,1,4
Memphis,38106,42774.13005883198,24.51156732783748,1745.0589546860162,8917.846350397482,7,3
Memphis,38106,50722.18188853151,35.05503474941659,1446.9300130810927,3674.225539503035,6,4
Memphis,38106,67257.49955576939,28.577829797059387,2353.48520280886,10168.089263680342,2,3
Memphis,38106,44381.124395067614,39.09901984898969,1135.0955744281762,5412.047058065208,6,1
Memphis,38106,37968.816395207,37.48378535257316,1012.9397561658097,5825.65554264758,2,3
Memphis,38106,38079.385502128986,30.52091067876836,1247.6490594567554,11373.20275658728,5,2
Memphis,38106,48086.72678393579,32.79134626405409,1466.4456407710381,16817.354926520344,3,3
Memphis,38106,47107.252240722424,29.884921535092833,1576.2883026279992,8102.7579203562655,2,3
Memphis,38106,49149.17691031443,35.19595175108263,1396.4440358912186,9628.633825539368,4,5
Memphis,38106,65793.63237318175,40.62043099711135,1619.7177321397835,22215.061581689424,4,1
Memphis,38106,32842.6322716552,30.27657303605472,1084.7539525871935,9243.249019852392,7,3
Memphis,38106,81324.04577989133,38.21631590445235,2127.992818125537,38109.035650172125,1,1
Memphis,38106,47522.220496316986,32.70399202288408,1453.1015193210692,11231.780773439708,4,1
Memphis,38106,61394.49435998765,31.30438424045784,1961.2107329247926,2781.48201947731,6,2
Memphis,38106,56492.730582890035,34.95958169662219,1615.944122934068,12571.678103180779,2,3
Memphis,38106,49901.256234359,30.012676042665948,1662.6726708214721,10055.669176331425,4,1
Memphis,38106,55721.03823574027,32.57932602715219,1710.3189362880423,17344.807709327164,5,2
Memphis,38106,48350.65514607798,29.145909771447734,1658.9173412402392,11981.338956678335,3,5
Memphis,38106,80124.52021730893,46.0010025958779,1741.799432529951,7362.267365696496,4,4
Memphis,38106,73860.57396906626,35.71793710023333,2067.8846530748765,3837.659209637797,8,5
Memphis,38106,49543.95178472083,31.800812905153517,1557.9460793183664,7057.053317879616,2,3
Memphis,38106,64939.69284665234,36.670405934258035,1770.9019355573787,4802.464718533003,4,3
Memphis,38106,50662.640323861866,34.93134765917272,1450.348861950026,5647.017173153402,4,3
Memphis,38106,73034.91111861868,34.35234251928769,2126.0532983336443,11388.323593665498,2,2
Memphis,38106,48600.93280558526,38.80320142788143,1252.4980160699788,21788.542196098642,2,2
Memphis,38106,92062.9021406559,39.567137340697116,2326.751651198274,10137.530819385942,3,2
Memphis,38106,48021.84549125177,32.70269413380969,1468.43698243211,3903.6487959824717,3,2
Memphis,38106,33669.38884774359,32.46117668648418,1037.2202207248536,10445.832996931744,7,4
Memphis,38106,52170.04839791559,34.06411198003031,1531.5252729470733,16402.281379592965,2,3
Memphis,38106,29101.579167529813,23.2619111525417,1251.0399071122772,5548.745127767385,4,3
Memphis,38106,50246.43286625473,27.454789234012818,1830.1518339104969,7381.901355497125,4,3
Memphis,38106,53944.99248803005,42.814756408345595,1259.9626160085993,8070.8149193635145,5,1
Memphis,38106,58768.49301407004,44.29685542910509,1326.6967247398877,4995.32539353946,3,2
Memphis,38106,31631.683994135612,34.20276242718428,924.8283398593213,11803.6617601102,4,5
Memphis,38106,51135.8210617188,38.60276033460571,1324.6674750322904,7440.0134193181375,5,3
Memphis,38106,30092.50271670296,37.18880769863978,809.181702208851,10289.881235337967,3,5
Memphis,38106,51848.72147776544,51.93889526866219,998.2638485006214,4697.10440585897,4,5
Memphis,38106,74437.31863550634,41.49677449049058,1793.8097490580726,6153.164864013569,3,3
Memphis,38106,62909.1350569199,34.848263196203256,1805.2301402433707,12340.300333331563,5,2
Memphis,38106,50213.10773215048,30.437447221820033,1649.7148189271813,6396.44041464012,2,4
Memphis,38106,31411.104093499496,26.968444336187268,1164.7354849961034,22547.40208458575,4,4
Memphis,38106,53664.44642888803,36.61435944735437,1465.6666739192578,6294.396733827064,6,2
Memphis,38106,46678.9877017,31.499028703007305,1481.918320143104,9154.562392345268,3,2
Memphis,38106,31033.510659453175,27.950098854699196,1110.3184579340252,13999.141982931726,5,5
Memphis,38106,69300.20634677602,32.08408981342946,2159.955502860143,3415.8354415582094,3,2
Memphis,38106,54978.47375468886,29.76588991473708,1847.0293988243582,2781.4051634764055,2,5
Memphis,38106,62487.838020359835,44.52162134411923,1403.5391374760372,3202.8715056188253,4,1
Memphis,38106,60071.77839229392,40.2286990846621,1493.256798234307,17064.35873285566,5,4
Memphis,38106,55451.820557956715,35.48750980810309,1562.5728843136535,5744.981287667234,8,4
Memphis,38106,38654.52104688736,43.4173622882144,890.3009996390338,37127.61799724214,5,4
Memphis,38106,50116.96290418331,35.942334395607986,1394.3713937041164,5702.433322819377,7,3
Memphis,38106,38697.88344294605,30.93978584902102,1250.7482641212432,8936.752995447181,5,2
Memphis,38106,50399.37708293397,43.64748976980864,1154.6913086808413,20180.312758018677,2,1
Memphis,38106,53094.623287362156,38.40212107781739,1382.5961118077862,26658.212768836565,2,3
Memphis,38106,69750.43175314293,30.00199662051715,2324.8596630213415,27559.40034271078,8,3
Memphis,38106,60090.987223760676,34.515590015153414,1740.9810232819102,16518.1748381277,5,3
Memphis,38106,39686.618743356266,30.863392518585936,1285.8799861180842,14788.931911335734,4,4
Memphis,38106,48197.12489757672,28.160368833825572,1711.5232112898846,11415.33596230632,4,4
Kansas City,64112,414924.4940886048,173.81878600141812,2387.1096078488295,3854.7398288947797,4,3
Kansas City,64112,324173.55994409573,191.82825896453238,1689.9155614190975,18128.17666759645,5,5
Kansas City,64112,269873.72003972967,228.8773681547537,1179.1192908914288,5564.169850675484,1,2
Kansas City,64112,387942.02372098004,203.58364367939728,1905.565774880764,13814.139119068728,3,6
Kansas City,64112,373751.64913902135,200.8682371044836,1860.6806856407604,20566.88116515469,7,3
Kansas City,64112,314121.0046814897,174.58370574252976,1799.2572866149658,10521.853164509701,5,2
Kansas City,64112,280339.1625654732,145.0845756937757,1932.2464929502503,3260.062130983978,5,4
Kansas City,64112,384048.5793202221,180.79403668002655,2124.232559727178,4611.320422833983,3,3
Kansas City,64112,422122.87126780854,220.40839199133788,1915.1851136611808,17691.569413891037,2,2
Kansas City,64112,208576.44320872313,143.87769943870111,1449.6787481480883,7228.040170185407,3,3
Kansas City,64112,352739.4277934111,157.0933006825775,2245.4135616270223,8391.217831150103,4,2
Kansas City,64112,232267.949030636,190.16480214200462,1221.403469066747,12613.102963781923,3,5
Kansas City,64112,189439.0985949242,159.0650816255933,1190.9533925291355,12148.859036644162,5,4
Kansas City,64112,393352.8008610523,164.44370235973318,2392.021069925578,9456.680558127386,4,4
Kansas City,64112,394483.9255387056,174.77156950381055,2257.1401438956846,7058.556147805813,4,6
Kansas City,64112,290879.0418251204,148.40022357839888,1960.0984069370413,6631.562676513557,2,2
Kansas City,64112,223552.62602006696,159.35994597609587,1402.815648880805,13385.617864285097,4,4
Kansas City,64112,343712.0997766025,206.3221128165023,1665.9004460772046,11151.60306614795,5,4
Kansas City,64112,279358.9976047535,150.03083663133526,1862.0105298166875,6855.570553704209,4,6
Kansas City,64112,189328.02932120283,141.89836853088426,1334.250923963199,15313.10395483775,3,3
Kansas City,64112,279343.51580872346,168.9927657104384,1652.9909705564924,7404.005019104555,3,1
Kansas City,64112,484795.89012018486,207.12072831501186,2340.644000550511,4799.176002727996,5,3
Kansas City,64112,514561.2508556475,181.11727244603108,2841.0390897918105,5073.643113281237,2,5
Kansas City,64112,310871.1494107149,173.6242850086923,1790.4819558804893,4446.854711614428,5,2
Kansas City,64112,451342.03174744255,187.87180235705065,2402.3936859330615,6793.698774164824,2,5
Kansas City,64112,169752.2537545977,137.75979327081046,1232.2336563099798,16771.417675753943,3,3
Kansas City,64112,470086.17122579145,200.47903742460514,2344.8145864256676,4935.156738957995,2,2
Kansas City,64112,320988.8930615854,197.3640719866293,1626.3795625544815,8957.82093589877,2,3
Kansas City,64112,376134.22814456996,175.17161392192733,2147.2327606241624,5394.759040906992,3,3
Kansas City,64112,401443.9290107643,214.79035374548477,1869.003528372853,6843.204505745481,5,3
Kansas City,64112,428932.62622065126,155.06631045785915,2766.123892121739,3233.0204188693187,4,4
Kansas City,64112,348685.6272211229,218.20524831163704,1597.970855050819,7008.464299247045,5,5
Kansas City,64112,444203.48262598866,190.95497292150625,2326.221076256456,7122.211732667018,3,3
Kansas City,64112,328584.1517927744,177.20837852265547,1854.224695988435,11063.08962226235,4,1
Kansas City,64112,355636.6989079816,186.0736475146818,1911.268487817012,9146.854865325853,6,3
Kansas City,64112,348726.35621576756,183.6271765135056,1899.099919940876,3897.776517006076,6,3
Kansas City,64112,355364.0462811371,220.79120954376577,1609.5026926816847,15332.281200468567,4,2
Kansas City,64112,310071.805016969,156.4889061660127,1981.429946785023,9075.907415247235,5,2
Kansas City,64112,323547.0634474047,165.28365515971055,1957.52606714056,9011.284740685618,5,2
Kansas City,64112,455441.6268945837,215.64078131212304,2112.038474927281,7956.045895567686,4,2
Kansas City,64112,345165.1175038143,169.95829725699545,2030.8812401308483,5863.736763689812,3,3
Kansas City,64112,514231.372215861,211.83997323335925,2427.452026013016,9116.837198512716,4,2
Kansas City,64112,586643.2477740889,234.2048606263373,2504.829516369646,10641.85279090057,4,3
Kansas City,64112,268178.78126913833,175.38194911828242,1529.112788501804,2804.7211629135704,6,5
Kansas City,64112,508251.7122450096,205.70439765131238,2470.786808877768,5790.305417164273,4,5
Kansas City,64112,228119.99166912973,154.33296143003133,1478.1028599166136,6865.2562080756825,3,3
Kansas City,64112,478512.9475224837,207.75838131275927,2303.2185007358657,9329.149984635553,5,3
Kansas City,64112,446250.8230354618,192.21277477570655,2321.6501793712346,16369.635834625384,5,3
Kansas City,64112,246458.54676743536,199.87247018993415,1233.079005494011,5034.917057875667,2,1
Kansas City,64112,343046.3138855152,168.55753262940513,2035.188273903757,5933.797723597096,6,2
Kansas City,64112,247839.5335248902,140.1288003229048,1768.6552154430992,5882.142552939117,3,1
Kansas City,64112,330152.473517173,200.71828992663,1644.854953865221,4945.732025649155,2,2
Kansas City,64112,359182.34251433524,128.8660604479139,2787.2532245176562,6495.6300097652465,3,2
Kansas City,64112,300148.96939535806,177.74593164491637,1688.6404466064891,12704.075832534543,6,4
Kansas City,64112,346172.69431082223,212.97791575949384,1625.3924406967112,4250.94046552142,5,3
Kansas City,64112,389075.5214237529,192.0020811668977,2026.4130422917094,10341.140665120038,6,3
Kansas City,64112,569213.1511543153,241.1728781695684,2360.1872460720983,2881.468913895185,5,4
Kansas City,64112,413265.86192019633,215.32741817195046,1919.244030456825,5712.397105058507,2,2
Kansas City,64112,448016.2365837672,168.32444156801964,2661.6231868069176,6564.970154227317,3,7
Kansas City,64112,425516.668285621,187.3946244122511,2270.6983704587124,21853.418129255428,2,3
Kansas City,64112,213745.86609228293,185.3038808676198,1153.4883408350306,6783.95427829128,5,5
Kansas City,64112,247938.20773864852,142.33775259850685,1741.9005373648806,2135.4885672253968,3,3
Kansas City,64112,276982.6930713242,160.30400253247876,1727.8588724895094,2411.160574002654,3,1
Kansas City,64112,383158.32374237746,170.9317787895523,2241.586242509733,8165.02096011602,4,4
Kansas City,64112,133727.01843354624,129.62702513279947,1031.629155236313,11561.771034124988,5,2
Kansas City,64112,706853.0254777602,187.9595558969706,3760.6655437365434,10021.322332452643,3,2
Kansas City,64112,407952.81413903786,179.65735824486046,2270.727000132255,8846.16122613788,4,3
Kansas City,64112,288519.44194981776,139.79817167973314,2063.828435544877,16067.479143112048,5,2
Kansas City,64112,528862.4546007075,197.94573705700626,2671.7547064345254,5787.4212316494,3,4
Kansas City,64112,738324.0124346644,206.67049955125105,3572.469288252587,13686.197938841713,4,3
Kansas City,64112,477061.95232622867,192.98571671858312,2472.0065320787085,3004.8649062805753,3,5
Kansas City,64112,447574.67642078386,177.55787346911248,2520.725595976699,4648.1665053459,6,1
Kansas City,64112,417441.0726051048,203.1871273172173,2054.4661372833557,2705.3105313253063,8,3
Kansas City,64112,394747.7031499369,205.67242888136474,1919.3029678160408,6783.779271147191,5,3
Kansas City,64112,344674.9302037349,195.23560923251782,1765.4306586727262,7780.999585157849,3,3
Kansas City,64112,264517.15405143314,163.5453923552041,1617.3928854988992,8566.869988484445,1,4
Kansas City,64112,325502.6274081643,194.37330013010273,1674.626233079805,8302.623535006724,4,4
Kansas City,64112,312240.07305237924,220.09688307953385,1418.648318338741,4585.547653570373,4,1
Kansas City,64112,331540.0183310453,169.92766781869392,1951.0655479882496,7137.032223934474,3,3
Kansas City,64112,320187.3378850934,245.36076282934283,1304.9655299115414,3257.5440107495015,2,3
Kansas City,64112,358552.1541481976,171.91522481854616,2085.6335122537507,18126.571977249045,8,4
Kansas City,64112,369532.31452234625,187.53721813495045,1970.4478833445926,6667.639491339882,5,4
Kansas City,64112,346150.8230569076,167.80410198260063,2062.826945033796,5966.1979799897945,8,2
Kansas City,64112,336595.0934718525,192.88035541616975,1745.0978496259795,20755.385159116562,5,2
Kansas City,64112,591568.9521881089,137.8573748255218,4291.166525815714,3796.5532724029363,3,3
Kansas City,64112,478685.95310369885,171.34383286302528,2793.7156832855912,4071.816739742559,3,2
Kansas City,64112,227335.46397979924,156.05661305684202,1456.7499545629291,4144.198261168022,5,3
Kansas City,64112,401330.80158608494,190.41872938007074,2107.622516401941,7680.761628807374,3,6
Kansas City,64112,366320.0690844833,214.4690570536841,1708.0322640332638,10364.852544150144,6,5
Kansas City,64112,315873.0846023458,204.7146202051783,1542.992309419607,12469.015692696345,5,4
Kansas City,64112,171021.07967141597,120.23658202243574,1422.3714346728852,37436.22176709618,1,5
Kansas City,64112,540088.1961096027,243.79671889888954,2215.321840871841,2074.628432886139,1,1
Kansas City,64112,326838.32988247834,194.89621429771088,1676.9865492780746,11526.893785358334,5,1
Kansas City,64112,417628.6033856843,164.8922948114687,2532.735710077807,5726.836008126784,3,1
Kansas City,64112,486975.0281164148,191.0287175281919,2549.2241921403643,5627.090099656916,3,2
Kansas City,64112,537020.0545362172,191.5623459860516,2803.3695858752935,5515.5879966447665,6,3
Kansas City,64112,269881.7820117852,167.96190359329944,1606.8035443636854,4637.519993518295,4,2
Kansas City,64112,430336.873617692,192.17057814390773,2239.3483839936853,21980.516392458074,5,2
Kansas City,64112,395061.712878702,169.6241170442133,2329.0421183193384,13260.901089125475,1,1
Kansas City,64112,309622.96506930946,175.31008819563917,1766.1445970170435,8112.1191009779195,3,4
Kansas City,64112,274484.2724915853,167.41795873410427,1639.515106784484,17994.227160876748,4,4
Kansas City,64112,435679.4081419985,146.5230835793833,2973.452356440179,3228.198244322824,4,3
Kansas City,64112,401410.7320543285,190.71261906544456,2104.793767823938,3600.3046355977376,3,3
Kansas City,64112,473246.3794228817,203.0151650755566,2331.0888092855157,2165.5208337054496,4,2
Kansas City,64112,325495.2452479671,201.04390883035998,1619.0256503748076,5258.221320703602,3,1
Kansas City,64112,307244.59079816676,209.58339748489706,1465.9777181076918,8815.05149608332,3,2
Kansas City,64112,337516.27478487423,195.70974200926122,1724.5757483493212,8509.274518142754,5,1
Kansas City,64112,331021.6267715871,171.71661604016688,1927.7204175404702,8749.938644744729,5,5
Kansas City,64112,320231.2262230645,210.13597005281892,1523.9238962400036,3430.8479385810215,2,3
Kansas City,64112,294807.3121175617,148.62697523089494,1983.5383964423195,12953.09022702804,5,2
Kansas City,64112,210440.52413209865,161.41615498225437,1303.7141428330633,9237.008267236579,2,6
Kansas City,64112,239903.92838565577,159.63770110054196,1502.8024503720526,12419.57815011625,6,2
Kansas City,64112,509968.66114199394,216.8656293475754,2351.5421170067284,2569.687343101894,2,3
Kansas City,64112,492596.70172852336,213.02289305909434,2312.4120354138317,9644.000931992203,5,4
Kansas City,64112,361062.1504078625,200.27186645845612,1802.860066132955,3922.708651578256,4,2
Kansas City,64112,333996.61241016124,216.63814061167164,1541.7258081477771,6303.137908741232,3,2
Kansas City,64112,249181.37658470825,162.0149181477676,1538.01501388557,11023.843092008841,3,3
Kansas City,64112,355712.4047938996,196.38874608294822,1811.266744600825,8449.41920130444,2,2
Kansas City,64112,427796.0299818512,183.1258044646275,2336.0772733942263,4799.527875532752,3,2
Kansas City,64112,527485.2482390811,210.33804105720623,2507.7976650720043,8030.167888432543,2,3
Kansas City,64112,322113.4760840652,183.4043552218175,1756.3022191838718,3191.593597917451,4,1
Kansas City,64112,262072.95166775805,175.85371631040397,1490.2895268085565,15952.28340573882,2,4
Kansas City,64112,428994.9188347463,201.77246352285562,2126.132135895502,7072.903892221343,2,2
Kansas City,64112,341745.4142639772,211.15791775093496,1618.435235126124,15651.574332194194,3,2
Kansas City,64112,293321.1544019943,167.9200104428612,1746.7909490263153,5832.947979500562,6,2
Kansas City,64112,512134.36216760776,184.9202171183259,2769.4882157741877,5843.301419300834,7,4
Kansas City,64112,383893.3941729661,156.99948368151874,2445.188895982059,5057.789194283901,3,4
Kansas City,64112,241393.10952303343,116.69803084579391,2068.527701568615,13533.199661959432,4,2
Kansas City,64112,278138.04478084046,192.24176715161164,1446.8138162789912,5226.714339460217,6,3
Kansas City,64112,426974.0179969795,203.67600099567028,2096.3393620736697,11777.592683835337,6,3
Kansas City,64112,503051.6972971767,193.96642928697833,2593.4987778369564,6359.629386417549,1,3
Kansas City,64112,239041.79709270972,132.05299449232535,1810.1959596728595,2444.5561232066975,4,2
Kansas City,64112,492841.32442070305,176.80814562972412,2787.435627840491,5681.714870620907,4,3
Kansas City,64112,342086.680454196,124.52846363125,2747.0561386445183,3943.137053832906,2,3
Kansas City,64112,678077.7812484856,224.97409765822508,3014.02600702328,8164.399481980992,2,1
Kansas City,64112,335278.2646440117,156.22644500089524,2146.1044232433915,3916.4941348497623,1,4
Kansas City,64112,510735.61983340746,221.77439634502505,2302.951234455539,13943.683389609028,4,2
Kansas City,64112,603469.0820284182,213.10914774011582,2831.7371094944356,7574.565768546318,3,5
Kansas City,64112,358953.1583246314,161.41842337592922,2223.743429141674,7191.386172132926,2,4
Kansas City,64112,271763.5979515184,154.91825168173511,1754.2387355999276,11857.692633562609,7,5
Kansas City,64112,349169.3005871636,196.43843902262734,1777.49987387623,14264.667878431668,1,4
Kansas City,64112,344017.66783415794,162.9935707410785,2110.6210893474017,7904.105362385518,2,1
Kansas City,64112,272894.95643394324,189.49900631489794,1440.0864771842812,5036.550191740971,4,3
Kansas City,64112,332113.28899554093,173.11348300915571,1918.471532214368,2759.528335009201,3,3
Kansas City,64112,357723.98101010895,136.76736076624184,2615.5654317371723,5300.555823716702,3,2
Kansas City,64112,142784.42418979882,124.18916303862034,1149.7333639763378,5524.066057182489,7,2
Kansas City,64112,563140.6504697114,192.975912194482,2918.1914160466604,8530.739173342929,4,2
Kansas City,64112,449920.58365757624,170.9094716703473,2632.5081884600854,6503.584022350774,2,5
Kansas City,64112,303360.6738177986,171.1465271203973,1772.5201844405055,12087.856152933697,4,2
Kansas City,64112,469469.335076758,206.11036024351097,2277.757093443043,5538.10053869859,5,3
Kansas City,64112,436763.23197311955,219.47992981318697,1989.9916696022087,7730.834722493782,1,1
Kansas City,64112,484069.4061537847,179.00024679783684,2704.2946298308375,16278.31750049096,3,2
Kansas City,64112,450204.19055015093,177.09510949941188,2542.16049117746,9821.134743838104,2,5
Kansas City,64112,281123.62150151643,200.63125414050663,1401.1955550287253,7716.94852154044,4,1
Kansas City,64112,342307.1315900208,148.64326719404525,2302.8768006233236,5574.902768234858,6,3
Kansas City,64112,364304.31158402364,192.8770581911344,1888.7902739734388,5471.225894425278,5,1
Kansas City,64112,410228.44728880504,202.07977183817528,2030.0322172637568,4802.1973283646175,3,4
Kansas City,64112,340899.13377559796,205.6727045695473,1657.4835950597637,5782.507558233429,4,3
Kansas City,64112,407602.67470290785,132.41157646979474,3078.3008976249803,12589.221922639479,4,3
Kansas City,64112,426332.3561540336,165.3162398993336,2578.8897473934876,7002.789564630133,6,3
Kansas City,64112,267806.6585508631,162.04345936883345,1652.6841601258209,3559.349131972019,2,2
Kansas City,64112,269802.66527957027,189.4262853452087,1424.314818758571,23111.79556028237,5,3
Kansas City,64112,361290.9730293891,200.0882041383148,1805.658532372252,9693.161688890237,1,3
Kansas City,64112,506556.1544609507,228.52965950124653,2216.5882343958406,3439.3259292049843,3,4
Kansas City,64112,364810.32577072235,172.77368885983597,2111.4923700371855,6136.976445799681,3,4
Kansas City,64112,469743.5015040716,172.7007066960827,2719.9859832115358,8550.35986363425,2,2
Kansas City,64112,530090.5069856659,218.8144933325011,2422.5566547832054,22246.76929084664,5,4
Kansas City,64112,493927.7446671146,194.9325231056866,2533.8395912483093,4114.733490761051,6,4
Kansas City,64112,479269.39840909856,222.1172702299517,2157.731354761044,14368.897478216513,3,5
Kansas City,64112,273566.4271878775,194.71279608025887,1404.9740576634513,18525.226500651876,5,1
Kansas City,64112,292045.58679264056,154.23709881743133,1893.4847000612451,5486.271926471691,5,2
Kansas City,64112,386986.1423355249,149.3097382721727,2591.834576992549,6772.927191528124,3,1
Kansas City,64112,281090.99405320594,143.1961903437198,1962.9781586960623,4295.87815019463,3,2
Kansas City,64112,462628.72690855595,205.16381008814608,2254.9236471568415,7080.64395051124,4,1
Kansas City,64112,403771.1752988072,219.90417376390926,1836.1232912854985,7826.282001575805,4,3
Kansas City,64112,366445.1132437103,238.40196846704103,1537.0892933477232,11884.45852837263,4,6
Kansas City,64112,405337.7510737264,210.23231222572295,1928.04686768855,15387.440493290893,5,1
Kansas City,64112,470837.3779925749,219.18308455880316,2148.1465092998865,5106.855756054603,6,7
Kansas City,64112,287587.6135113492,170.3927327755264,1687.7927176050055,2457.2590050505396,5,1
Kansas City,64112,289175.5434226097,154.2567174181641,1874.6382540910893,7898.672237256671,5,5
Kansas City,64112,330834.7824585339,210.42754587136318,1572.2028268142094,9540.673301634457,3,3
Kansas City,64112,521678.018122645,198.3227638185659,2630.449516122608,9291.427067207904,3,4
Kansas City,64112,350319.5683317163,189.6378515374861,1847.3082535554242,6576.071911718603,6,2
Kansas City,64112,564613.0951106326,197.47427091458022,2859.1729570424013,8621.790704811674,3,5
Kansas City,64112,570206.1431335049,195.67741598867624,2914.0110025088557,19860.01525395863,2,3
Kansas City,64112,433686.897653207,222.56981108317052,1948.5432257977955,10059.143713005416,3,2
Kansas City,64112,344424.85799766646,222.88247395415826,1545.320508549751,6394.386439719231,5,1
Kansas City,64112,238285.39255929785,201.86517665359185,1180.4185174949935,5925.842383953266,3,4
Kansas City,64112,289427.9996182786,210.30782851596288,1376.2112502450677,7224.876403521902,5,5
Kansas City,64112,283523.1612627464,201.0209241238554,1410.4161668665831,21359.263192806044,2,3
Kansas City,64112,487555.67627358553,173.71978393655687,2806.5639112908566,7166.813366241464,4,5
Kansas City,64112,425354.1785420233,207.8096497918559,2046.845172820714,7905.549134411135,6,4
Kansas City,64112,323498.6884801086,147.5918077948194,2191.8471852437306,5989.772306401957,5,3
Kansas City,64112,246690.12652099895,216.1331670607471,1141.3802419860133,15468.899991544235,2,6
Kansas City,64112,225773.07947475195,153.18992756271973,1473.8115166371815,25928.529680417087,3,2
Kansas City,64112,483097.50777088554,194.63092011217515,2482.12107044684,10483.571065114607,3,3
Kansas City,64112,348140.1939238373,162.9703375108389,2136.218156268364,8407.341262171381,8,3
Kansas City,64112,387382.6344604757,202.12184788667705,1916.5797191685492,8178.520297982089,3,2
Kansas City,64112,425208.81678545603,185.68028026276116,2290.0052508738763,1913.3535128785588,4,1
Kansas City,64112,424970.0291982343,141.98560432919658,2993.050113819514,12510.046734593847,4,4
Kansas City,64112,373308.35668567097,198.4072758205468,1881.5255395337254,8670.629469053618,7,4
Kansas City,64112,344859.18177541724,170.4513968129567,2023.211239235812,10344.415119325302,3,4
Kansas City,64112,440873.82201383467,211.29726187580985,2086.5098681352465,5220.348829463884,3,3
Kansas City,64112,674989.9557736698,186.66711199327537,3616.008993582041,6351.98532911218,3,4
Kansas City,64112,232584.4131146341,197.69961277544544,1176.4535592632249,6251.5321629563205,2,4
Kansas City,64112,376989.87453284,159.82333588882665,2358.7911767470223,14767.300816186962,4,1
Kansas City,64112,328723.5768234451,170.1319388473067,1932.1685219756077,6373.734998318283,6,2
Kansas City,64112,398173.48920445854,173.7906407016682,2291.1100827804044,27911.470544002994,5,5
Kansas City,64112,355321.32011006365,210.6129575831502,1687.0819544413948,10360.069995064365,5,2
Kansas City,64112,458820.1425513379,233.58733288457077,1964.233834452264,3721.1469687012946,4,3
Kansas City,64112,389790.3007134656,164.08961939583403,2375.4720264977454,7406.17243766245,3,4
Kansas City,64112,938642.6364945822,216.7758253856194,4330.0152811082335,5411.013796581667,5,2
Kansas City,64112,306362.4100080245,125.89096552947782,2433.553581224132,2144.2976434043885,4,2
Kansas City,64112,246427.19127612666,153.1992648111219,1608.5402993280984,20886.94046952249,4,5
Kansas City,64112,285791.00084065663,159.78947650827934,1788.5470751000842,12198.671678644312,2,6
Kansas City,64112,264111.83516007254,148.7671954934517,1775.336520151702,11016.189157283652,5,2
Kansas City,64112,180613.2180787553,142.2982348220916,1269.2583172557765,8834.66986066582,4,2
Kansas City,64112,362874.0147479646,198.19169804584158,1830.9243945426622,3491.1493214374755,2,6
Kansas City,64112,431402.63597015553,180.63728183595737,2388.225905446952,5985.089290501831,2,1
Kansas City,64112,285220.8695387211,197.25126440325624,1445.9773953875483,13256.791757147002,2,3
Kansas City,64112,532266.0339874385,205.9594376116287,2584.324564874352,4257.6166156103955,3,2
Kansas City,64112,435931.26411744073,194.0658149153685,2246.3063075150512,1751.3377980728278,4,3
Kansas City,64112,339342.04038585065,205.04375123474162,1654.9738206718596,6980.90061935206,4,3
Kansas City,64112,354463.2040428997,184.68347841279078,1919.3011041877278,7347.697576581496,4,2
Kansas City,64112,454854.46631613106,153.40071359107483,2965.13918135121,8677.900239608838,2,4
Kansas City,64112,516529.8877829973,216.24297908498778,2388.6550674091054,12385.825671654327,4,4
Kansas City,64112,339050.7825357275,170.13810039885874,1992.7975082646556,11728.303570006152,3,4
Kansas City,64112,300615.8091454007,160.43844941429526,1873.7142514331447,9343.710328719646,2,2
Kansas City,64112,368180.59777412633,181.64927802579376,2026.8761966774543,16391.458476198608,2,1
Kansas City,64112,281823.4718378681,161.07631471975375,1749.6270157918282,3215.7469811040633,2,3
Kansas City,64112,205536.46605461132,174.94424517139683,1174.868403663365,10828.59835680676,5,2
Kansas City,64112,650236.7653206072,196.26161750720846,3313.1122303968823,11650.680143011967,4,5
Kansas City,64112,405951.92644140025,196.3816528193257,2067.158110818441,3802.67273203079,3,5
Kansas City,64112,354730.6718085381,161.4956962054477,2196.533283198243,3246.960008082738,3,2
Kansas City,64112,339008.38025956985,172.97693193698638,1959.8473418586643,5113.459933483906,4,1
Kansas City,64112,358562.5847697363,216.7054153020406,1654.6083274844673,5379.076344040895,3,3
Kansas City,64112,380622.7298039429,200.52647309590282,1898.117111060484,12572.265282634411,5,3
Kansas City,64112,326232.78741795366,244.72040824404274,1333.083700533158,5532.934199461024,3,5
Kansas City,64112,771802.2431801237,219.66709815980718,3513.508621207532,4785.700603067575,4,2
Kansas City,64112,319338.4222719459,218.6639123078012,1460.40752176075,5542.58666960795,6,2
Kansas City,64112,227024.6165424099,147.77731386426504,1536.2616264018327,15652.348070294474,6,3
Kansas City,64112,370511.1613667486,208.01388861380184,1781.1847268267693,8062.853823998018,3,7
Kansas City,64112,508005.65569348703,185.14330163989584,2743.8511206933063,7184.248538125354,2,2
Kansas City,64112,341666.6633186064,171.20553990084846,1995.6519135798897,7489.022206355625,2,1
Kansas City,64112,279311.48117838526,191.33350545053787,1459.8147905181763,17368.83906313268,5,2
Kansas City,64112,579778.4928949028,213.09072430568116,2720.805867003407,5103.56086907501,2,2
Kansas City,64112,478979.79532193224,200.6505299743674,2387.13446400127,17614.924334061554,5,1
Kansas City,64112,368625.21569980594,162.0375651683297,2274.9367735615288,9076.959875103506,2,2
Kansas City,64112,493240.8382387849,207.4147660565686,2378.0410990809714,7265.88359013487,6,2
Kansas City,64112,610657.5587515342,168.78105555335443,3618.0456198088855,35872.88940527484,2,5
Kansas City,64112,661646.0384625569,192.6959355738457,3433.627369940028,4246.341751022932,2,7
Kansas City,64112,298336.62609015463,178.13786653601136,1674.7513142010407,6470.349243377095,3,2
Kansas City,64112,538647.7773995654,180.50294871578703,2984.149462553653,3818.9778114378987,5,2
Kansas City,64112,455347.5711270302,208.08058896477155,2188.323155910143,14167.048275612717,1,2
Kansas City,64112,354819.18022921396,157.51029691061385,2252.67291846051,22042.114124987558,5,3
Kansas City,64112,314009.8643084497,241.0847635068456,1302.4873896667193,21788.781135616096,1,1
Kansas City,64112,258481.00621793995,135.64960603313523,1905.505027082796,16673.335947480045,2,6
Kansas City,64112,275707.18122810696,169.8985920411219,1622.774961910075,7105.500916271888,4,3
Kansas City,64112,481800.9066148832,196.99389675297405,2445.7656534357043,6425.644616634692,2,3
Kansas City,64112,527557.8118777829,202.98758293227328,2598.9659281464637,2935.0945816152284,5,2
Kansas City,64112,217601.17072145612,183.81723244045537,1183.7909201029045,27138.833232573375,4,2
Kansas City,64112,365884.23243098444,185.02337596482332,1977.5027372787017,10599.728510456276,3,2
Kansas City,64112,521493.95127616933,198.12314436370394,2632.1707791939666,5955.215550788515,5,7
Kansas City,64112,341902.79880316806,180.16132551331097,1897.7591213265525,17748.05043199608,8,3
Kansas City,64112,538351.7639576112,225.6314127252587,2385.9787848473834,4462.828829276584,5,2
Kansas City,64112,456161.8830649902,210.12715877835657,2170.884933280579,10210.481209016012,5,1
Kansas City,64112,457108.7449940171,211.06428129422724,2165.732364524529,7212.849304576149,4,5
Kansas City,64112,296509.2671932774,159.58292560760685,1858.026264804508,11735.844907054245,4,1
Kansas City,64112,270520.1621299789,184.40756075297455,1466.9689302617994,7700.593610555862,3,5
Kansas City,64112,267728.0976178049,178.21860599853827,1502.2454929313092,3349.7469544975215,3,2
Kansas City,64112,376268.0544846683,158.47869228826124,2374.2501219044893,8371.117308700537,4,4
Kansas City,64112,393055.94193481107,196.71261624746975,1998.1226900075192,15010.651165330895,4,3
Kansas City,64112,329560.0351136859,171.5788758338329,1920.7494717056616,7860.983282467926,3,3
Kansas City,64112,366600.3225668148,204.97770251474245,1788.4887871667313,12736.993262455671,4,4
Kansas City,64112,288643.20067115105,156.67052229255464,1842.3580674107964,4272.17835381699,4,2
Kansas City,64112,606441.5032906288,234.75368243620036,2583.3098633306554,7874.936063183596,4,2
Kansas City,64112,295382.32334261644,161.53761538904453,1828.5668178970113,5499.929470587677,5,2
Kansas City,64112,274121.4533106692,192.7692592787576,1422.0185019970988,12523.790128054452,4,3
Kansas City,64112,500007.116614913,208.79770546465875,2394.6964144179474,8152.596610597248,9,2
Kansas City,64112,322392.4329866296,170.65520647676294,1889.1450172692373,12103.392043401203,4,2
Kansas City,64112,421850.79938269855,210.49443343858374,2004.0947995224897,15364.625126108887,3,2
Kansas City,64112,452398.05385937646,152.21961977137624,2972.0088286835053,12114.616354120431,5,4
Kansas City,64112,449615.0976373442,227.28130892976617,1978.2317329767006,9424.499252892092,1,7
Kansas City,64112,399769.2985128545,187.02610159808393,2137.505380783439,4395.2050554240095,5,3
Kansas City,64112,251645.50401714887,169.9337608396152,1480.8446701456448,7986.637840447133,3,1
Kansas City,64112,335505.64289837715,178.25455587178018,1882.1714892925868,5810.039099145421,2,1
Kansas City,64112,484625.0973085175,209.27529048701447,2315.730137947597,6507.811129520394,3,4
Kansas City,64112,229493.90984699692,170.26846633229292,1347.8356550127178,6389.915542907284,2,4
Kansas City,64112,346348.20344783564,165.65210616345405,2090.816781442448,4443.694818926393,2,5
Kansas City,64112,367923.18093656574,180.42819371894203,2039.1667918024486,2472.026817894551,5,3
Kansas City,64112,308754.93938783865,153.68153413406114,2009.0568533660146,5357.812160175249,4,1
Kansas City,64112,612287.3509135384,237.59521643087714,2577.018847901213,8984.215577243762,3,3
Kansas City,64112,369183.7858237347,170.77406661623942,2161.8258154697355,3562.7592483842745,4,4
Kansas City,64112,603981.5669430484,209.9106961207273,2877.3263016367523,8075.629991290677,4,3
Kansas City,64112,298572.02086711075,192.49401025667757,1551.0717474740404,25018.175889013426,4,2
Kansas City,64112,327228.7108077566,159.06846152378253,2057.1564449237612,14780.008266620733,6,3
Kansas City,64112,378681.18825233914,186.46330089294423,2030.8617644270635,21446.606916537803,5,3
Kansas City,64112,317456.8319150705,208.57776580541474,1522.0070590420967,10115.999383245233,2,2
Kansas City,64112,458013.9870126866,181.3597180549264,2525.444966086532,16118.173681563077,3,2
Kansas City,64112,782331.4317877062,220.0306003626266,3555.5574110981224,5181.334784066116,4,5
Kansas City,64112,426147.02547003014,215.22681266323187,1979.9904119605574,5434.87967528797,4,3
Kansas City,64112,479074.50704984285,212.35456189873258,2256.0123162237664,1546.4429427098503,6,5
Kansas City,64112,352891.4433211029,173.7621384886036,2030.8880081160355,16299.40861889594,3,2
Kansas City,64112,260178.1069345354,156.40035059558116,1663.5391541244173,20158.69944714312,4,2
Kansas City,64112,213733.21791618012,169.45292178167125,1261.313264291548,5740.436165534217,5,4
Kansas City,64112,320229.9763653063,192.1236670134945,1666.7908818480641,6869.35707782721,3,3
Kansas City,64112,283488.38604738214,201.90902615198152,1404.0401830970843,5089.218454382868,3,2
Kansas City,64112,383126.0177974759,125.83794430943365,3044.5985104093456,10064.694164268272,2,2
Kansas City,64112,360134.0860026404,186.40287497747985,1932.0200187156438,15711.62790103299,4,2
Kansas City,64112,348426.85557826015,191.05562881830988,1823.6932234517267,2811.6692815780225,5,2
Kansas City,64112,444183.1424420602,178.8602873165743,2483.408413941978,10227.750466807527,7,1
Kansas City,64112,334649.60975079134,222.77856548633002,1502.1625128981534,6776.349117312692,3,4
Kansas City,64112,325740.7477802052,198.437522288616,1641.5279934126268,8563.236177782615,6,5
Kansas City,64112,451653.0615384217,223.30816737077066,2022.5550496257383,10536.421219192527,5,2
Kansas City,64112,464394.0492523044,180.58429321305542,2571.619275350858,7145.766464067594,8,4
Kansas City,64112,479846.483763231,212.8742136639851,2254.131562034342,7517.919441260369,5,1
Kansas City,64112,491713.9595373546,232.40286618160064,2115.7826820996565,7036.539078666259,4,4
Kansas City,64112,452873.9850460203,223.3502022656635,2027.6408100465928,14319.629134277266,3,2
Kansas City,64112,342961.32034133346,156.05604216275933,2197.6804972641844,10285.11308061143,6,3
Kansas City,64112,375436.9404294894,179.52846504723982,2091.2390708108583,9132.063336618387,7,4
Kansas City,64112,272003.61223993544,176.96728665328567,1537.027647221856,3731.7246857345626,3,3
Kansas City,64112,402949.62038479303,200.32643608219425,2011.465028107734,6374.423756055284,3,2
Kansas City,64112,312949.10133953684,205.84412459585434,1520.320786196681,13717.097368921037,3,2
Kansas City,64112,331045.99615380005,163.14561903698652,2029.1442584109418,8183.005351756943,2,3
Kansas City,64112,332431.5369966569,188.52910527784772,1763.2902702568429,11883.613370248244,5,2
Kansas City,64112,488023.10162209603,130.08314429995505,3751.6244264266657,23088.822405625986,6,3
Kansas City,64112,446886.5027771498,226.996529464921,1968.6931065887047,14918.546690154048,6,3
Kansas City,64112,241155.38708750127,172.2863393193763,1399.735974658204,8459.893156640588,6,4
Kansas City,64112,361864.99218898953,188.19388306397676,1922.830786513784,5887.597616853695,4,6
Kansas City,64112,402925.0257491215,177.96151108176122,2264.1133091076354,1728.599916525728,6,3
Kansas City,64112,660794.2016379475,218.71246894871305,3021.291857817673,7231.240427539899,4,3
Kansas City,64112,183944.4849792167,107.19542592630107,1715.9732646212171,6578.679518964911,1,2
Kansas City,64112,249228.4421259628,186.16500177175735,1338.7502471142386,10111.377331439682,3,5
Kansas City,64112,447949.58163490926,183.6676567932307,2438.9137938379745,7294.3378156362405,3,3
Kansas City,64112,244900.16832483685,173.93067614756464,1408.0332104099966,6600.929721580852,4,3
Kansas City,64112,418927.5630382245,234.9548490317967,1783.0130544849092,2750.5535528722085,4,1
Kansas City,64112,301640.36638687213,161.78965546406212,1864.3983481000407,4551.518184310148,5,2
Kansas City,64112,406916.2703619455,208.2360480836237,1954.1106072015712,10648.639805018416,5,2
Kansas City,64112,464435.0431089991,196.60311869343246,2362.297435541716,22398.32368029286,4,2
Kansas City,64112,371990.10718123283,221.94560071510548,1676.041813771871,7545.311005369091,3,3
Kansas City,64112,311871.63157648966,167.95237516619613,1856.905156999889,9738.900106082187,3,4
Kansas City,64112,329123.0138572595,166.1109021534799,1981.345050749064,14167.185864528352,5,4
Kansas City,64112,448579.5325579854,217.31392902487602,2064.200553415222,4918.015915488592,4,5
Kansas City,64112,404549.48672403255,198.53665736604728,2037.65638089773,9969.495368034643,1,4
Kansas City,64112,317934.43008597393,143.38025144845747,2217.4213455070235,5130.214534405775,5,2
Kansas City,64112,421186.4958354967,171.53242577260798,2455.4336822231076,13441.355756867888,4,4
Kansas City,64112,433100.65611080633,197.44658920314953,2193.5079145135105,8760.766231311483,3,2
Kansas City,64112,467893.91611288744,210.082790500086,2227.1882194591085,9568.846163022301,2,3
Kansas City,64112,224406.48387147204,167.6152774791898,1338.8187953173488,5002.222847931812,4,1
Kansas City,64112,211517.34161500464,105.04686069306965,2013.5522396335568,12227.17529100408,4,2
Kansas City,64112,451197.12228193204,201.27737147311538,2241.6683951091763,27945.866355845832,3,2
Kansas City,64112,363773.63875817397,152.46773244536337,2385.905744932173,4369.700732176102,2,5
Kansas City,64112,217671.39308116247,130.15560901596214,1672.3934890463881,6524.642334636735,4,2
Kansas City,64112,181016.69757585807,107.34045189303147,1686.3791271928644,9192.666312098638,6,3
Kansas City,64112,360735.7768848114,209.41698719080566,1722.5717059721378,12823.57493722732,5,3
Kansas City,64112,432543.94041619357,190.23058121536184,2273.7876194916657,5718.541386461216,4,2
Kansas City,64112,464289.02240594366,180.31286245015087,2574.9079466491226,1461.7339493722843,5,4
Kansas City,64112,404991.20799314737,225.51504252896103,1795.8500836640983,18082.692008905615,7,5
Kansas City,64112,510179.7530365027,204.4715858388894,2495.113200904559,12625.836285841606,5,1
Kansas City,64112,475526.5602438017,231.87751154597868,2050.766187170808,2811.3731329064253,3,3
Kansas City,64112,284591.8875671089,147.64106682442102,1927.593004360729,5556.121353921635,3,3
Kansas City,64112,350173.7433202452,185.66277255772076,1886.0740820369876,20498.485377619272,3,6
Kansas City,64112,338791.00688788074,141.3709174250178,2396.4688993942,19070.056697906577,3,3
Kansas City,64112,388717.47772845847,180.20855631087213,2157.042294139986,14050.044391149779,3,3
Kansas City,64112,631073.5394197345,179.67012348172875,3512.401100363859,7197.790337169261,3,5
Kansas City,64112,328077.16515983694,204.17173546836102,1606.8686706670846,8408.423432435558,3,2
Kansas City,64112,425305.7516278349,187.90553807062687,2263.401898607043,7395.606137094034,2,5
Kansas City,64112,355514.1319708247,204.08197113257708,1742.0163574364599,15742.836110062004,3,4
Kansas City,64112,330121.91765923187,206.32245480715676,1600.0290320691786,4730.051534950076,2,7
Kansas City,64112,489721.8273390543,246.95615085900235,1983.0315043202027,4933.071166426556,5,1
Kansas City,64112,365900.0623731232,177.80342778359258,2057.8909357049406,14667.09125127116,2,4
Kansas City,64112,661063.5637271844,160.28654000619505,4124.261236792774,7789.873869160115,5,2
Kansas City,64112,367485.0739078557,193.5189877689752,1898.961327487734,18293.063695293444,3,2
Kansas City,64112,246091.8395228703,164.17057178024206,1499.0009284507314,5346.992308479251,2,3
Kansas City,64112,485633.2759127243,228.1167507319966,2128.880384076974,7741.337880766676,5,3
Kansas City,64112,211537.029253294,178.70145260874767,1183.745437796956,4599.71226648006,5,2
Kansas City,64112,331898.72601036605,170.79697236955158,1943.2354180859854,8035.419046979899,5,3
Kansas City,64112,346248.6183025931,173.43575204423502,1996.4085502640885,3294.6942761624996,3,4
Kansas City,64112,501429.98247265385,206.74173656137685,2425.3931054883583,5970.6839725407945,3,3
Kansas City,64112,462169.00724849635,182.2139520779262,2536.4084472019117,3379.3697334807785,3,3
Kansas City,64112,295709.2276105832,168.66685820386002,1753.2147735459255,12131.379970776918,3,5
Kansas City,64112,446662.7490215578,233.25069425791193,1914.9471363530865,12297.489619048476,3,2
Kansas City,64112,267063.7662939397,162.66195339559462,1641.8330206845567,2832.851788515284,6,1
Kansas City,64112,281399.8636792312,187.62565445951662,1499.7941752147115,17810.22960227602,2,4
Kansas City,64112,440229.0989248586,204.8909845612526,2148.6016081554394,35797.94958239864,2,3
Kansas City,64112,203860.2215126794,140.96158925142925,1446.2111458537802,8223.90678156095,6,6
Kansas City,64112,358660.8934748312,200.07465260660817,1792.6353428689406,5445.409638185053,4,4
Kansas City,64112,243565.6872987201,157.09278817876256,1550.457472443333,43555.670273523174,3,8
Kansas City,64112,478314.1190924719,209.66339255805747,2281.3430292082244,3625.747386705759,5,2
Kansas City,64112,498139.1898317141,159.6810662468342,3119.588324026425,8097.095537854615,3,5
Kansas City,64112,295875.23020555236,206.02372266209292,1436.1221435204732,8910.362321613218,4,2
Kansas City,64112,272241.2960989445,217.58724377438733,1251.182244769951,17930.9830631216,4,3
Kansas City,64112,406170.47954677715,210.74548481682754,1927.3033531409037,9927.264152529842,5,5
Kansas City,64112,386603.77480787376,193.66548390910154,1996.245107823805,5931.405524340853,5,3
Kansas City,64112,378352.0391940067,180.15484575315452,2100.1491112396666,4520.989652051342,3,1
Kansas City,64112,303220.4529329336,170.4934221702942,1778.4876922117703,6516.571861383557,3,3
Kansas City,64112,430823.93798600486,227.81088065207942,1891.1473269091741,4372.282242688818,2,3
Kansas City,64112,364126.8173918634,167.0479810590169,2179.773829551522,8232.886922451009,7,1
Kansas City,64112,406464.9914420278,157.59785380344474,2579.127707849175,5702.609252889715,5,2
Kansas City,64112,250345.65332355956,205.25667065177655,1219.6712171575543,3264.2135659504484,4,4
Kansas City,64112,297990.50379562227,164.34254826319565,1813.2279616255466,16988.370380724322,3,1
Kansas City,64112,335686.7921881882,160.0334474201845,2097.6039546708475,5934.827884888951,3,2
Kansas City,64112,231121.01653053157,146.21702048268853,1580.6710858117597,3738.0327063769405,3,2
Kansas City,64112,530632.6525549034,173.11118049922254,3065.270833603301,7231.786210034312,6,3
Kansas City,64112,312665.5946829998,184.31443426352962,1696.3706392954332,8335.008043759588,2,1
Kansas City,64112,380681.50625915156,193.43523136999744,1968.0050193699965,2805.4431334378933,4,1
Kansas City,64112,487293.8940071014,213.26134265604188,2284.9612027109497,9761.344449926824,2,1
Kansas City,64112,345404.8493491144,201.38024392406206,1715.1873620699466,4268.007114873627,2,4
Kansas City,64112,227188.3969598016,181.2866276497185,1253.1999734628766,22332.85309302588,8,4
Kansas City,64112,323476.90134267596,181.08161113758794,1786.3597485715677,10955.23965286969,7,1
Kansas City,64112,516754.90287404374,200.91160326354608,2572.0510636520567,6293.400518581024,2,3
Kansas City,64112,406240.3400181755,222.25496542610384,1827.81221215615,5115.836268993853,6,4
Kansas City,64112,306014.61471551075,190.16610285743243,1609.1964346817895,7511.693330630477,4,6
Kansas City,64112,434815.3242536211,173.4969163018067,2506.1847410431074,11554.97391927899,3,4
Kansas City,64112,290765.4893475878,158.8352127326107,1830.611010903946,7878.559357699414,4,2
Kansas City,64112,255849.3269483642,146.17220122541195,1750.3282074395206,7022.689451357192,4,4
Kansas City,64112,423727.95476623945,205.2818863340224,2064.1273437870436,8285.141387151018,5,3
Kansas City,64112,488970.29299899156,202.81021978002758,2410.9746221336354,5568.502589835588,7,1
Kansas City,64112,731397.9288556991,202.79300320359843,3606.623094986154,6511.162329843423,4,3
Kansas City,64112,447552.1300928231,183.02824312909738,2445.262667888617,2288.6590499267395,4,5
Kansas City,64112,600589.2335326629,226.0164347438666,2657.281246884906,14348.957337975158,6,4
Kansas City,64112,303260.0067103153,173.0773448033453,1752.1646582623896,9570.832668407229,1,3
Kansas City,64112,328295.7732432177,213.3722846609971,1538.605511792731,5029.738704062162,6,4
Kansas City,64112,374737.5892900823,185.54541202621525,2019.6543002482679,24995.168107623296,3,4
Kansas City,64112,346393.67576488614,169.59952451818427,2042.4212670935065,8428.774855144391,2,2
Kansas City,64112,308583.5431049286,203.21758968820706,1518.4883531902065,4296.305204214836,5,2
Kansas City,64112,377012.9422953288,198.09755832449906,1903.1680424740648,13376.293448846447,5,6
Kansas City,64112,432015.94792205485,196.62327390929795,2197.1760480468006,10158.090398540235,6,3
Kansas City,64112,411038.9419059442,188.90534878625226,2175.8989067643483,10136.974014544461,3,5
Kansas City,64112,418569.6709988344,185.56920212387817,2255.5988073894664,6196.522074240796,3,5
Kansas City,64112,542080.2897043923,253.4912797544115,2138.457347446322,10482.833095994914,5,3
Kansas City,64112,384995.08292638435,219.78267265394425,1751.7080772448928,6837.256587958997,5,3
Kansas City,64112,361743.5838402929,206.8651775116719,1748.692497169478,11167.484794601487,4,4
Kansas City,64112,279601.2638373798,189.75976153432475,1473.4486467343293,2550.97303636275,2,5
Kansas City,64112,667380.5231093805,214.82486225210346,3106.6260958482044,6166.413964780778,2,2
Kansas City,64112,401281.25792958995,201.13100476769048,1995.1238169027008,22482.44090613533,2,3
Kansas City,64112,352193.70127777,187.36358895153273,1879.7339613774989,5049.054855475957,2,2
Kansas City,64112,280807.56446517963,178.13186849634334,1576.4027337474654,5568.5715296957005,5,7
Kansas City,64112,763699.3423845553,184.36475959080187,4142.328198076401,6114.510632895842,4,3
Kansas City,64112,148815.59866953173,97.87551673696177,1520.457859440684,3859.5780350115865,5,3
Kansas City,64112,343903.47085047193,192.52566519571783,1786.273380750906,2126.4907289721405,4,2
Kansas City,64112,381585.99398422625,172.95535637535053,2206.2687272668336,6966.338072515231,4,5
Kansas City,64112,534188.675797011,231.2160002669302,2310.344764983004,8679.441611484508,4,3
Kansas City,64112,472884.8869703026,187.17152759033965,2526.478749509919,7751.904077098809,1,4
Kansas City,64112,479114.49963160633,153.34556355182852,3124.4105700499954,7333.951118040584,7,2
Kansas City,64112,418008.10741784546,185.2336300252604,2256.6534346967205,8209.28691632767,5,5
Kansas City,64112,240272.24171906646,157.34436328421774,1527.0470241444405,14778.101026356757,2,5
Kansas City,64112,372724.09486332734,199.88280389916264,1864.7131598742235,7136.152960690393,7,1
Kansas City,64112,418277.99875027355,194.7749259910017,2147.4940710263563,5668.882426642845,2,9
Kansas City,64112,711784.8338713477,213.44424155306038,3334.7577273215134,6758.265340879055,4,4
Kansas City,64112,230612.74159848757,164.48965968240648,1401.989292480453,11325.418196537552,7,3
Kansas City,64112,503812.38243481313,187.58203964985884,2685.824204573267,18665.14104147128,4,4
Kansas City,64112,308693.0140535282,148.41689734792905,2079.9047788330254,5487.952845960616,2,1
Kansas City,64112,505717.10293547873,206.2679956725914,2451.7477919269745,8489.259819509805,5,3
Kansas City,64112,389912.85977747984,201.15553926083098,1938.3650145069792,9800.721513974908,2,3
Kansas City,64112,322982.63327596075,200.50981366115633,1610.8071090314438,4410.088413376762,5,2
Kansas City,64112,447838.460493913,186.6753239733219,2399.023346856033,8098.605140781008,6,4
Kansas City,64112,464256.19967577787,198.2413596911868,2341.8735646233426,3320.2405239415198,2,3
Kansas City,64112,587057.0143904093,231.542671167545,2535.4160916871047,2767.6853562968035,3,3
Kansas City,64112,354050.63885465177,178.64892882123735,1981.8234634304904,9969.090801800152,6,3
Kansas City,64112,326065.9100691144,190.51130259537194,1711.5305266777145,6354.204354496415,10,4
Kansas City,64112,210385.26521863393,156.22443731756601,1346.6860168039666,9032.324791187446,6,4
Kansas City,64112,396144.04754796345,162.3234685105355,2440.4607120765904,7914.563595884047,5,4
Kansas City,64112,418639.15360462415,189.3682342335006,2210.7147764203205,4453.104585018435,5,2
Kansas City,64112,339764.7049928953,217.53406767314652,1561.8919308924296,7785.701889989947,5,3
Kansas City,64112,311882.84727798897,179.45554646548936,1737.9393026337382,3817.442740068275,4,4
Kansas City,64112,318541.598412956,180.02563472017175,1769.4235540848983,18430.832774658793,3,1
Kansas City,64112,240507.37229276972,175.23945102272228,1372.4499300193797,3546.138747452967,3,4
Kansas City,64112,278226.98327464715,171.6597543780486,1620.8049713382677,7113.329221068078,8,2
Kansas City,64112,291870.0891332733,194.8875784168406,1497.633104707161,4280.53751297284,5,2
Kansas City,64112,259560.60042846817,144.71502085204642,1793.5981966504876,11264.928713188927,4,1
Kansas City,64112,367803.19188768114,222.4892629789967,1653.1278272174522,6557.324826281813,2,3
Kansas City,64112,222419.93528784995,168.00183547501481,1323.9137218886408,5860.538595774383,2,4
Kansas City,64112,681934.3368359791,206.83932712309803,3296.927844046475,13347.945377715017,3,3
Kansas City,64112,410866.5660050253,151.07702426525714,2719.583391341071,8142.521484162104,3,5
Kansas City,64112,336071.26309409115,205.3538450345761,1636.5472145773833,10907.255491775835,5,2
Kansas City,64112,437294.35842434276,205.44075332346296,2128.5667587863168,4439.962718920515,4,3
Kansas City,64112,435662.86124651274,197.38554490476906,2207.167001295375,3443.7168761201688,5,2
Kansas City,64112,425262.5833315292,158.7914707464757,2678.119809158375,8531.509580186552,7,3
Kansas City,64112,313741.36256848753,193.61597679370337,1620.4311636057648,6607.026661513786,3,5
Kansas City,64112,401072.42030294053,153.51093363645313,2612.6635465117174,11649.955323972414,6,1
Kansas City,64112,311326.8420154616,179.55401905520984,1733.8895762602442,7625.4891410532755,2,4
Kansas City,64112,306769.62547220243,215.44790505469388,1423.8691501517526,9047.484336663574,5,2
Kansas City,64112,497896.6818945453,208.9332720973819,2383.0416136999006,3020.468717201216,3,3
Kansas City,64112,513595.51817319787,187.05503888494815,2745.6919697795192,24841.203486989743,6,2
Kansas City,64112,605083.1741449143,159.340777310328,3797.415729725416,7249.237933060995,3,3
Kansas City,64112,301560.87100910366,204.70290520846046,1473.1636109512333,12158.07701578581,5,4
Kansas City,64112,443236.92978978297,187.17256805873737,2368.065653994174,4844.221442985818,3,4
Kansas City,64112,218380.27644433774,121.67392498533842,1794.7993086493457,9623.879742498943,7,2
Kansas City,64112,504370.36947948596,208.53933067281775,2418.5863062484095,3660.9939572568323,3,2
Kansas City,64112,256007.7283229233,185.9516139322349,1376.7437824778358,10492.725889273746,1,4
Kansas City,64112,319451.3884458117,220.2920214616621,1450.1269102994113,6461.4715828069575,3,6
Kansas City,64112,255450.47489432557,155.9684494602551,1637.8342913476301,8141.348616883123,4,2
Kansas City,64112,198141.94881670663,97.69976510148456,2028.0698588260561,12160.900885323486,3,4
Kansas City,64112,329379.7379532366,194.44281307244427,1693.9671502824763,3818.7278933580387,5,2
Kansas City,64112,456706.2248503889,194.79217934687347,2344.5819353820957,5305.513184081222,3,2
Kansas City,64112,358060.00933998585,139.30049312097117,2570.4145141039794,10525.870777304855,3,3
Kansas City,64112,367834.8432284866,159.23739446323728,2309.97778171639,28173.29170242218,5,1
Kansas City,64112,786099.6811923798,263.76094312656676,2980.3490686457194,7363.91809445472,2,3
Kansas City,64112,392879.3825400727,178.07458366207135,2206.2630975211614,11405.813852175472,2,3
Stowe,5672,812589.8122747523,364.12409773243843,2231.628769793342,13000.615708779836,5,2
Stowe,5672,693242.6956867487,328.8268750802732,2108.2300390365426,16757.379104435313,4,2
Stowe,5672,1137928.1425095103,449.85808449259173,2529.526936907254,3202.859793283474,4,4
Stowe,5672,844483.832482927,506.70656196192084,1666.6131759043417,5591.5600387911245,2,3
Stowe,5672,1109547.8783151587,499.35042504677654,2221.9824449157563,13085.800331489645,3,2
Stowe,5672,1147286.070703929,464.327426764876,2470.8557034794467,6042.382158919388,2,2
Stowe,5672,1037800.1888824394,459.8337476487263,2256.9030528729922,4955.598243762908,9,2
Stowe,5672,1650315.4821971215,526.4986264375841,3134.510517840382,14739.986903646753,3,3
Stowe,5672,1196614.8844718677,440.5431996703425,2716.225980487934,3690.4245286350133,3,5
Stowe,5672,1028411.307084336,460.3112785870175,2234.164911711857,6675.830773593339,7,2
Stowe,5672,943874.707198771,399.44793903186405,2362.9479963932868,9743.76854567481,3,1
Stowe,5672,804732.6256984815,333.9048179781764,2410.0659300791453,5669.775901047284,3,2
Stowe,5672,932371.638067049,376.59444710915363,2475.7976258657013,12798.589061605036,1,3
Stowe,5672,594277.045799773,419.06347516039756,1418.1074730321272,5686.616073562334,2,1
Stowe,5672,879039.4987599598,423.466196057467,2075.819763050623,18627.020428177304,2,4
Stowe,5672,835347.2929923326,540.8919894197276,1544.3883609526156,7418.625245913646,5,2
Stowe,5672,1308743.781000886,424.7560725911874,3081.1655570148973,11967.607485608838,3,2
Stowe,5672,1088704.7434413058,493.84347942763816,2204.554254119359,12516.601879660115,6,8
Stowe,5672,836570.7700076741,392.2536279517372,2132.7292098636894,5489.941172285811,4,2
Stowe,5672,1120415.3223512461,400.02124969462153,2800.8895107611843,2333.454091355945,4,2
Stowe,5672,835794.9470339163,335.98428526733284,2487.6013066173577,9933.32230371268,6,1
Stowe,5672,629499.6923087597,372.9134209014713,1688.0585600459842,8354.618919657329,4,6
Stowe,5672,995740.8310772545,452.8113706607828,2199.0190520705796,11166.711423448698,4,2
Stowe,5672,864781.2270432262,420.1158831150891,2058.4349742528607,6983.324258847397,6,3
Stowe,5672,693182.2923757605,478.99421436805125,1447.162140132095,6179.1759576900695,5,1
Stowe,5672,811911.1558059931,431.0492110325275,1883.569520661355,26696.309857459146,2,3
Stowe,5672,849742.1626810154,397.4544474083307,2137.961137991797,3306.9592275000186,5,3
Stowe,5672,1206800.44722017,554.8666943879339,2174.937619118364,12426.258178390844,4,5
Stowe,5672,639311.2232412877,413.72914596378854,1545.2409613347454,5667.116455679552,2,3
Stowe,5672,1471226.0643426687,492.84625903907005,2985.1622840989007,6540.243328931315,4,3
Stowe,5672,860523.3678813531,394.3854852848387,2181.934680633223,6613.9419794412,3,3
Stowe,5672,1049081.994297081,464.30644882927794,2259.4603132096936,4940.077291732267,4,1
Stowe,5672,1182780.912295778,478.0548736809621,2474.153025966485,11270.357712883544,2,6
Stowe,5672,795452.0635445953,432.7637355798505,1838.0746771186516,18427.19751817518,2,2
Stowe,5672,680990.5097761294,271.43471794793965,2508.8555912244847,10606.316696843174,3,7
Stowe,5672,859284.7726243453,420.7889194010489,2042.0803234254638,8511.947283711277,5,4
Stowe,5672,889240.3271513919,497.0925381662994,1788.8828716513578,4426.3585231377665,3,4
Stowe,5672,1169866.1899313768,452.8428085157635,2583.3825069801314,10908.438905203097,3,3
Stowe,5672,1455038.9884674123,447.70377384018013,3250.0038496142483,29173.224537770002,5,2
Stowe,5672,835040.1996174351,311.23081503510997,2683.0254565995792,6366.340198853752,3,6
Stowe,5672,1055229.580007227,374.2902351212877,2819.28161888937,6384.360922755086,4,1
Stowe,5672,875549.8554803554,445.53331745045847,1965.1725722570975,5713.250139748274,5,3
Stowe,5672,668788.0180678801,445.4719857406277,1501.3020784145924,5964.307774678387,6,4
Stowe,5672,1611702.6106365486,496.0984151422457,3248.755814255982,1540.7384422862438,4,2
Stowe,5672,1535780.580637475,410.52121723057394,3741.0504407008184,10200.765568339693,3,3
Stowe,5672,1465467.1470654453,445.1850029597699,3291.816070448077,4816.802064957627,6,2
Stowe,5672,865789.283336345,420.6706930326072,2058.116473707465,3044.3386041849762,5,3
Stowe,5672,599597.7268677152,357.515902508173,1677.1218361510735,12570.534097035837,2,2
Stowe,5672,476118.80632785097,277.64695887291003,1714.835301134306,4179.664042314911,6,2
Stowe,5672,656451.7841703004,446.7703360808198,1469.3271489975325,6528.910665251435,3,5
Stowe,5672,938279.3816864963,430.5892809807528,2179.0588459363835,19284.602438669837,4,4
Stowe,5672,1273142.260328976,380.72835379996275,3343.9649230797595,3434.6398151357794,3,4
Stowe,5672,686420.9569585603,317.71953278455237,2160.4619361694286,3189.558802869905,11,2
Stowe,5672,1108737.8554272258,459.2795834739724,2414.0804323170146,9402.966789812632,5,2
Stowe,5672,1271978.4625843838,402.9013950096868,3157.0465586345317,15944.819178730542,4,4
Stowe,5672,919965.7433889884,454.69303627418526,2023.26772129019,3110.6649419567193,5,6
Stowe,5672,1999337.189155324,536.9743987952985,3723.3380094858057,10217.024359123096,6,2
Stowe,5672,1049121.280711897,284.84549180739583,3683.124047549547,11336.654823323584,4,6
Stowe,5672,813619.183466117,375.602927495421,2166.1683759800726,2325.523677855579,2,2
Stowe,5672,787482.5835829437,406.4606426444683,1937.414108434985,12916.975085382328,3,3
Stowe,5672,1362175.629876263,511.21548835783506,2664.5820811336257,13536.70750082841,4,3
Stowe,5672,649761.968962225,316.6349755530286,2052.085268935825,6635.076501606529,3,2
Stowe,5672,907716.5911867041,541.4947081224914,1676.316642749849,16959.859719245385,5,3
Stowe,5672,1320305.0730222098,428.1915855799917,3083.444695051253,15820.631609263497,6,3
Stowe,5672,1254813.1762095394,413.59714234650056,3033.9019488637828,8510.59873806842,1,3
Stowe,5672,947525.2655321009,407.1729301444227,2327.0831516132894,6101.742020157391,3,3
Stowe,5672,640173.90322039,392.1789871763959,1632.3513603559027,4462.659131233176,4,4
Stowe,5672,799328.3263214265,485.6147575289562,1646.013252127669,7821.711840690988,5,1
Stowe,5672,810181.0247969482,352.3808926135268,2299.1627576286123,11260.4534582349,3,5
Stowe,5672,871906.0440666447,441.382441077754,1975.398119457701,6585.9291422741935,1,2
Stowe,5672,812818.0648887629,395.4573008704087,2055.3876818046742,2140.28915383943,3,1
Stowe,5672,1074086.8297064654,371.6667479498316,2889.919089160616,17127.234860317072,2,2
Stowe,5672,1565904.4772971745,582.4167934085984,2688.6320844780375,8967.217926006897,5,1
Stowe,5672,1408994.666567952,446.0175675497913,3159.0564342752227,6370.429187409046,2,2
Stowe,5672,800695.461425976,458.24261297424033,1747.3177717563913,13379.67246206033,3,2
Stowe,5672,1009197.0404294026,491.2584972359696,2054.3095867197753,19969.87123668618,2,3
Stowe,5672,893455.0105404437,330.17170634197873,2706.0314175286676,1489.282707953385,5,3
Stowe,5672,1326793.825503669,529.9397665115954,2503.6691136381023,10381.233776751717,2,1
Stowe,5672,859262.3998075376,261.71118144244895,3283.2468031041763,3398.9005619408886,3,3
Stowe,5672,923107.3261712956,371.2492295537153,2486.4895404119166,10793.108685150522,5,3
Stowe,5672,1388281.864895039,390.74579230008095,3552.9029160444047,8638.23140273321,4,4
Stowe,5672,1168877.0284611024,456.2571589314334,2561.882056160267,11715.086522440835,10,6
Stowe,5672,1265165.0077121567,433.40743998054205,2919.1123432697805,5929.2217977090795,2,3
Stowe,5672,844644.2995368463,409.13967933199893,2064.4399509622103,2599.9636771120854,1,2
Stowe,5672,940964.5790397911,418.88481514506327,2246.35638490244,6105.686969360089,2,3
Stowe,5672,1006488.5583451767,358.0773627613484,2810.813145470974,10211.863398915822,3,1
Stowe,5672,1090097.8394803468,325.3952096967992,3350.0734091816894,14712.197901019406,2,6
Stowe,5672,1249978.8268680007,465.37100057956565,2685.9834955579463,3960.3910143778357,1,2
Stowe,5672,1015699.2493896905,463.3060249597027,2192.2858643550635,14815.557303049729,6,2
Stowe,5672,1640411.8417060971,519.3775829386362,3158.418644918507,5423.374200088715,6,2
Stowe,5672,478667.9138683315,369.91158382386993,1294.0062836643822,9943.424422419843,8,3
Stowe,5672,726650.6603633515,463.24994622760187,1568.5930808642486,5891.467807690013,3,2
Stowe,5672,1066412.422682871,401.7817962763536,2654.207912270299,8923.996802859869,5,4
Stowe,5672,1110943.4674431789,494.5756384179889,2246.2559437759223,13661.315087995636,7,5
Stowe,5672,1260338.8428589206,483.96846894078226,2604.1755274208454,3831.410818577965,4,3
Stowe,5672,984788.3112648493,432.93478684358263,2274.6804858179457,5320.131407102833,8,3
Stowe,5672,1028235.1052623655,398.2679347585028,2581.767236385362,8938.95859446351,4,3
Stowe,5672,876719.6951660379,480.1268369146756,1826.0168517133768,33797.6657109555,5,3
Stowe,5672,1188405.9412859515,460.36005212090777,2581.4706028702763,4766.096920946871,3,2
Stowe,5672,1080750.8909137154,376.55721445028314,2870.084145091866,27208.294543786993,4,3
Stowe,5672,1020620.676210929,336.0603846991637,3037.0157349089914,26631.521257143555,3,3
Stowe,5672,1486647.7724852874,401.47800803368364,3702.9370046106214,7546.280940672329,3,3
Stowe,5672,1225355.1495014853,515.0292380209083,2379.1953136682705,6689.572869310092,6,6
Stowe,5672,1178857.9443652777,491.8067806936098,2396.994085162264,5281.459196344615,3,3
Stowe,5672,534751.03083214,349.6234350941156,1529.5056828447146,7679.235696176415,4,4
Stowe,5672,678382.8718920809,346.13434169876354,1959.88317299781,3439.788139534479,5,1
Stowe,5672,1066169.6779585711,499.87624960192494,2132.8672422576838,7642.296379799188,2,3
Stowe,5672,1013301.4211065216,348.1562623391137,2910.4788013824045,19640.027556196874,2,3
Stowe,5672,867834.891199771,451.6981034419698,1921.271939348009,5544.411614625008,4,2
Stowe,5672,1040291.9001330746,380.8607812794398,2731.4230061661465,6924.092241951618,4,3
Stowe,5672,1166660.450483096,521.4265098189418,2237.439847253265,2882.7862002174375,4,2
Stowe,5672,794758.3289431895,371.14484059346705,2141.3697349863655,10012.945387572727,4,3
Stowe,5672,1171039.3872476898,491.61003488033606,2382.0493972071486,9375.7873530063,2,5
Stowe,5672,875414.1958983573,431.2761128384837,2029.8230526535256,8311.689999287566,4,4
Stowe,5672,875685.3667872294,435.5146572946314,2010.6909196280317,7024.0874859660935,4,2
Stowe,5672,432077.8535452821,295.61695603825467,1461.613905155591,6711.260520977973,1,4
Stowe,5672,591118.4039975421,280.97541606911284,2103.808270016555,10811.189708655671,3,4
Stowe,5672,805528.2754941405,405.75625632393366,1985.2516453894198,7862.869221448566,2,5
Stowe,5672,856201.911782711,435.181749067822,1967.458225481037,9664.16451573676,4,4
Stowe,5672,866526.5912174475,348.81329753522124,2484.2131803474335,9101.427161430644,3,2
Stowe,5672,926578.1714213379,351.1111045841562,2638.988511966162,15697.44427289339,2,3
Stowe,5672,1079275.4362505926,454.98245615703576,2372.125389991046,12008.779413824637,4,3
Stowe,5672,1306414.3582877687,455.06943812685455,2870.802231117077,8981.425825180218,4,3
Stowe,5672,1062253.4335855783,410.9697512128215,2584.748464943563,19895.523567533968,5,4
Stowe,5672,974616.9071657133,468.7505775417787,2079.1801735515683,10294.426776296328,2,3
Stowe,5672,689300.902428387,345.72866229359965,1993.762674623196,17503.82021234223,2,1
Stowe,5672,961478.4268356254,397.23532070904355,2420.4253164583615,11514.499954009752,8,2
Stowe,5672,1352165.976632712,523.367303773659,2583.5889381761685,2649.2858002144208,2,2
Stowe,5672,1345864.9290420632,423.9406047911918,3174.6544535524195,17502.476753233757,6,2
Stowe,5672,1289097.704591658,427.59086754319327,3014.7924159335307,8675.884553754633,1,2
Stowe,5672,1104141.784568036,564.7901138003253,1954.9594753678566,7754.464012395042,8,4
Stowe,5672,723453.2379401656,331.55700802848327,2181.9874725073387,9471.152029045583,4,1
Stowe,5672,1243567.8970562802,469.77210585865424,2647.1727068240334,6504.222910599401,2,3
Stowe,5672,1532960.657279007,524.3812803688006,2923.3702930830523,9167.44716739007,5,2
Stowe,5672,1129941.699824477,399.1914929586225,2830.57560032122,5608.682827577622,6,3
Stowe,5672,1043617.8827498314,473.7503195093651,2202.885865767107,17184.449858847667,3,2
Stowe,5672,585390.0228821092,357.8258007285624,1635.9637054963828,7472.941326412137,2,2
Stowe,5672,656347.526386218,376.4129426286175,1743.690112786037,6359.12784110191,3,2
Stowe,5672,1063619.0218720837,443.87209602453436,2396.2286239621913,4592.78251238229,7,3
Stowe,5672,1145765.2293234803,469.9065778056192,2438.2830193056707,9399.97486342839,2,3
Stowe,5672,833703.8322645737,490.19846970992353,1700.7475212191514,8950.46782396608,5,3
Stowe,5672,1173455.3576463964,518.4418410334933,2263.4271865618707,10099.604956721078,5,3
Stowe,5672,1088735.8134659457,415.3945089251855,2620.968236395325,4319.287288695431,3,2
Stowe,5672,830501.9658988588,494.7730855410937,1678.5512190716788,3060.9729483165943,2,2
Stowe,5672,1174588.7491305675,398.09327932424986,2950.536495176188,11644.061681929164,1,3
Stowe,5672,970354.1688653767,476.4230396992351,2036.749040260436,19496.338111977206,3,3
Stowe,5672,1326351.2163828788,432.70058986960345,3065.2863606739747,4321.615835191152,5,4
Stowe,5672,876979.631879586,447.69364153917877,1958.8833758382502,20761.62460662267,5,3
Stowe,5672,772837.2781473476,446.29812663819115,1731.6614881824903,9485.726327784902,4,2
Stowe,5672,636023.0291554235,318.6302384532669,1996.1163518029011,7966.169790646101,6,3
Stowe,5672,762560.3464417172,348.88102547214976,2185.731784667064,6302.285363650387,6,3
Stowe,5672,865475.4979646046,426.09457347075374,2031.181694981171,3485.9155803057583,3,3
Stowe,5672,664690.4780117006,313.432531052907,2120.681206187566,14470.016070263635,3,3
Stowe,5672,1148401.478875227,471.9614141020118,2433.2528985664208,5023.252964897578,5,3
Stowe,5672,1017604.4023910082,474.50096185397337,2144.5781656901545,5010.609358968633,2,2
Stowe,5672,969243.8173151782,440.23407762144535,2201.6555886630504,14506.507293420596,5,1
Stowe,5672,509638.17274388805,349.0690984329398,1459.9922337204403,2584.8086284610285,6,2
Stowe,5672,1250394.8114742974,506.5142256460175,2468.6272332815943,3206.829823674596,4,6
Stowe,5672,1199287.2505911735,547.8742609277117,2188.982648245655,7913.427463480438,4,5
Stowe,5672,1435875.220188851,428.89789798041426,3347.8252678552894,9539.224559475957,5,4
Stowe,5672,799537.359772875,451.7761599319915,1769.764389279049,10700.412910195471,2,3
Stowe,5672,615769.7167667442,432.3386413647918,1424.276383954262,6674.954886202221,4,3
Stowe,5672,1183464.354920072,453.0246189707184,2612.3621219723736,36512.81675282448,5,3
Stowe,5672,1005932.346482035,412.11425450539485,2440.906460974809,6977.606896062968,4,3
Stowe,5672,726202.2367352197,417.46431935879195,1739.5552219903166,6965.503191969384,2,1
Stowe,5672,727843.2243661209,476.65130008090716,1526.9930539213387,4959.225306792431,5,2
Stowe,5672,1864882.6504572378,567.2876584947334,3287.3668632340805,8617.419100871864,3,2
Stowe,5672,1056721.6964646154,331.51111607934814,3187.590536818337,11570.03169839922,5,1
Stowe,5672,496496.4530389462,413.1054193567708,1201.8638095138526,16470.787782404434,2,5
Stowe,5672,689313.4827832864,345.33473429658136,1996.0734160939867,3273.5367750875735,5,3
Stowe,5672,1763982.145030873,519.8515992657701,3393.2417396085584,6902.228556547336,3,1
Stowe,5672,760387.1960473142,382.64424578318966,1987.1909859534585,10459.008957020227,5,3
Stowe,5672,651008.7060711588,328.7962828343594,1979.9758697367124,11377.936239096627,3,1
Stowe,5672,958974.1440078835,459.8113188295223,2085.581856595028,8031.495392706247,8,4
Stowe,5672,895451.8220864367,529.4374074286198,1691.3270757264424,11077.277336817675,4,3
Stowe,5672,674406.2004668996,461.41083143442575,1461.6176182304123,4923.714404475669,3,2
Stowe,5672,1259574.2209125455,432.53120718338755,2912.100213796834,20372.476548385584,3,2
Stowe,5672,628893.7286001819,445.3937845250577,1411.994846921355,14512.616919607033,4,4
Stowe,5672,1211253.6794816337,508.69856036221734,2381.0833642209723,3569.7118185596655,3,4
Stowe,5672,1018634.3677536013,364.6126527496893,2793.743881545727,4197.040830538213,1,4
Stowe,5672,642527.0695911098,412.59967218618294,1557.2650995737426,4268.611042832802,1,1
Stowe,5672,694886.7367427199,391.14496591191886,1776.5452640369658,12015.812902675449,5,1
Stowe,5672,1049259.4021897533,346.127550367216,3031.424112517382,3701.006767008355,4,4
Stowe,5672,1020295.0204324189,398.97009092074995,2557.32207413785,6558.926466435987,3,4
Stowe,5672,938730.2985924366,489.3666121077112,1918.2557112944578,10509.337834537539,1,2
Stowe,5672,1376457.2061525092,455.30533883272847,3023.1519131344876,7688.625131189405,4,5
Stowe,5672,1392736.5102378144,460.19676873981075,3026.3935013095443,9344.37026353752,10,1
Stowe,5672,1026727.1935315538,428.86005385112975,2394.084467209347,4220.526633249388,4,2
Stowe,5672,808891.4406995177,452.5811388276337,1787.284911595897,11431.288095403064,6,4
Stowe,5672,745338.6940999714,369.24604031055617,2018.54214461745,5537.340914467484,8,3
Stowe,5672,962171.6339743183,400.1575907204246,2404.481774897911,6584.179572267727,5,3
Stowe,5672,921847.5860948816,431.7258987002303,2135.261259216159,9226.50738202441,5,2
Stowe,5672,1237264.8906595572,437.10851325317947,2830.5669030584995,8510.395996644354,2,5
Stowe,5672,671558.99667283,439.7945447159122,1526.9834624861646,8115.936136466825,3,3
Stowe,5672,633082.3001967442,410.9323473381971,1540.5998196479718,5099.107112864502,4,3
Stowe,5672,927111.1542864266,395.88270659245023,2341.883438825886,6683.968479848748,5,2
Stowe,5672,1224149.723418277,618.4090711825064,1979.5145001309381,8010.488105036544,3,5
Stowe,5672,912238.9922236712,476.71863168200275,1913.5794818948552,3505.70065395355,3,6
Stowe,5672,641140.3634176659,445.64598102131373,1438.676417429651,6061.2846247130265,1,3
Stowe,5672,910882.2221761809,404.9604578719003,2249.3115178774246,10095.093049423056,3,3
Stowe,5672,864251.6045326621,391.23757971919076,2209.0199135598764,3717.233018813455,3,1
Stowe,5672,1084299.6181051105,411.40662582726304,2635.591043106764,16012.834110919777,3,4
Stowe,5672,997596.0680563621,438.07240438840734,2277.240150401862,17136.479566827038,5,3
Stowe,5672,652366.938197483,301.2741042434053,2165.3601454920363,3789.9438212821833,3,6
Stowe,5672,963884.6028646823,320.8532025295452,3004.129599659909,18065.667638921725,5,7
Stowe,5672,611924.764733716,379.55080114584837,1612.2341538638311,7339.660502215463,4,4
Stowe,5672,1107466.4495697187,432.6785989874638,2559.559109605525,10283.598806056845,2,4
Stowe,5672,596331.806545279,404.57871247937953,1473.9574479605687,5938.4663535682,4,4
Stowe,5672,930574.9886138532,512.6818186980581,1815.1121312962175,13919.189644474318,7,3
Stowe,5672,539412.005057601,326.3290518457643,1652.9696084568895,10207.2469467325,5,4
Stowe,5672,1013379.804168627,372.34580807034627,2721.6092734342587,4908.407679693647,3,3
Stowe,5672,1134764.4716433743,515.3236947284258,2202.0421014046174,3976.1751582136767,7,1
Stowe,5672,954546.244219121,427.89343701100177,2230.803657300727,3330.9584338520795,4,3
Stowe,5672,806802.6809826255,475.3373012170017,1697.3266750094638,8954.95139263204,3,3
Stowe,5672,1139644.3311706127,548.7577900910396,2076.771121520743,11278.79471380316,6,3
Stowe,5672,695321.8677700977,375.9677871107519,1849.4187310927016,11822.694522059004,5,3
Stowe,5672,1018401.4214577614,413.38855969334276,2463.5452471476847,7453.2701688117995,3,2
Stowe,5672,703198.8399997215,402.49181629400533,1747.113385992576,3995.7994357831153,5,3
Stowe,5672,925738.3196456503,296.60618873979575,3121.102508274952,5313.212606056712,3,6
Stowe,5672,589079.7217199436,400.1017627907768,1472.3247346150488,15972.216196155492,2,2
Stowe,5672,869250.7884851475,475.0993404468633,1829.6190175039137,5981.458310830688,4,1
Stowe,5672,1544419.4911845212,453.6679492989133,3404.29491122577,8718.891602953512,3,3
Stowe,5672,920715.0608839466,458.60880918029767,2007.626200049673,4195.66249153418,4,1
Stowe,5672,638065.1356462293,396.00321170466606,1611.2625271385168,9790.292846901535,6,4
Stowe,5672,894533.4648167181,378.3413033823889,2364.3558258629105,6078.942832780188,4,3
Stowe,5672,992836.9543301192,499.53456752333057,1987.5240251191408,14991.287064134993,3,4
Stowe,5672,705312.3641227749,388.33587490537013,1816.2431279228215,12725.096748127167,1,5
Stowe,5672,745708.1252283888,438.15128801387766,1701.9421045380332,5941.834795055237,3,2
Stowe,5672,1922599.0170529066,429.92126480992835,4471.979346969271,7414.541394069759,3,2
Stowe,5672,1075444.1864042853,511.6492393053205,2101.9169067161006,5747.539198085158,6,2
Stowe,5672,664988.1540173688,480.78652226604436,1383.1256144268455,3413.6483739944656,2,3
Stowe,5672,1099413.8487333674,338.1086508634874,3251.6584415264183,4782.560554577353,2,2
Stowe,5672,899398.2927934455,344.8882783641783,2607.796058072298,9010.33217501872,3,4
Stowe,5672,842850.388345155,456.0800574081797,1848.0316660520546,9724.001790808055,3,5
Stowe,5672,736682.9638244136,415.59020244807095,1772.6186986240707,8745.771127562379,4,3
Stowe,5672,1035650.1989308546,390.9887568872464,2648.7979019548025,6675.216974523783,2,4
Stowe,5672,1017601.4549762346,483.56971278591595,2104.353163711771,14003.138808769218,3,2
Stowe,5672,596674.2331395842,431.43981826496855,1382.9836929264072,8310.889845452035,2,2
Stowe,5672,1479978.3231511763,422.9419826751429,3499.246666860053,12199.486229756298,1,5
Stowe,5672,941298.975093047,468.72709362096737,2008.20261491908,2759.8503641132443,5,4
Stowe,5672,1288348.6343138227,396.0283892042824,3253.1724225690723,760.3331326621485,3,2
Stowe,5672,1597251.4371714583,518.3719960595554,3081.28419226557,9485.026131170272,4,4
Stowe,5672,644893.0078683431,370.0355543079751,1742.7866062070575,3402.7439472511746,5,3
Stowe,5672,1335971.2386733587,460.99105700996904,2898.041552776734,7042.551405392446,5,3
Stowe,5672,969790.4543819196,509.8940418622826,1901.9450606638986,6673.759318115242,7,5
Stowe,5672,467331.6393624458,332.94475813227837,1403.631166875965,20736.21944940511,4,3
Stowe,5672,801200.7937588544,398.0284240207917,2012.9235637628792,10169.972168668932,5,3
Stowe,5672,1215225.6935187634,491.53738655257433,2472.2955501753763,8837.08399805638,2,5
Stowe,5672,981925.4165702102,492.4839153014771,1993.822307819167,13218.749447634566,5,5
Stowe,5672,847517.7939184136,408.8450379379619,2072.956047584503,9979.570903754568,6,3
Stowe,5672,1112391.0996890762,373.3953933374164,2979.1237908601374,6078.9704386255125,1,2
Stowe,5672,1102963.8809943856,479.81233627243216,2298.7401482068917,15215.689505921422,2,2
Stowe,5672,895812.719075387,494.1396818111017,1812.8734688784532,4110.692332068513,6,3
Stowe,5672,923928.5840034464,346.3291008645388,2667.7763482683094,9712.26824800652,6,3
Stowe,5672,808666.5869289672,343.8584514521622,2351.742653158168,3161.035504439396,6,3
Stowe,5672,516959.1865592384,433.81900710413964,1191.6471572098285,9041.344183264848,4,3
Stowe,5672,1144168.161107063,459.25573443181503,2491.3530203876767,8982.114539895334,4,3
Stowe,5672,989494.653425722,400.81479736110896,2468.707891875183,21874.34565383281,6,3
Stowe,5672,1040228.6076205572,462.3988287926089,2249.635039813458,3128.1982680937112,5,3
Stowe,5672,1048827.5331822564,374.9397411460141,2797.32292441576,5578.440383538685,3,3
Stowe,5672,542114.5447183616,286.5284967127046,1892.0091751359973,13105.749114335333,2,7
Stowe,5672,956770.1335130711,392.9571231009524,2434.7952416866424,9782.860202348827,4,3
Stowe,5672,640875.4919190158,423.62021069441363,1512.853909563166,8914.013352807382,4,2
Stowe,5672,996900.6968714817,402.2769778843576,2478.145038561119,4507.578628656556,6,4
Stowe,5672,1264576.9873363962,346.71055896569004,3647.3564321458607,5612.243400999878,6,2
Stowe,5672,532982.91012014,305.35215956433194,1745.4695944531234,16885.683734370177,5,6
Stowe,5672,716899.4242246699,387.2801661202583,1851.1131912757396,7756.537416711165,3,3
Stowe,5672,892435.1494166912,476.14384020226476,1874.2973741665687,10020.744150003527,2,2
Stowe,5672,1153166.8953442026,498.7126040213336,2312.2874498172364,7465.769781387873,5,3
Stowe,5672,848378.7780942554,494.40180667797915,1715.9702222666706,3933.7384471183564,3,2
Stowe,5672,915891.4505152076,368.28175840053916,2486.9313497713188,14009.389695326072,3,1
Stowe,5672,959897.6504935619,347.0188017527631,2766.125770837772,10819.834444240996,4,6
Stowe,5672,1153519.154523713,450.9011624745245,2558.2527846973244,31906.94328998993,2,4
Stowe,5672,661180.8514980454,459.617005330043,1438.5474075818036,4349.638394262352,4,2
Stowe,5672,1276937.2827443914,444.8290759689505,2870.624587574223,13104.888052650562,4,5
Stowe,5672,828638.2725135158,292.86277313982976,2829.442143258937,3641.9351028777896,11,1
Stowe,5672,1005636.1647065171,365.0730829199253,2754.616025545472,8792.063875715357,3,3
Stowe,5672,1026471.2364373022,417.7712094066588,2457.017653023893,14372.914460044154,3,1
Stowe,5672,1064986.9313782533,450.3084364792069,2365.016608849231,2307.4902730474732,4,5
Stowe,5672,1355835.1089108996,467.9389292463761,2897.461664697348,7074.395917050012,10,5
Stowe,5672,1552187.5511298785,428.7201822135653,3620.514301695884,5705.985440948194,4,3
Stowe,5672,776891.4843798906,440.46151748635583,1763.8123957195792,5250.205206031288,3,3
Stowe,5672,1245529.1537281626,424.98194114199805,2930.7813653945295,10080.159974823064,3,4
Stowe,5672,1013811.1745823028,462.7969971295566,2190.6174432209937,15671.644012857314,3,2
Stowe,5672,952012.8956092166,439.3336412987469,2166.9474087959675,7385.172785609501,3,5
Stowe,5672,646009.7486505808,423.77792274933654,1524.4063316452985,9049.716201011239,3,1
Stowe,5672,839536.183239874,402.7472575694984,2084.5236496613584,8567.935400693146,5,3
Stowe,5672,740954.0753658077,424.756970040724,1744.4188739145775,8008.661515995352,2,1
Stowe,5672,897254.5637474457,450.14308893241696,1993.265221233146,4161.335094876659,1,1
Stowe,5672,742427.8320319938,436.4765058295773,1700.9571468707538,15556.962734940415,3,7
Stowe,5672,887545.5092780492,443.6114997291603,2000.7270096017023,9550.16815866833,8,3
Stowe,5672,1019534.8393937795,504.1589702846117,2022.2487340019436,10138.807986505435,3,2
Stowe,5672,1000572.4791815348,436.33100828120666,2293.1500631206245,4930.970202167967,3,3
Stowe,5672,566245.2564840306,378.7881391302966,1494.8864496764297,6073.343656323959,4,5
Stowe,5672,741161.964272687,475.25951275118894,1559.4889621088028,7197.696347233304,4,2
Stowe,5672,817530.8838055771,333.6432794370923,2450.3142553474413,3186.638902047124,3,6
Stowe,5672,644700.0600405199,351.56935333598483,1833.777756573675,2905.5449020259084,5,2
Stowe,5672,1290669.8127756054,440.78024192506945,2928.148065663554,5578.906465687481,6,1
Stowe,5672,1070689.7039609437,452.145104650494,2368.022329443513,10945.780084191698,5,2
Stowe,5672,889001.8290652673,341.2690056853175,2604.9884819748668,5406.26846791031,3,2
Stowe,5672,1259752.7274017795,395.54317084180803,3184.867848231919,4341.2330606894,6,1
Stowe,5672,790284.6538743994,381.48944709710133,2071.576710412245,4906.839998241426,3,5
Stowe,5672,754239.5059630102,389.005672179895,1938.8907666472626,6087.491473755703,3,2
Stowe,5672,1333334.8636688238,479.0357056252768,2783.3726129630472,6469.676866992447,5,3
Stowe,5672,1179966.5243391143,464.1116929084454,2542.4192977010052,29334.210037448804,5,5
Stowe,5672,893753.3935983296,418.4363352669285,2135.9363857065314,15062.585969785709,3,3
Stowe,5672,1221160.1973552739,385.27388053582376,3169.589891889199,14795.247421764007,7,5
Stowe,5672,710427.0625762611,334.684951858323,2122.674051019166,16128.530109539804,4,3
Stowe,5672,1148770.852315035,509.03496115656856,2256.762187227641,4393.6003668124185,8,5
Stowe,5672,1028166.5469734505,456.91120156733444,2250.254630323242,3842.114141142074,2,5
Stowe,5672,664766.9515958664,375.1580065750121,1771.9652518276923,4117.801344869147,2,4
Stowe,5672,1061070.551394814,464.9359099774964,2282.1867027783924,17816.860386191256,3,4
Stowe,5672,1317821.8616008107,415.2197039793096,3173.794135902755,5761.088706257075,1,2
Stowe,5672,1004611.0147106488,401.56760510693493,2501.723251413986,3775.8587200272455,5,2
Stowe,5672,1008420.0441313456,447.0348248597173,2255.7975085001376,6177.068594941631,6,4
Stowe,5672,801738.2822173209,372.9656511609936,2149.630347249442,6932.900184173209,3,3
Stowe,5672,967689.486798059,398.0019021229166,2431.3690000888573,9397.93050407644,2,4
Stowe,5672,1153587.2955409898,427.2854881471046,2699.8045277489887,9299.979111738474,3,2
Stowe,5672,1011886.8902181031,388.2015452126473,2606.601912580786,4867.269992167487,10,3
Stowe,5672,951280.1733684797,461.75623764549954,2060.1349712546785,12071.356045058006,4,3
Stowe,5672,1304364.9654684938,537.2902601405318,2427.672828328078,5451.688741095766,3,3
Stowe,5672,939216.8462475655,372.15994974491076,2523.691350698354,7283.967788704139,7,2
Stowe,5672,547828.5232663621,314.8270230988456,1740.0937120139195,12079.453893364604,6,3
Stowe,5672,685497.3586246772,293.63846341803924,2334.494434568563,5443.099715917725,2,3
Stowe,5672,534846.6755967349,410.16863236545686,1303.9677668968866,5684.997500468952,2,2
Stowe,5672,954312.6450584145,377.89644170991727,2525.3284755482528,11409.454701994591,5,3
Stowe,5672,1142442.235028884,432.7239871001684,2640.117647937154,4781.726318099,1,5
Stowe,5672,1154838.6132493024,427.98649306335494,2698.306212851328,6350.70815727545,2,4
Stowe,5672,646324.2111187984,318.7239123730291,2027.8497659828904,11166.149643462652,2,1
Stowe,5672,738501.3083261977,305.4003224694634,2418.141874752079,27437.124539753197,3,5
Stowe,5672,1400460.4409878864,438.2678137468253,3195.4444224756417,11503.87855934134,7,3
Stowe,5672,1364697.4993558573,428.1647034302824,3187.3190116384026,10623.041830014146,3,3
Stowe,5672,872914.7811463936,392.83646027481905,2222.081882460002,11000.299414011002,9,3
Stowe,5672,730833.422113392,315.32943989026194,2317.6821750856184,4201.860390099481,3,4
Stowe,5672,1327673.5233641267,449.3121944260051,2954.9020476958685,8574.559186322598,2,1
Stowe,5672,768581.8853097792,499.70098878625555,1538.0835790952096,7858.389197060797,4,2
Stowe,5672,902544.0039057521,437.1378826820203,2064.6666410338867,9702.58423400263,3,2
Stowe,5672,1144896.0202526953,366.29490848449143,3125.612706410767,8579.248936804532,3,2
Stowe,5672,1206640.8805009485,422.4443806140417,2856.330764175493,10046.872058799427,2,3
Stowe,5672,819047.3962922711,333.64858306154827,2454.8205443485463,6636.344101527982,5,2
Stowe,5672,746929.2114613081,486.2343950932966,1536.1505047745345,8286.327704917729,4,2
Stowe,5672,939041.112931382,424.79177348129633,2210.591568748278,3829.5388913668808,2,2
Stowe,5672,595539.1384188692,308.3415950327811,1931.4265347675682,6602.822273836193,3,4
Stowe,5672,974324.8582892637,400.71375170751196,2431.473474862027,18429.297810179574,3,1
Stowe,5672,820558.3572940247,448.80297686320387,1828.3264585923919,9686.435894101993,3,2
Stowe,5672,690527.5601173855,398.67598445007474,1732.052059945082,7900.2066649415565,5,2
Stowe,5672,537352.0802060982,402.2734679182268,1335.7880224786036,24956.030775356485,9,4
Stowe,5672,1040713.0045952802,342.5687786752024,3037.968050153236,3535.8034389539976,6,5
Stowe,5672,922193.3428012399,455.3014889728419,2025.456461567266,4111.418934284991,3,2
Stowe,5672,881909.2577810789,378.82145773559535,2328.0340639959786,22355.41086094763,5,3
Stowe,5672,635112.1654200527,283.9003892990412,2237.0950846110645,8223.682515289034,3,5
Stowe,5672,679241.7710527035,396.2708335457814,1714.084695497102,6916.3745259598645,4,3
Stowe,5672,786559.8931671453,481.3994499962914,1633.9027665553103,3895.8775149664834,4,1
Stowe,5672,688155.1259493079,395.2843390543197,1740.9116880159074,10465.240128656513,7,1
Stowe,5672,988321.5922897855,529.039202873585,1868.1443396283562,11090.816942045913,8,3
Stowe,5672,1095697.3029192493,446.64181648933493,2453.1901458120924,4148.492126389673,4,5
Stowe,5672,808976.8820685142,440.9634712828999,1834.5666585827366,7354.233915858157,4,1
Stowe,5672,1425545.675952807,411.5578427535502,3463.7796388840898,6541.274619713411,3,1
Stowe,5672,1201861.5494721942,415.34165636606895,2893.669659787054,9328.067161123176,3,1
Stowe,5672,1104236.478274487,403.0585358637677,2739.6429551059423,4087.327756886347,2,3
Stowe,5672,870284.1263288511,400.6133508459733,2172.3792392117643,16955.800952943602,5,2
Stowe,5672,1480778.9703397749,453.05596438347874,3268.4239624895517,13859.01343702399,4,4
Stowe,5672,764616.8394855949,360.733167409603,2119.6188999648944,6433.612540895355,2,2
Stowe,5672,781579.6857884844,351.91678705712275,2220.9218614558995,7025.808620360947,5,4
Stowe,5672,814952.2454632487,348.93936432759847,2335.5124952257847,7371.2570261365,2,3
Stowe,5672,1462948.1324702757,548.4057711580862,2667.6381055963743,5015.1152884622525,6,2
Stowe,5672,1189047.1533327214,453.0229642885563,2624.6950973005182,6131.159542701909,5,3
Stowe,5672,872196.8018514552,438.8065661269584,1987.6566787724537,6802.426053144109,4,3
Stowe,5672,691709.4870547525,353.07368156370967,1959.1080365754717,21055.515906252083,6,2
Stowe,5672,1205314.0658319707,458.87690445827775,2626.6609936599257,14117.462787917748,1,4
Stowe,5672,1103567.817274871,412.30230002614877,2676.598741275228,14016.488212241666,2,2
Stowe,5672,878676.8971711086,433.12107816847913,2028.7096183051922,9988.125220989603,2,2
Stowe,5672,539118.9908616614,358.16565759765257,1505.2224562168485,4092.0470101142123,5,2
Stowe,5672,913297.6149689,429.72828349900675,2125.290910648219,7803.301231256207,3,1
Stowe,5672,1027958.9241457513,392.9613741040547,2615.928668535121,14321.109211664969,7,3
Stowe,5672,1305707.5785070646,371.4478401095778,3515.18419954166,3760.2399206869854,2,3
Stowe,5672,772869.2561681778,465.8490574137231,1659.0551035113256,11720.898743453892,5,2
Stowe,5672,649546.7460355473,322.84744428427047,2011.9308903793421,32233.525542767293,5,3
Stowe,5672,924360.9496459094,455.1904067335185,2030.7127214723064,15127.760947984989,2,1
Stowe,5672,1453636.1869268348,462.7256641626269,3141.464369730632,18687.57796191079,3,4
Stowe,5672,808271.1245916631,364.2699491987516,2218.8795050745657,9119.771892125842,4,3
Stowe,5672,656549.9720646156,368.0036046855557,1784.0857092299711,14299.158808265787,9,2
Stowe,5672,1043966.3160513394,405.601425467005,2573.8724040462334,5200.36914799846,1,4
Stowe,5672,884843.0705551163,437.39305130375493,2022.9929760375232,12896.549939984137,2,2
Stowe,5672,675763.3287761647,410.01838968526175,1648.1293175530345,11846.997051799457,4,3
Stowe,5672,800269.5914486839,446.93102261923804,1790.5885940937958,9519.937142495513,2,3
Stowe,5672,1832213.7914893432,530.6125172086191,3453.016527254252,17620.20039345067,5,1
Stowe,5672,955250.4232056442,387.6812602491021,2464.00979658355,5790.222035625044,5,7
Stowe,5672,716689.5915013052,311.67628156410245,2299.4678578193434,7150.676958936579,1,3
Stowe,5672,991735.1280681026,471.6285858574475,2102.7884182742487,8471.59469392941,2,1
Stowe,5672,1265612.4511545766,525.5979192963342,2407.9479858842806,4313.177877655724,7,4
Stowe,5672,1066821.4967605001,444.36319738061604,2400.787245768965,9166.91409626533,6,2
Stowe,5672,845604.6963351624,351.170571881188,2407.9600172797423,2852.179086568309,3,2
Stowe,5672,948695.1229567102,411.84147130379705,2303.5444195392847,14993.462343630728,4,3
Stowe,5672,971341.2290079232,349.2334207628146,2781.3524458405695,8227.020842576587,8,3
Stowe,5672,1035840.9857048584,460.1051819229917,2251.3134526666304,5852.715838062004,2,2
Stowe,5672,586477.3364741445,334.58167431174434,1752.8674805055161,4849.217609477334,5,4
Stowe,5672,769672.4442567925,400.7480933843121,1920.5891605295471,6949.6696349569,4,1
Stowe,5672,486431.22378508525,356.42095118610376,1364.7660783304996,12090.22612763018,3,5
Stowe,5672,1588720.4309244407,427.6231066305053,3715.2352300204407,11112.659221955777,3,1
Stowe,5672,1101364.1180528456,396.58025679088666,2777.153171882647,5238.937828562194,4,5
Stowe,5672,783511.8581446838,430.76646735119107,1818.87848179675,4815.393367155423,7,1
Stowe,5672,878328.5097251475,421.04687803291284,2086.0587159050006,11864.85614467502,5,1
Stowe,5672,682490.3523302756,357.53376084087813,1908.8836554207835,5186.365168421406,2,2
Stowe,5672,1511172.7307530257,459.0994036408978,3291.6024694622506,8292.79782458517,4,3
Stowe,5672,653814.6447492176,416.57039727908324,1569.5177790350558,8616.632328526326,4,3
Stowe,5672,823247.7999173412,357.41605307087303,2303.33190925282,9647.307112574803,2,4
Stowe,5672,1221441.5707976152,560.6973630069298,2178.4328790975947,13388.602693662546,3,4
Stowe,5672,1237527.853756271,449.62937327417615,2752.3287563369404,3749.6547893045736,2,4
Stowe,5672,894151.4402312635,409.9928612057273,2180.8951443732426,2541.4783684165427,3,1
Stowe,5672,733689.6668548753,508.72146413777295,1442.2227457974448,5691.496238828627,5,2
Stowe,5672,1125856.1576151592,535.5749253484494,2102.14501151761,23579.04953930085,1,2
Stowe,5672,720575.9079993994,410.4908352630302,1755.4007205487935,26916.67550334537,3,2
Stowe,5672,1008104.5029970784,441.5072821811225,2283.324746121666,24002.25593013295,1,2
Stowe,5672,1145131.960157622,357.4491746179869,3203.621777505704,7125.306345025127,6,2
Stowe,5672,594637.6961175735,410.37480511015673,1449.0112178255076,2746.0746514178168,2,4
Stowe,5672,746029.3787066779,407.10980849103123,1832.501608035104,1961.3207153666722,2,3
Stowe,5672,840761.7957946834,431.27412245834864,1949.4835233845547,5534.596394709292,2,6
Stowe,5672,896443.67874204,440.58594108828527,2034.6624690922881,7103.569211586188,6,2
Stowe,5672,1225127.8650100112,454.878961539931,2693.305183564672,17458.327969073012,3,3
Stowe,5672,931479.874137622,434.5986546434572,2143.310533029155,13465.418648731644,3,2
Stowe,5672,852921.5823816349,343.42859462420057,2483.5485330362517,9169.516779467309,3,1
Stowe,5672,690194.1534208099,360.56724956202163,1914.1898058106597,4690.478857765631,2,3
Stowe,5672,913332.9053069303,385.2458259852396,2370.7794963674023,4495.036584096759,3,2
Stowe,5672,1092611.453593605,401.87408370080044,2718.7905314318946,9317.721773594627,2,2
Stowe,5672,905441.6824308621,485.78203848805765,1863.8846451568038,12154.167668874266,9,3
Stowe,5672,942730.153960773,346.4376425335565,2721.2116647210432,10120.573164129284,11,3
Stowe,5672,900657.6253757323,397.1421523778471,2267.8469660879337,4300.291305697087,4,3
Stowe,5672,1394252.7156026457,479.6281358745816,2906.9452171738944,11820.580458721906,4,5
Stowe,5672,852996.3326592834,400.7639124903362,2128.426003625893,10329.33723616045,6,2
Stowe,5672,1104588.3761822488,448.6213234950064,2462.1842929286086,4208.228174593631,1,2
Stowe,5672,910350.6793825434,410.8563865658602,2215.7393900864054,4997.056102321596,3,4
Stowe,5672,952296.138175806,435.803478915562,2185.1503814184002,12091.940138696908,4,4
Stowe,5672,967771.130858649,405.25856725736463,2388.0337370981565,6949.967759133202,2,3
Stowe,5672,1181690.5306411446,461.62910324635897,2559.8267577391202,20757.96280415948,1,3
Stowe,5672,527998.0536871175,322.38487937939453,1637.7878971977148,10806.189883584118,2,2
Stowe,5672,1270931.419005526,396.7709623199746,3203.1865728636353,5974.275461351429,3,5
Stowe,5672,616306.2264957587,438.3080637071999,1406.102870394522,7951.162794622238,1,3
Stowe,5672,854864.6868049954,453.2339810809978,1886.144292989854,8310.09945795854,7,6
Stowe,5672,1122872.2344221561,513.6153957918624,2186.2121805966835,5167.594778818767,6,4
Stowe,5672,980222.6256495665,395.0265613194794,2481.409407953222,4626.9070576830145,4,4
Stowe,5672,1702074.864131654,512.7674589820945,3319.389392436249,12185.850431650586,4,2
Stowe,5672,531910.1187504217,378.15708620708034,1406.585088978461,13284.600668112562,2,5
Stowe,5672,992222.0319666006,503.27297702108916,1971.5384637570605,11492.68129232327,3,1
Stowe,5672,619610.990021717,471.0962857571557,1315.2533967145705,19858.5053858331,7,2
Stowe,5672,817031.8294181364,362.1414362464701,2256.11252301455,5779.849244472099,3,3
Stowe,5672,1051615.2613394777,438.9668918280532,2395.659629272004,21845.697716830156,6,1
Stowe,5672,1387305.689939399,416.41490909659063,3331.5466368606963,4659.41018575904,6,3
Stowe,5672,1058900.0244714946,459.01804783346654,2306.8810245467025,4357.202415774336,3,2
Stowe,5672,1178593.1987138086,405.58594659447687,2905.902456951299,2782.823924733111,6,3
Stowe,5672,1036817.754805654,400.30007907949664,2590.1012989801325,6122.462307186988,6,7
Stowe,5672,1015467.7464332042,505.8190276065904,2007.5712676095727,5913.324175768167,5,4
Stowe,5672,650652.6012696357,413.4259145775932,1573.8070070774893,10968.240942982871,5,4
Stowe,5672,1130874.645115465,471.6599796185749,2397.6480812088153,9260.667281065796,2,3
Stowe,5672,624981.5740883165,405.4550254224078,1541.432550841375,3910.4697954491608,1,4
Stowe,5672,1623078.3279913096,524.5497855153357,3094.231229923661,6320.547275436533,2,3
Stowe,5672,810225.2715958867,376.94154842184804,2149.4719141152787,6401.704794450493,2,2
Stowe,5672,1149732.4214363887,380.9821212821147,3017.812010619311,2756.1979991202293,5,5
Stowe,5672,1023537.2088498706,515.6022584825216,1985.129413246291,4440.973039489607,2,5
Stowe,5672,937553.730648942,391.63240447870743,2393.963624886703,5037.718813796523,5,6
Stowe,5672,1227473.7308355053,520.4212232758239,2358.6158210633594,18908.594488993378,4,1
Stowe,5672,1053030.6500901692,475.77779712317505,2213.282453400296,8973.82468296042,2,2
Stowe,5672,823447.0813532862,409.9054195708218,2008.8709298243723,11902.432536366508,8,1
Stowe,5672,754309.6076727735,305.50042911040794,2469.0950839881334,3255.221242479012,3,2
Stowe,5672,742997.105409776,418.423990019305,1775.7038868050945,16378.511994768369,8,2
Stowe,5672,704794.000932071,426.03720534971495,1654.3015306692218,17463.321715719772,4,2
Stowe,5672,1505951.3961803257,493.11168744057704,3053.9762786737883,2411.947618026632,5,1
Stowe,5672,1394986.1939504496,519.6263959556101,2684.594556412062,5239.6332599806565,4,4
Stowe,5672,856786.8862788123,376.52279702161763,2275.524597862851,10771.469067019423,4,3
Stowe,5672,1595444.1770867116,470.07118731600013,3394.0480083374946,11776.130146907051,3,1
Stowe,5672,979338.9607495278,467.8190041124163,2093.4142310178445,5324.637868606571,4,2
Stowe,5672,1517929.7502675636,487.20703596592784,3115.574362053585,6660.149047774791,4,3
Stowe,5672,1054863.1059981433,451.030535209284,2338.7842366563345,5590.187927140142,5,8
Stowe,5672,515181.3177055297,297.3675403447204,1732.4732790549729,8547.957536980372,3,6
Stowe,5672,1456156.2602687865,409.85677956210765,3552.8417068629406,16407.665933024367,2,4
Stowe,5672,994690.1838197972,346.89283098927984,2867.4279055669977,5037.028109719807,4,1
Stowe,5672,883611.4377762958,406.8867770178989,2171.639600215924,14584.128382999676,6,2
Stowe,5672,1292169.8312183837,481.32734664768407,2684.596751499785,5005.004431952087,6,3
Stowe,5672,887994.0345866153,438.84802451498604,2023.465949443488,4810.808773595689,2,2
Stowe,5672,1354674.0196030708,491.90772767625276,2753.91896362857,13073.644228553321,2,2
Stowe,5672,543134.8642876468,441.15204229323444,1231.1738634695569,13909.935493206933,6,2
Stowe,5672,586154.5371473479,337.91557540160125,1734.6182887566608,13333.60451331235,3,6
Stowe,5672,746152.7843028834,260.96276432427265,2859.2308417445834,3632.6524965921626,10,3
Stowe,5672,902164.4967352275,429.0069163126835,2102.913641787726,6048.866837036603,2,2
Stowe,5672,957576.2800065887,406.17418464905955,2357.5508148897957,13108.156851859732,6,4
Stowe,5672,572481.0974620548,358.145173488868,1598.4610148036768,8201.906653965383,8,6
Stowe,5672,1110542.9351334798,312.59231714344435,3552.6878756392043,4200.593538357617,5,2
Stowe,5672,1125514.8598976415,373.39085368474684,3014.307524650594,10532.148118045092,5,4
Stowe,5672,867274.7939099482,407.3975389937018,2128.8169684386726,5209.88189334624,3,2
Stowe,5672,933707.8149322252,461.55434549102245,2022.963978248118,23480.175061786304,6,4
Stowe,5672,1249423.8071341256,431.51357206037807,2895.4449825724237,20213.413508967184,5,6
Stowe,5672,1913787.0563072688,520.8614009405346,3674.2731422437673,11494.860213350934,8,3
Stowe,5672,1007022.4246054832,354.4528670881666,2841.061585643759,18102.418797089358,4,2
Stowe,5672,1830257.353616565,475.0991330194472,3852.3693823319336,8317.122584062829,6,1
Stowe,5672,751158.62395264,422.6172666849809,1777.396910080709,12663.249246209944,6,2
Stowe,5672,845061.6929293546,463.3666426867684,1823.7430472538538,19415.538883956197,3,4
Stowe,5672,652088.5408919102,392.1631354168871,1662.799182280891,9269.604839248854,5,5
Stowe,5672,1217607.5632217845,487.09799281491706,2499.7178826077397,6864.266854070749,3,2
Stowe,5672,1024917.1032871297,438.22321763879967,2338.80146471816,2876.7706610426744,5,6
Stowe,5672,812125.2927608339,376.87165597936735,2154.912103035139,7610.747752515528,1,3
Burlington,5405,382322.3139227471,243.81315313690214,1568.095523165116,7824.318854083449,9,3
Burlington,5405,484514.43058919825,310.2178041248935,1561.8524280254817,4829.835858989028,3,3
Burlington,5405,923807.6073542249,350.85555780125975,2633.014033306295,21958.94503196359,3,2
Burlington,5405,526288.5183873262,289.1493793175408,1820.1267442782978,3277.723086035218,6,2
Burlington,5405,670208.4174017994,359.01405100308665,1866.8027491660407,12310.351177303328,5,1
Burlington,5405,600085.3736692766,316.65367663645344,1895.0841816949055,7528.704375262183,5,4
Burlington,5405,747650.158786932,387.38886399242557,1929.9732859681544,25026.6343239525,6,4
Burlington,5405,644515.1108828195,397.37103728623106,1621.9478784473356,9815.475778937118,4,4
Burlington,5405,459912.65084214724,300.92877469528776,1528.3106486172424,6446.2477630669055,4,2
Burlington,5405,576225.7533089354,333.7679312420841,1726.426356074919,6895.142806401708,7,2
Burlington,5405,749719.106229405,339.0501586663564,2211.233609736101,8193.863810845694,3,2
Burlington,5405,791355.8655674631,360.62500305218816,2194.4009951327234,4030.003017356444,4,7
Burlington,5405,515638.8746514891,330.6818440951081,1559.3201860310937,5049.654507594051,4,4
Burlington,5405,680919.7301212123,339.38458653815366,2006.336637343615,2741.41760354425,3,2
Burlington,5405,501453.5417192635,317.92247482677817,1577.282455392571,4598.156225747536,2,5
Burlington,5405,560571.7375441259,335.67385483571354,1669.9892752102558,8463.69153988208,2,2
Burlington,5405,579901.3841219019,394.2121988491182,1471.0386584050254,9578.744903608951,3,2
Burlington,5405,572744.332506949,361.9482130654014,1582.3930380986803,2439.623501369967,3,3
Burlington,5405,844461.878977119,364.6789985020693,2315.630684645327,7367.765855313956,2,1
Burlington,5405,619819.7777001346,365.75872722825255,1694.6137755814493,11217.639695819955,1,3
Burlington,5405,552155.8316830317,322.35715763438924,1712.8697738093206,7255.024226792135,3,1
Burlington,5405,398721.24963182537,345.75050393549066,1153.2051149409688,5469.3968989028335,9,2
Burlington,5405,423425.10370669054,276.2587862039332,1532.7118081019864,6247.271788765495,5,4
Burlington,5405,612314.3079011857,392.77026935323596,1558.96297576053,5783.352481800935,4,4
Burlington,5405,258717.14605484923,192.22598192095617,1345.9010247700771,5459.751119534177,5,3
Burlington,5405,542186.0500790044,325.656546747162,1664.9014291119247,8879.414825707026,5,2
Burlington,5405,574803.6961457139,386.43921683704144,1487.4362412035018,31946.23962635415,2,1
Burlington,5405,443396.77827554033,262.46467469104897,1689.357925204484,5120.343832269251,7,3
Burlington,5405,597028.4842803797,349.7573069124049,1706.9793038802839,6609.816959864503,3,2
Burlington,5405,386332.9159604785,296.2751243433478,1303.9667667568485,7755.659058963625,2,3
Burlington,5405,467204.14851564827,311.71589798784436,1498.8139890570076,5296.408138355955,8,5
Burlington,5405,636115.8273484355,376.7898208173293,1688.2510943861976,15461.963245255587,4,2
Burlington,5405,756499.5635422186,339.77292657514846,2226.4857037539796,1928.8236661569317,4,5
Burlington,5405,404829.88942997984,229.27853914112956,1765.6684788138493,5817.124336934957,6,1
Burlington,5405,395242.75784500455,281.6413296982147,1403.3549630962063,13071.441123217024,3,2
Burlington,5405,692038.9059191528,378.2447298661866,1829.606208033562,6705.881362538592,3,1
Burlington,5405,893735.0990544237,352.19064430832157,2537.6457708286334,4888.757427395882,2,2
Burlington,5405,867313.2959902302,416.49484422987575,2082.4106420667586,10421.756522580074,4,2
Burlington,5405,784692.8497418712,413.2534839894852,1898.8172638414756,13780.402620725159,3,6
Burlington,5405,621445.018355103,313.0304061608195,1985.2544868623254,9077.717721932571,9,2
Burlington,5405,1077228.3754672024,453.8690067808169,2373.4345358977534,4946.643796899318,1,2
Burlington,5405,717607.8371977883,331.1816334991553,2166.8104889023643,10518.793697228253,6,1
Burlington,5405,538662.262494729,282.3222395551581,1907.9696425739394,6285.289867570465,2,4
Burlington,5405,645897.4338691055,298.60767801682306,2163.030228019511,12510.317086698264,5,3
Burlington,5405,275801.1092499888,218.2722625511476,1263.5646234956698,19480.167029626828,3,3
Burlington,5405,465794.75076993246,409.5102093228023,1137.4435610291782,1675.4729577680096,5,3
Burlington,5405,704228.9521073458,408.90354202872055,1722.2373487238763,8551.288946792267,5,4
Burlington,5405,471190.37142350595,279.7069515622153,1684.585845263481,2823.567565414252,4,2
Burlington,5405,460629.14453530154,318.6907532043934,1445.379697728084,34622.87853481148,3,2
Burlington,5405,681334.7527993494,334.7021431996241,2035.6450254128954,6040.983449165847,2,2
Burlington,5405,293561.93532974407,282.4368455077,1039.389654710404,12519.225300179925,3,4
Burlington,5405,352175.91645470465,243.10034741121825,1448.6853688406245,7832.26253848102,2,5
Burlington,5405,468740.93534544605,319.55824522225987,1466.8403721500795,4941.113908087213,3,4
Burlington,5405,345473.35674010444,314.0780130991999,1099.960335749413,4600.705739572645,2,1
Burlington,5405,747703.2828664447,310.7453914216401,2406.160488642327,20714.812944620888,2,4
Burlington,5405,401984.08482629526,340.9934428764661,1178.861626884493,14196.626667895925,4,4
Burlington,5405,572801.6153859161,400.72479025857325,1429.4139751531416,25676.906138894083,2,1
Burlington,5405,654463.8976908446,314.9682742924982,2077.872443378442,8270.6536348496,4,4
Burlington,5405,658594.3150388519,338.40616144321325,1946.1652596102874,9508.568261930483,3,5
Burlington,5405,459341.4876345614,365.9468200080175,1255.2137701988986,6815.003660597594,4,2
Burlington,5405,701920.8892669937,357.39758121921176,1963.9777271924702,6734.154204116057,3,4
Burlington,5405,533311.8906230243,299.5588004456919,1780.3245634231012,4281.525546542104,5,3
Burlington,5405,993231.0019715278,334.7402338970908,2967.169468719667,8413.584956587216,2,2
Burlington,5405,654105.4863283163,357.0707571691774,1831.865178526524,4982.309730145839,4,6
Burlington,5405,438171.86988527287,274.1216863742353,1598.4575160064994,10428.96358031946,4,2
Burlington,5405,524678.0340711147,392.5094951088786,1336.7269852301886,8859.12209237295,5,1
Burlington,5405,551046.4785167658,400.8272086580251,1374.7731356902561,9507.21294500394,5,3
Burlington,5405,396292.3699981238,294.1956298666471,1347.0369025459524,21856.962168318012,5,2
Burlington,5405,792159.3307971634,339.5557943931518,2332.928325410841,7820.987081290747,4,5
Burlington,5405,601738.3595437857,361.7598834530611,1663.3639799971413,12597.240013201179,5,2
Burlington,5405,577828.5306674874,302.96455452543023,1907.2479669201225,27394.63578975343,6,2
Burlington,5405,855482.0090543006,353.8077180992551,2417.9291894766093,17521.20362589853,4,3
Burlington,5405,310420.7340826242,338.0504188511439,918.2675623878282,15980.08661846029,4,2
Burlington,5405,586614.3891436087,257.3146558386788,2279.755061877943,6655.400380307096,3,4
Burlington,5405,592177.534219236,352.69641891501675,1679.000699924665,9181.837748088126,4,6
Burlington,5405,508652.0883722129,275.517901035457,1846.1671145888752,3627.25355850888,5,2
Burlington,5405,506766.7163685257,376.4563147444389,1346.1501282361257,10791.838804909752,3,3
Burlington,5405,406853.02594160684,296.74807223071065,1371.0384801600114,9432.089463067561,8,4
Burlington,5405,602490.8703000903,321.9870968182248,1871.1646406136008,8113.03978106221,5,4
Burlington,5405,1195929.1591685107,397.891630960495,3005.665528278602,14816.751734339221,3,4
Burlington,5405,754454.7357362094,354.53865778576846,2127.9900489500133,3875.8951718839144,3,3
Burlington,5405,628344.776395571,276.5408986136981,2272.158583216691,21335.220514068857,2,1
Burlington,5405,441508.0505775904,279.736196870014,1578.301469447472,13742.598035102748,3,3
Burlington,5405,427991.99450859585,300.3072088256744,1425.1805548798573,7668.040860620757,4,4
Burlington,5405,476115.6459465596,349.5031062277799,1362.2644190070894,7317.024739459106,7,3
Burlington,5405,509603.68536124646,347.7042284900049,1465.624066679694,10673.972172034893,6,1
Burlington,5405,285701.6894799209,288.24022987955897,991.192969833882,19924.54285086275,4,4
Burlington,5405,376023.2139306945,272.1983829047745,1381.4307414979828,8502.890571262202,3,5
Burlington,5405,495037.1815506075,343.90711142642596,1439.450261721365,8722.100420861058,5,2
Burlington,5405,508697.62068057386,320.96874511368304,1584.8821058897795,8087.443132364138,3,5
Burlington,5405,747422.6508943475,436.7424789571695,1711.357806730876,23304.72219384432,4,1
Burlington,5405,601507.8318023944,331.7817162834179,1812.9625662933408,6411.618145802804,5,4
Burlington,5405,692507.352355549,419.76735083343897,1649.740864744699,7859.6099655664,2,4
Burlington,5405,389530.6722048085,272.0412786200267,1431.8807578789724,19249.843565561427,10,4
Burlington,5405,255532.03793273837,252.10303894992356,1013.6015773435239,8737.709128340788,5,4
Burlington,5405,393698.72894777,274.5308263230824,1434.078402854638,15826.35926250956,4,3
Burlington,5405,504905.0159180613,388.82657309793007,1298.5352618656948,4630.540072103059,4,2
Burlington,5405,775638.4961796614,416.88912623267635,1860.539043531584,7072.867811454758,3,4
Burlington,5405,605389.9372727115,291.25563683688745,2078.5518311247292,19493.907185952598,3,2
Burlington,5405,643168.5831692411,307.17405407403584,2093.824574826307,5331.5271253847295,5,4
Burlington,5405,544461.231436621,272.11070535857726,2000.8813351137746,7305.752984260479,3,4
Burlington,5405,384854.1823277963,240.3019799469519,1601.5439507104984,9332.031038801915,3,4
Burlington,5405,531234.7209327164,365.5281461873032,1453.3346514456978,4419.156456295547,3,3
Burlington,5405,468474.3197377486,341.00850140526376,1373.7907348561994,6241.093893772746,4,4
Burlington,5405,375421.1792299339,330.48910794643484,1135.9562848007129,8559.343992058972,3,2
Burlington,5405,553123.6996811073,260.6735016648299,2121.9022882974327,8227.239853373856,4,3
Burlington,5405,651714.611876898,411.1404759454505,1585.1385353831388,17247.250753762946,4,2
Burlington,5405,369910.17625127174,305.0561065718723,1212.5971855086257,20172.410592423574,4,5
Burlington,5405,479973.1725345942,356.3821067095039,1346.7936899700537,4786.457702245464,4,4
Burlington,5405,343941.57894281414,257.97575596670976,1333.2321777833952,8552.320530327886,5,5
Burlington,5405,536524.5532125714,320.5398604771615,1673.8153951084,11989.011557511612,7,5
Burlington,5405,744711.036756048,344.3917243987568,2162.3952725814574,19870.77424159907,3,5
Burlington,5405,525447.1785385747,346.1587514551575,1517.9370052894437,12311.52382455335,4,5
Burlington,5405,318349.62991884735,337.6244069717684,942.9105933845216,9525.663550065747,6,2
Burlington,5405,559818.3132056016,354.44663800520004,1579.414933531937,11933.708715732379,2,1
Burlington,5405,436366.0595394237,274.0143247684206,1592.4936037859059,11985.563001350212,5,1
Burlington,5405,531815.8853467638,339.73905579253875,1565.365760218974,4585.1048170526965,4,5
Burlington,5405,475043.18717152753,335.6004934226981,1415.5020522368468,8981.086060798005,7,4
Burlington,5405,596972.9499506317,341.43675534057667,1748.4144299437316,19200.534903309774,4,1
Burlington,5405,561538.2604570877,333.5507627038216,1683.5166434792684,7064.113146136914,2,2
Burlington,5405,439311.93593656865,266.9516971487695,1645.6607717003744,8646.110159066668,5,3
Burlington,5405,486032.9454218971,264.7448423694903,1835.8542552589818,6916.650854877809,4,2
Burlington,5405,327738.50612819724,220.3736890055512,1487.1943543130574,1995.9614105602086,3,2
Burlington,5405,543146.5618698294,370.43427933204794,1466.2427107156748,8099.445868327538,5,7
Burlington,5405,867320.0917916646,370.93532227309856,2338.197630995913,9588.04202908458,7,2
Burlington,5405,707922.4334075364,371.7219434391845,1904.4407947989648,5882.286266374463,4,3
Burlington,5405,702804.5778482439,345.15472258701084,2036.201540516579,4001.4603114152533,7,1
Burlington,5405,504850.4284149457,224.39019775943328,2249.8773718992456,4716.550309773372,6,2
Burlington,5405,527207.2123600519,279.15245085384237,1888.5996191238355,12653.756294360866,3,2
Burlington,5405,706758.8636399528,338.4047963014799,2088.5013196157884,26126.66409069775,5,3
Burlington,5405,375642.866302433,336.6775313071813,1115.7348838930986,18336.645542909213,2,2
Burlington,5405,555798.9354540787,318.94496581593415,1742.6170500362591,3570.9581130198517,5,1
Burlington,5405,550888.4783364047,348.22974141654515,1581.9684903864757,13359.368887194529,2,2
Burlington,5405,832571.048357806,330.5467070977351,2518.769754713163,5373.847412815461,3,4
Burlington,5405,701496.653648036,335.94759457769743,2088.113339611351,5641.112535782287,6,2
Burlington,5405,421984.7468687939,298.33914181881295,1414.4464728837804,6063.311984587345,2,2
Burlington,5405,688119.5862519003,378.5751247635812,1817.6566320400173,12220.09480129038,5,4
Burlington,5405,532974.6059282817,308.64874384256007,1726.7998544006678,14224.894558102676,2,4
Burlington,5405,489945.3163310609,264.1088583113526,1855.0885398681867,7543.022010811372,4,2
Burlington,5405,374554.938796243,291.80901836103067,1283.561902575738,7620.173184576684,3,1
Burlington,5405,566609.2271435397,312.7224916254431,1811.8595314282165,10569.788472519554,5,5
Burlington,5405,593058.3915542328,379.1686650117103,1564.1018002790836,11248.539133227972,4,3
Burlington,5405,582659.7315357658,327.87792428347075,1777.0630115128472,16202.684943118093,6,2
Burlington,5405,443162.06865918613,320.7565008281857,1381.6152362148612,3701.79692207984,7,4
Burlington,5405,383635.49597107054,268.1667794596614,1430.5854615701135,8096.711127336574,5,2
Burlington,5405,819090.2802334691,368.8478535249098,2220.672487058821,4214.904424657475,6,2
Burlington,5405,379006.486425914,297.70130216053553,1273.109938301629,7759.176242487936,8,5
Burlington,5405,421489.4838144021,325.01907110776915,1296.814621916895,6984.800066753161,3,5
Burlington,5405,659160.6788820177,403.23240148180633,1634.6917471406591,7778.720537549515,5,2
Burlington,5405,484889.688860537,355.1514954519509,1365.3038071640012,4951.03085687803,7,3
Burlington,5405,330982.41306184547,249.3787517813136,1327.2278038831957,3277.4565049127477,4,5
Burlington,5405,412054.2570279309,242.38720609661624,1699.9835249707232,2276.8183904650914,8,3
Burlington,5405,371441.5241189271,326.78692211612287,1136.6474573512348,7394.477583579467,7,3
Burlington,5405,347434.61549299123,269.94479689646414,1287.0580188520837,6177.050413583126,4,2
Burlington,5405,1001958.0635608633,362.07014554746905,2767.3037279719656,5332.813407882342,2,3
Burlington,5405,616796.7313651227,332.0618315319742,1857.4755445981796,17689.488964635922,3,2
Burlington,5405,464617.95716864493,338.15580183522064,1373.9760035081338,4776.837084123802,5,4
Burlington,5405,542312.6802078815,294.98939285302095,1838.4141713125591,18719.055036635054,5,5
Burlington,5405,794135.07083638,416.1606547102432,1908.2415933560706,21194.62873969436,6,4
Burlington,5405,999345.9655905538,470.6655978647417,2123.2611223855424,2481.594411855212,5,2
Burlington,5405,507185.2765961016,316.1813098052996,1604.0963234304388,8455.950689075176,5,1
Burlington,5405,734417.0635998573,347.4438541199247,2113.7719228337933,6294.168986954262,3,2
Burlington,5405,333034.6515365953,334.7917201036397,994.7517562068127,1394.2535393944916,7,5
Burlington,5405,403244.17876541667,317.11666885055257,1271.5956566617865,3362.406002326527,2,2
Burlington,5405,498201.3107923534,288.7862561643314,1725.1558900672064,12735.625272183952,2,3
Burlington,5405,496772.8400965405,276.2689669756601,1798.1492656766886,26868.67455384193,8,1
Burlington,5405,360923.8268287538,273.76304554418147,1318.3803756687307,13750.132044452588,4,6
Burlington,5405,618450.0647144642,350.02755768456774,1766.8610688984356,9714.513702181663,4,3
Burlington,5405,431054.33452201285,304.24845186407197,1416.7839865117655,7898.257082794436,2,2
Burlington,5405,312667.035799699,202.35610623586942,1545.132695107552,21955.97452624777,3,4
Burlington,5405,753057.4089048428,351.9884800576243,2139.4376565436437,29031.604962627727,2,5
Burlington,5405,681863.8180723994,328.0762386937954,2078.3700178567515,5625.64683273358,2,2
Burlington,5405,511871.62084039487,396.6242535408505,1290.570650359067,2409.573125568359,3,2
Burlington,5405,442967.6156719241,348.4378796052181,1271.2958079466237,2271.7013944382147,4,5
Burlington,5405,383670.8046014018,256.7823110138237,1494.1481096832529,17682.406053970684,3,5
Burlington,5405,361232.2027764007,219.61103982874926,1644.8726942784224,7777.278091068046,8,2
Burlington,5405,413507.7515097784,294.35935460100166,1404.7719056534827,8929.734721025605,5,3
Burlington,5405,642299.0890551716,299.02999565905736,2147.9420070871306,2732.0464558618983,5,4
Burlington,5405,680289.9289252289,376.65213623310376,1806.1491320049456,5091.27450947025,4,3
Burlington,5405,603979.9848948383,329.53092877086146,1832.847639363206,6700.305037458049,5,4
Burlington,5405,465804.4368999912,386.08247905763477,1206.4894476355023,9062.495935628127,5,3
Burlington,5405,586177.6904220436,264.3967254914703,2217.0383893084722,6298.341333470315,8,9
Burlington,5405,309058.3264193544,377.7462433371025,818.1638649508668,4293.257731365392,5,3
Burlington,5405,745873.2363057369,365.6557186436401,2039.8237967464918,4996.318524413011,5,2
Burlington,5405,481227.1171374307,230.07649353765726,2091.5961893285153,16517.74922330938,2,2
Burlington,5405,587709.180096419,395.4336313621226,1486.2397466598331,9265.634245281204,2,1
Burlington,5405,761660.0154163585,334.59577477922153,2276.358737401659,11550.579696172987,2,1
Burlington,5405,569477.5811264195,349.3744387412236,1629.992117277426,4665.137250303522,6,3
Burlington,5405,482993.1098076639,287.161534467299,1681.956153019044,1359.5414182729724,7,2
Burlington,5405,708583.412994662,393.08898852807954,1802.6030585286815,5844.955359714214,4,4
Burlington,5405,996380.0319212326,271.27564603815756,3672.943172278289,4756.438667041053,7,3
Burlington,5405,860124.6310509647,371.1548104954277,2317.4282178987432,9863.577208376253,8,2
Burlington,5405,731223.3269667652,370.58637732383767,1973.1522034005698,57447.74602760237,3,2
Burlington,5405,371362.83882652153,281.7530960589018,1318.0435069607413,12140.429358352409,4,3
Burlington,5405,734869.3701370799,428.13806799022007,1716.4308083762046,41306.407669285036,4,5
Burlington,5405,461374.5123410265,341.42961789260625,1351.3019614078937,11253.771972326365,3,3
Burlington,5405,736895.2591147696,362.3347416916695,2033.741660196179,5482.218194825457,3,3
Burlington,5405,436292.45681234356,254.38439267445912,1715.091292454706,9857.091925520004,2,2
Burlington,5405,543526.2184521379,434.78810536391046,1250.094498323995,23285.356843778733,3,2
Burlington,5405,455173.7764375411,269.3599419650891,1689.834698941741,23979.015638163844,5,2
Burlington,5405,509790.4110787421,380.6972664329661,1339.0965894116998,5664.616075418944,2,2
Burlington,5405,482778.8333112987,280.7332764351118,1719.7064752773879,9312.445758512154,6,3
Burlington,5405,399868.7500869477,299.33283970865256,1335.8666241771168,3393.5664342342375,4,3
Burlington,5405,615259.7963373351,369.00977577913216,1667.3265499220647,13121.376792915446,4,5
Burlington,5405,760760.1311064699,380.82923533970876,1997.6410960882604,20316.92659680061,4,4
Burlington,5405,436379.2938902658,267.04715044797297,1634.0908081521832,8193.336599849386,5,5
Burlington,5405,576585.0263783531,383.94346524356047,1501.7446019366093,5360.252644092437,1,6
Burlington,5405,664996.7697035149,381.691832096865,1742.2347396072998,9929.599177575448,5,4
Burlington,5405,558926.4675973292,283.5455270525176,1971.2053771661374,10277.088093329332,7,3
Burlington,5405,513630.05012271315,409.09586196858885,1255.524921838859,8399.127578806678,5,2
Burlington,5405,455747.3341834294,257.86210326104924,1767.4071855454042,8905.513829225474,2,4
Burlington,5405,688375.2294890505,299.04656862913055,2301.8997764951946,7207.719694202835,4,3
Burlington,5405,675972.2627654754,353.67847438074506,1911.262097443261,14541.614415079635,1,1
Burlington,5405,483370.73046899744,287.72230995550217,1679.9904412826152,12443.246286554924,6,5
Burlington,5405,666536.9686514218,343.02785755524184,1943.0986550241958,4435.230792901958,4,4
Burlington,5405,633967.9219723463,341.90218105840853,1854.2377238127153,4362.682758795444,3,3
Burlington,5405,641166.5216252635,320.71066547304,1999.205485354094,6867.615048596768,5,1
Burlington,5405,370564.33033586555,371.17008085780907,998.3679974405708,12447.798950327187,5,2
Burlington,5405,357856.7377481513,318.6671683870139,1122.979626547353,8743.197679852274,7,7
Burlington,5405,726835.5440064124,341.4302409714737,2128.7966231062087,5438.761098071615,4,2
Burlington,5405,439535.40648225683,386.7151988122025,1136.5868417695808,9359.133390474446,3,4
Burlington,5405,675745.4766269312,369.105409308334,1830.7655742385612,6559.767957292761,1,3
Burlington,5405,559359.9253797287,368.87431881749467,1516.3970405228433,13568.262390897506,4,5
Burlington,5405,352519.7068542492,273.0907809984794,1290.8517291040012,9769.61054298328,4,1
Burlington,5405,643252.841267679,355.9448709207257,1807.1698563987486,6621.186802668275,5,3
Burlington,5405,498850.0311198304,286.4882630915689,1741.2581783861256,9192.177079714345,4,4
Burlington,5405,748058.3885024274,266.54572486839675,2806.4917899987736,17610.060840651837,5,2
Burlington,5405,462355.59989821026,326.4208585374524,1416.4401195739188,5684.047095074613,2,1
Burlington,5405,676957.1375977718,285.21145758908625,2373.5271483135393,10186.219023822196,1,2
Burlington,5405,667492.6483589644,369.10201930284416,1808.4231823486557,7668.839785661291,4,5
Burlington,5405,519761.13181335636,370.2858398453499,1403.6754201306615,10335.98764804137,3,3
Burlington,5405,476820.006981692,235.7985631147076,2022.1497564840377,5401.639813951857,4,2
Burlington,5405,551210.4024332582,288.97275165237204,1907.4822774167733,8547.533839996799,3,2
Burlington,5405,430597.15338250715,257.7171287800827,1670.813094266419,15551.164311034574,4,3
Burlington,5405,543486.8083196948,307.0719326403966,1769.9006341818842,4559.611182668378,4,2
Burlington,5405,502779.15232153406,352.4991473679924,1426.327286393849,3603.114029255929,1,4
Burlington,5405,428325.9397819317,317.9778294366116,1347.0308308627466,3686.097104304778,2,5
Burlington,5405,602198.8981631636,300.7795715035598,2002.126990050707,3963.169260774179,3,3
Burlington,5405,617410.9178434784,394.3228872828798,1565.7496375566946,11434.504725892795,5,3
Burlington,5405,350407.78162428504,215.88994181376043,1623.0852566840178,3441.5630051643902,4,5
Burlington,5405,694711.9509267743,391.1895928056313,1775.8957899269903,6690.605209413469,1,2
Burlington,5405,536198.2991319868,303.0301787861227,1769.455112622407,11593.15831483388,6,2
Burlington,5405,377750.5894902217,326.10395548996246,1158.374754831359,10272.156454654047,4,3
Burlington,5405,694023.3575586084,303.8678879178744,2283.9641342627833,6347.786399984107,3,2
Burlington,5405,693551.538428779,406.33601822771146,1706.8423849153126,8970.987693193703,3,2
Burlington,5405,423500.26439985225,269.0421038113753,1574.1040469144086,8531.188977357,3,4
Burlington,5405,609611.4074597468,330.5508974875721,1844.2285653835402,6992.911326729165,2,6
Burlington,5405,625548.4948973805,356.0758397931365,1756.7844402495691,7049.387336946053,1,4
Burlington,5405,501952.84181044396,250.23261250213972,2005.9449357591302,30590.759998755802,6,2
Burlington,5405,538811.0417645023,284.4391801046824,1894.292627218948,13001.023485789265,6,3
Burlington,5405,639275.4005168644,322.63582939523843,1981.414778746514,35439.67985244257,1,7
Burlington,5405,664067.4760274601,286.08407077577954,2321.2319169910293,5937.354488898292,2,2
Burlington,5405,598102.9209717835,289.6018774876226,2065.2591280156535,7602.381728656914,3,3
Burlington,5405,497364.49761927425,312.65337255970024,1590.785647208408,3597.2371141428325,3,5
Burlington,5405,452869.34505982144,362.1213528004932,1250.6010528170232,4921.9335950744335,5,4
Burlington,5405,786446.4580779227,313.0070122745278,2512.552202466816,25042.87687677313,3,3
Burlington,5405,598160.9971078974,383.34724370853576,1560.3633700903495,5848.709085659868,6,1
Burlington,5405,412795.0127462859,280.5854796683839,1471.1916426828525,25305.210465102624,4,6
Burlington,5405,287486.3259508416,268.00548175673623,1072.6882303541379,3794.012572422777,3,1
Burlington,5405,766472.578666728,425.3154290288704,1802.1273773604385,4251.875251365255,5,2
Burlington,5405,511149.8595638686,297.4040334921317,1718.7052023535919,6518.881479942728,5,3
Burlington,5405,300553.02954578906,265.08575475396,1133.7954762025902,7699.778703737788,3,3
Burlington,5405,452051.21046209545,243.7461691250324,1854.5982161886227,13919.544297890836,1,5
Burlington,5405,560211.1142314776,383.1827829980004,1461.9944817155342,10484.560977472927,6,4
Burlington,5405,1015744.7491282114,313.0769623946431,3244.393140137325,6231.7200567771415,3,3
Burlington,5405,455871.73620530823,317.4125098080211,1436.2122541453411,7385.0084320916785,4,3
Burlington,5405,478369.26868810493,322.0902316841635,1485.2026594745853,6606.1682096653385,1,2
Burlington,5405,505782.11485833087,380.1061145481732,1330.6339874578102,4621.176380449435,6,2
Burlington,5405,731810.5880696255,321.0840811024449,2279.1867649026626,4695.77787127234,4,2
Burlington,5405,672802.8897993305,445.9901138102103,1508.5600980062077,14822.879163517473,4,7
Burlington,5405,464977.13142902765,336.59054649310116,1381.4325336037266,2671.23946800948,2,1
Burlington,5405,755876.9409275153,382.5235679329856,1976.0271112496198,21112.320080315036,7,4
Burlington,5405,433674.0782782571,369.8257493869076,1172.6443575040312,6511.9894350586665,3,5
Burlington,5405,635331.4603481909,328.1660216601683,1936.0062237220498,5032.598131248054,5,4
Burlington,5405,777851.7044173704,300.9175775614242,2584.9327603954707,12469.642819501452,4,4
Burlington,5405,660896.8539702132,346.4007206263659,1907.8968795883902,19503.06225909068,2,1
Burlington,5405,689905.5349163999,355.2175917504696,1942.2054282746199,15642.960486810798,4,1
Burlington,5405,620834.3425945895,301.6295672549535,2058.2675241178426,10810.877155144246,4,3
Burlington,5405,858702.8666461576,338.2030253396607,2539.0159233015543,15356.819393057613,2,3
Burlington,5405,876495.0055375738,391.15658350144787,2240.77784321462,2856.3454567078375,6,1
Burlington,5405,799248.1720018121,432.4230983191233,1848.3012935908805,5849.424128273765,3,2
Burlington,5405,772713.2838271741,372.25743669535484,2075.749757175546,4630.845689159178,9,1
Burlington,5405,560186.4645542833,422.1682220572353,1326.9271235634033,16680.23991814413,6,7
Burlington,5405,600798.9564643081,298.8188087292309,2010.5794512041941,6355.717047672311,4,3
Burlington,5405,469685.40856861725,364.7100130068008,1287.832502037335,13285.662892035802,3,6
Burlington,5405,598583.0759272053,396.22069233698437,1510.7314875370325,11033.716345135615,1,5
Burlington,5405,218835.57058718897,285.6055335178846,766.216143965171,4768.622027213095,3,2
Burlington,5405,560080.8757525091,305.9354746092763,1830.7156973796946,5625.256886135784,7,5
Burlington,5405,586421.6652510905,415.98846513941663,1409.7065529318318,17387.16266697836,5,5
Burlington,5405,615849.9679198521,281.70699458339755,2186.136587877777,5023.625843008889,4,3
Burlington,5405,481204.7998878371,263.5900984686893,1825.5799541916301,8622.388270095258,5,2
Burlington,5405,889568.5630946858,405.59821197807446,2193.2260469204766,5002.394860602005,3,3
Burlington,5405,491545.7764390833,389.20439420201933,1262.9502229718992,6626.456717113808,3,3
Burlington,5405,754271.0185371268,351.3580075360987,2146.7306916568073,7781.463066247818,3,3
Burlington,5405,918677.5282250893,327.70752334342745,2803.345858075841,5001.418816602182,4,5
Burlington,5405,617913.8078192169,308.26501033282864,2004.4889530344865,4495.93371460337,4,1
Burlington,5405,693923.0063320938,343.9252004836159,2017.6567618666004,9499.180614166675,6,2
Burlington,5405,705154.1362757719,408.16333526006844,1727.627337782485,4819.157385071467,6,2
Burlington,5405,496380.9261219535,341.77794969646516,1452.3491833302649,4918.713478795857,3,3
Burlington,5405,875762.5433151494,437.2247324120222,2003.00321183539,4554.016794350063,1,4
Burlington,5405,324459.79366280744,285.525912449744,1136.3584862719465,7634.64708188862,2,1
Burlington,5405,490760.41119484184,328.99589122414517,1491.6916116149498,14092.778771377814,4,2
Burlington,5405,331292.48901280854,311.5052747146407,1063.5212816742646,19754.05375033695,3,2
Burlington,5405,383668.6493309842,276.2603767504088,1388.7936223210718,5175.26574789695,6,1
Burlington,5405,626802.9864058769,322.3930440928206,1944.2199448490992,29067.712371358928,3,2
Burlington,5405,658798.5637641826,350.6259224503343,1878.9214418608783,4378.1165708588815,3,3
Burlington,5405,596915.5502282551,355.9170348718157,1677.1199233080697,15326.30534490671,6,2
Burlington,5405,755811.8525892986,437.3976158229503,1727.9743310151832,5188.391204560117,8,3
Burlington,5405,364758.4873537021,352.9590496477025,1033.4300472470586,4744.032819401578,5,4
Burlington,5405,583687.9225699991,386.8965961665245,1508.640624790541,5117.099873486884,6,4
Burlington,5405,465391.37626120687,333.241367767691,1396.559434918777,7752.1709125683965,4,3
Burlington,5405,580039.1933218418,413.0262009722015,1404.3641588754342,11329.668820557124,6,3
Burlington,5405,863125.0789660473,448.6824466148243,1923.6880904926622,11957.54385840176,3,1
Burlington,5405,475740.82406151865,356.2563241002201,1335.3891338296237,4540.560817332506,7,2
Burlington,5405,399796.950987959,280.8378457007163,1423.5864471557556,4417.8182656637355,3,2
Burlington,5405,297578.0795494962,302.8066209951327,982.7330676309072,4615.675951815273,2,3
Burlington,5405,529133.5557293113,343.92447930429114,1538.5167022704256,7482.963476690885,2,7
Burlington,5405,444799.6889887992,352.56459850374836,1261.611888648174,7052.260326773463,9,2
Burlington,5405,615714.6156379171,364.5389012389217,1689.0230742051115,4523.7272389997825,6,2
Burlington,5405,460505.8994016898,352.7477143313215,1305.4823056037026,9404.64539459101,5,4
Burlington,5405,561456.3643918157,330.31572192254583,1699.7567088964327,31093.003520227816,2,5
Burlington,5405,476698.65476862865,298.48104005348006,1597.0818604867386,5909.801623309418,7,2
Burlington,5405,879885.4436933352,349.8245388104037,2515.219334485313,6167.752129693826,2,3
Burlington,5405,790880.0199416768,421.7835267521839,1875.0851320145396,11192.439255573781,6,3
Burlington,5405,397740.5042442599,380.45187628994944,1045.4423516658767,5721.046634071242,3,2
Burlington,5405,430213.02097096527,356.4354393392185,1206.9872226188286,11951.063027660748,7,2
Burlington,5405,639549.7356553249,380.928929678069,1678.9214098173688,5198.218223862037,4,1
Burlington,5405,408961.3823706675,311.60400035753787,1312.4394484712027,24015.83264112713,7,2
Burlington,5405,240316.41870483346,304.81316246203306,788.4056474587668,9838.53212093924,4,3
Burlington,5405,679777.4108438544,292.9580023668536,2320.3920198520823,5514.758004508286,7,4
Burlington,5405,641901.8989831639,323.7688759627153,1982.5929749253733,5619.409133543778,6,3
Burlington,5405,583008.8483935747,309.0826071394357,1886.2557611679629,5877.677436309521,2,6
Burlington,5405,554510.8126092753,389.77416242594796,1422.6464092899569,18230.41478714322,4,2
Burlington,5405,564704.4982295593,306.4436297801112,1842.7679460485547,3736.6554144708857,4,2
Burlington,5405,403010.9847990937,290.2388872945897,1388.5492345828952,5358.459566161252,3,2
Burlington,5405,742692.5325680006,426.11882875481155,1742.9235284868046,5711.291655891887,5,4
Burlington,5405,404680.607719595,307.6289572500134,1315.4828184484163,7925.05105192339,3,3
Burlington,5405,816634.4115266181,337.56896775583476,2419.1631622883465,6799.001247939143,5,1
Burlington,5405,393978.94571435265,352.3084488720876,1118.2784488299183,3269.7215973040743,5,3
Burlington,5405,616763.2957020242,273.70880573245483,2253.3556932943497,6293.692437863766,1,3
Burlington,5405,653992.0594805663,391.12088691343916,1672.0969944653057,7536.147665559466,5,2
Burlington,5405,529671.6987412157,361.5045254646739,1465.186910344709,5488.103999729001,3,1
Burlington,5405,702866.1756989186,407.10299586004527,1726.507008905804,12079.464174513332,4,2
Burlington,5405,589475.4401097203,296.35157060642155,1989.108540587391,13888.853319016962,4,4
Burlington,5405,780392.8161378796,334.8762806615038,2330.391434700352,7632.454786847231,3,2
Burlington,5405,594382.5114111345,331.91793277131524,1790.7514259576087,9186.789183745035,1,6
Burlington,5405,454636.0559579471,343.03129297210154,1325.3486351605895,2187.606323879015,2,3
Burlington,5405,433162.29576509056,257.97311571179915,1679.098593548826,6213.845070828832,6,4
Burlington,5405,874837.7007189502,335.45590198156094,2607.9067190388487,14619.182800117322,5,3
Burlington,5405,601550.8292988074,259.36645547212606,2319.308517378631,6205.149995995843,3,1
Burlington,5405,722630.1290319025,347.7059240209272,2078.279600978009,5140.1616883238385,2,2
Burlington,5405,453793.99082832277,224.61144725739362,2020.3511280006014,31376.364837367128,2,2
Burlington,5405,470053.4779330969,238.3247838433703,1972.3231061106144,23828.631355787948,4,4
Burlington,5405,819627.3819731501,370.48447799455596,2212.312338724199,10590.80836084661,4,5
Burlington,5405,447469.39890858735,302.90395724090666,1477.2649488785132,15843.952924506953,4,3
Burlington,5405,331690.1542810737,281.07547071653545,1180.0750646632669,2104.0841533290113,6,4
Burlington,5405,661878.570480363,392.8711394379448,1684.7217930725826,4987.379778193546,5,1
Burlington,5405,467280.83698027924,346.1860234397786,1349.7969454031581,6034.341998945431,4,1
Burlington,5405,474628.9925690069,373.13454027304243,1272.0049776729209,6943.829908814449,1,2
Burlington,5405,444979.92829723866,321.74176550944435,1383.0343959002637,5962.412190199545,8,3
Burlington,5405,1425873.4483926182,462.5995620189276,3082.3060924866973,1732.258012098616,4,3
Burlington,5405,514053.56259928155,300.0492842146627,1713.2304246108945,10085.072022272538,5,3
Burlington,5405,754660.4714646343,416.3146794633424,1812.716458707251,11085.456440700513,5,3
Burlington,5405,398821.15110599797,326.9326571622348,1219.8877731204739,20917.38887495125,5,1
Burlington,5405,259085.8048626715,248.0791807485962,1044.3673833526136,4985.112559585022,2,3
Burlington,5405,477475.4488188121,353.8688400951755,1349.300629833335,4746.196910870826,5,2
Burlington,5405,819778.2492666321,345.5493303605041,2372.391370029209,1602.3172297358274,4,1
Burlington,5405,500347.66784435476,277.9343011433222,1800.2371991729829,6708.003996388393,5,2
Burlington,5405,546816.7915259178,284.32429576857874,1923.2151443399362,13737.215507390243,3,2
Burlington,5405,654768.208201533,328.7475778066868,1991.705041813436,5542.14064623623,6,1
Burlington,5405,496034.9105471693,347.2809429896065,1428.3389876708977,28948.21177861514,4,3
Burlington,5405,486557.56350842776,207.68328548224264,2342.7863363131814,6858.471751747076,2,3
Burlington,5405,540133.505562466,382.09477285339193,1413.6113444548816,8737.61188172175,5,3
Burlington,5405,718984.4133647017,305.4945755370408,2353.5095904756113,3530.9949732177083,7,3
Burlington,5405,488373.5568918813,264.0544923859701,1849.5180766628375,9504.579630183978,2,1
Burlington,5405,398670.5128726481,376.5485594973891,1058.7492710230708,2439.6379929869595,4,4
Burlington,5405,451601.40773281245,328.8010162996938,1373.4793548241018,12129.740320485962,3,1
Burlington,5405,413510.94222778094,390.1647332047261,1059.8367997827336,12355.464655336524,7,3
Burlington,5405,778833.2625352818,351.6466662323145,2214.8177057385997,18083.79794587303,2,1
Burlington,5405,542908.2037663996,329.89503891933504,1645.6998127187658,4338.203448357703,5,5
Burlington,5405,305848.4463774817,322.4105550082347,948.6303770968974,8809.043045553488,3,1
Burlington,5405,643674.7830867065,353.86210944010634,1818.9988866147678,11220.3767427018,6,6
Burlington,5405,448103.0646537856,309.5020635796028,1447.8193116749128,10431.296067109683,3,5
Burlington,5405,328837.87326937047,287.7714934336977,1142.7048223076843,4760.068108259895,2,1
Burlington,5405,907218.3642589444,360.15775698035293,2518.947174330704,1904.5626610036404,3,1
Burlington,5405,549089.4087164644,322.81850204378725,1700.9229806846254,9851.440811938635,6,3
Burlington,5405,510308.7684869824,331.63144752499954,1538.7828033061114,7300.491938313465,3,4
Burlington,5405,575274.8123868454,383.8893996803904,1498.5431034714532,5694.149167940207,3,2
Burlington,5405,367896.7684235199,324.33362036181563,1134.315856657434,12651.917186171226,4,2
Burlington,5405,395229.50966668094,330.7141116616537,1195.079059919377,7787.265869790313,5,3
Burlington,5405,685622.7821051592,300.2900476059804,2283.2018162812556,3625.254562645685,3,5
Burlington,5405,516714.27167724265,351.2896884023987,1470.9064590741752,2510.721515529065,5,2
Burlington,5405,578253.2920699556,347.2849074520573,1665.0688805121297,4063.5768471550855,5,2
Burlington,5405,372040.89283884794,374.55431553553956,993.2895641768326,33624.29659313451,4,1
Burlington,5405,358867.0613019003,301.3057286479262,1191.0396224866809,12343.228412756156,8,2
Burlington,5405,592683.2442332109,307.310120181649,1928.6160959583099,8958.555046631167,1,1
Burlington,5405,671862.9336052345,369.1772366394046,1819.8926340127502,7173.868044510351,5,2
Burlington,5405,879038.7511250888,342.4534087079466,2566.885680716808,6896.443043268843,6,3
Burlington,5405,660492.4872529486,285.11628073502953,2316.5723316472827,16115.138854333689,4,4
Burlington,5405,616860.0029866905,394.638546859553,1563.1012426320922,5960.081148697133,1,2
Burlington,5405,458303.00863931363,245.90433989174542,1863.7451003958392,11308.942541392582,6,5
Burlington,5405,564207.5578976899,368.78856600516605,1529.8943891058336,6490.7933912112285,5,4
Burlington,5405,739964.3958874387,267.3476976722513,2767.7978988791624,25624.156524016267,2,3
Burlington,5405,934212.0017139649,423.30804551770944,2206.93183511647,12488.58024359476,1,2
Burlington,5405,437996.38321574114,253.51926421694276,1727.6650930989476,16890.910389966055,4,4
Burlington,5405,673761.4484734476,387.00122213976766,1740.98015698285,5633.864827384796,5,4
Burlington,5405,774519.7318857566,325.9294665340635,2376.341544451336,15094.390869588635,5,3
Burlington,5405,596861.7980824963,311.8248225045465,1914.0932825313928,6631.924850647476,2,2
Burlington,5405,829180.7371205911,339.1463002102001,2444.905743057411,8545.992298499641,3,3
Burlington,5405,345674.4271631352,361.24622323678557,956.8942314908479,21337.586543602185,2,3
Burlington,5405,529995.8717620862,285.20624493688246,1858.2898557476428,4279.2446382415355,2,5
Burlington,5405,421561.0064767346,289.59217864891895,1455.7057736970353,9037.568621800934,1,2
Burlington,5405,930225.1604961833,362.1225176011949,2568.813358137091,10404.565464491485,5,1
Burlington,5405,598304.8331052914,245.46420683763625,2437.4422683183443,10929.266271561197,4,8
Burlington,5405,502625.72516321385,301.0532889179112,1669.5573297665114,6104.162074592808,2,2
Burlington,5405,1167970.342774917,480.47032113959864,2430.889674943248,27971.887897485398,6,3
Burlington,5405,729412.8589385363,282.05771431117125,2586.0411608307745,3678.4166832330643,6,2
Burlington,5405,652499.2992982259,386.78107307954485,1686.999040834746,19197.36010135388,4,8
Burlington,5405,924577.8009393712,300.96807372712556,3072.0128865816014,16584.70533088256,8,2
Burlington,5405,583531.2457294558,355.1654439643071,1642.9842926613624,25027.489867131764,2,5
Burlington,5405,568698.871693212,362.3576620839051,1569.4407244561808,3084.856936743987,4,1
Burlington,5405,793347.9834880944,385.8482780862476,2056.113836824638,4749.990646781644,6,2
Burlington,5405,485124.3091620552,320.0583367149883,1515.7371438634266,19581.93342610959,3,4
Burlington,5405,724706.794612471,428.4108396374909,1691.6163821291202,2594.044002414398,3,6
Burlington,5405,708503.7847028491,300.8004920675742,2355.3943673193367,3051.2953368179183,3,4
Burlington,5405,568320.7739151019,341.56285648131706,1663.8834203747447,5968.268606337343,6,2
Burlington,5405,370824.0705290505,342.1101043985766,1083.9319440182935,8976.74922273686,3,2
Burlington,5405,498151.0900941023,274.43762691904374,1815.1705204806035,20796.331186166477,2,4
Burlington,5405,439417.7407819683,315.82060980368095,1391.3523283205527,7158.367790192719,4,2
Burlington,5405,694788.3755706743,337.9641914015546,2055.8047072660324,5553.887054762855,4,4
Burlington,5405,608127.4329482544,308.58195290978784,1970.7161329879746,9643.41697975495,2,3
Burlington,5405,1078352.4128514824,450.7847521322539,2392.1670104207715,10603.66219618841,6,1
Burlington,5405,599319.9908210727,288.4619019633545,2077.6400167298657,10424.777608944722,3,1
Burlington,5405,844553.3075404691,388.3462037628446,2174.7433072790413,7189.702664964136,5,3
Burlington,5405,521619.78444303735,372.3609066817058,1400.8446512053374,2475.3699839894416,6,4
Burlington,5405,666650.8511156132,329.28388672164385,2024.5474437051896,4612.970216909099,5,2
Burlington,5405,777787.495038135,287.14604527505617,2708.6825949251543,18757.69733748916,6,3
Burlington,5405,406975.05658071535,291.9448187895492,1394.0136299321916,8950.262884863072,5,2
Burlington,5405,790295.140125485,304.33294954162926,2596.8109641620704,6592.471197234608,5,2
Burlington,5405,348705.81524626917,241.58384237942877,1443.4153038206746,15647.99307438074,3,2
Burlington,5405,375113.19535315817,280.3029770173512,1338.2419243087027,4060.765742100853,7,4
Burlington,5405,457554.0743390971,256.59408363381885,1783.1824797334957,6988.267430148524,1,2
Burlington,5405,785418.6991018684,396.5847562197827,1980.4560986872586,8689.336504786203,2,5
Burlington,5405,749948.1040818528,360.5811053424511,2079.831951731392,6138.712561914386,1,4
Burlington,5405,480275.1423624259,368.8721810103954,1302.0096583235995,8498.581229778045,3,5
Burlington,5405,662901.1998093043,359.1145318575445,1845.9325396285205,7147.94700156203,2,3
Burlington,5405,471868.01603842067,338.2341460007361,1395.0927829663708,3455.0457990534323,3,2
Burlington,5405,459084.9674718177,402.26710337889773,1141.2441226629533,8920.288336661042,9,2
Burlington,5405,393499.93798348226,299.73999697322984,1312.804236862077,3605.391870503907,6,3
Burlington,5405,460125.8353437851,335.2496679272196,1372.487072660353,8835.790864781473,3,3
Burlington,5405,692261.0969669312,366.94605021256893,1886.547345491006,18245.583234127655,2,3
Burlington,5405,584368.5495446763,264.576088464665,2208.6975166038883,6758.680125701042,3,5
Burlington,5405,553662.653442541,483.2372157090236,1145.7367840144236,3961.2184355953814,6,2
Burlington,5405,599213.0957370976,331.38387671155806,1808.2143937819353,7413.10109979323,6,3
Burlington,5405,415819.6106629782,336.9978388509643,1233.893997898522,4856.212809517674,3,2
Burlington,5405,760017.4125333725,392.17980661676614,1937.9310196765264,11428.919521188438,5,2
Burlington,5405,531804.4459729573,375.2561716850076,1417.177080885847,7320.277910487487,2,4
Burlington,5405,422510.5879552385,331.85469060903745,1273.1794966641107,22315.901423645973,2,2
Burlington,5405,680344.1630693834,336.4108216033817,2022.3611114136181,16074.518222792807,2,5
Burlington,5405,365375.33608345664,255.52141638646432,1429.920596287097,7297.948191512131,6,3
Burlington,5405,462756.0321777603,302.4274480924265,1530.1389972921204,12290.258816431015,3,1
Burlington,5405,338009.2441425982,355.5695782538958,950.6135080578839,6318.612836562713,5,6
Burlington,5405,738373.7237969693,351.9406980148472,2098.0060787565403,8164.664803881456,5,4
Burlington,5405,793758.949724303,390.4122093793273,2033.1304468838503,6440.338004241591,6,3
Burlington,5405,537256.2986802061,324.00573987270747,1658.1690771628878,12670.98986032634,5,1
Burlington,5405,295345.1828467701,261.3055603744826,1130.2675014779809,18901.371918385925,4,1
Burlington,5405,856477.3938091912,382.2734010364576,2240.483882705479,12918.113399665355,4,5
Burlington,5405,562206.786140656,401.049960233952,1401.8372818506039,13909.937356674409,4,2
Burlington,5405,553584.0403127883,374.42906425580554,1478.4750788859335,13919.09452113221,6,2
Burlington,5405,950046.5850349768,321.8708696440731,2951.6389168288033,11136.133538017679,5,2
Burlington,5405,530052.9620596282,381.6624098306572,1388.800543115607,4038.4859066831978,4,5
Burlington,5405,996133.4508911484,499.68563856425556,1993.520273573069,22198.49410190063,3,2
Burlington,5405,639700.2716833475,335.6695213793886,1905.7442840046533,23619.863640472537,5,7
Burlington,5405,483858.2532962826,265.04493654898147,1825.5706356679011,6952.586716054737,6,4
Burlington,5405,534749.7706072548,300.9515283298915,1776.8634489906383,6404.640415469293,2,1
Burlington,5405,656633.4088300284,360.92824737304915,1819.2907139001054,11552.34600235185,6,2
Burlington,5405,444056.1157140681,250.53940822994497,1772.4002736787563,11133.173364908644,6,4
Burlington,5405,553059.0079488494,338.35468989431035,1634.553988660848,7087.083489603315,3,3
Burlington,5405,842736.6975686676,348.7949526757098,2416.1378801607757,3778.8742519367543,3,3
Burlington,5405,484161.443482704,405.95161807289713,1192.6579964900218,9610.5577147303,3,3
Burlington,5405,843990.206270915,394.81874949783565,2137.6649597932574,11137.340420684724,3,2
Burlington,5405,758147.6248224765,372.76305656014983,2033.8593416918725,12365.795460220677,5,2
Burlington,5405,439568.8032955177,222.92712103507813,1971.8049614355825,9865.237410176112,4,3
Burlington,5405,822219.4286387142,375.5579850992961,2189.3275106940478,6798.978991927243,2,2
Burlington,5405,590396.8500123674,364.889737799745,1618.014399561938,14524.585500842128,6,3
Burlington,5405,355590.867490454,342.63809491568134,1037.8030720079744,8322.399712418126,3,3
Burlington,5405,397344.43614052614,244.33179075536614,1626.2494328393059,6052.598797161531,4,3
Burlington,5405,376783.42726917384,291.52318697783187,1292.464696119782,7178.206153160631,1,3
Burlington,5405,375397.7874927271,272.21752361052665,1379.036083032718,2806.2810083538307,2,4
Burlington,5405,279457.4846704855,230.23614978237683,1213.7863013025258,7171.368113172445,4,2
Burlington,5405,484723.06376245845,329.82571312314906,1469.633944462888,12091.508792881648,3,7
Burlington,5405,414359.1764486789,290.48139518812894,1426.456851669695,9809.108128942113,3,3
Burlington,5405,420308.80622281955,459.91081234819995,913.8919871807719,19922.306736326685,4,2
Burlington,5405,634454.1592573232,321.61654847155097,1972.7037127675808,6832.267387741585,3,1
Burlington,5405,1136596.4754072784,394.00495932616366,2884.7263175344588,10716.980428428482,4,3
Burlington,5405,486167.93756648415,252.30665922329652,1926.8930081477383,12872.40209889715,6,2
Burlington,5405,478074.9131235212,303.732950895896,1573.9975255018696,32627.508339353004,4,2
Burlington,5405,546806.3811382608,334.76600882325647,1633.39875234153,8725.945564318983,6,2
Burlington,5405,424819.3794508211,285.02046623668906,1490.4872799486584,4275.620484208244,5,2
Burlington,5405,523447.818883753,309.0729660052468,1693.605965119793,13305.78354471986,5,3
Escondido,92025,802961.5664610566,260.2753710167273,3085.0462851110565,16769.67104736982,3,1
Escondido,92025,1161254.6755433953,389.11044035803724,2984.3832369927545,9493.65750864382,3,3
Escondido,92025,1105815.3722690586,366.43439691269367,3017.771752831733,7180.005281680363,5,3
Escondido,92025,329765.3602442208,212.20748910587236,1553.976071408572,4279.918722746456,6,3
Escondido,92025,612890.6496273314,237.882793735024,2576.439598695928,20818.845819773625,6,4
Escondido,92025,655634.6786004602,307.4641201318918,2132.394109332871,14498.11308827333,7,2
Escondido,92025,496590.29050309595,241.4179128236817,2056.973671484676,15311.595976730505,5,2
Escondido,92025,710379.9308208611,295.5624490832034,2403.4850605155293,13936.901650746027,1,3
Escondido,92025,961669.2548697218,288.13189704996944,3337.600816555703,5224.571781868198,3,2
Escondido,92025,834262.9538638493,285.9626285329055,2917.3845482674715,9378.744479135436,4,3
Escondido,92025,1004537.9472110951,331.6317285435927,3029.0767159784878,15356.816410942445,6,5
Escondido,92025,888036.4635666405,365.6610499317739,2428.5782249225967,14098.15100739344,2,5
Escondido,92025,909132.9241133002,304.7609433706084,2983.1018176359216,8788.081644320837,5,2
Escondido,92025,608062.5579721966,235.36817237637464,2583.4527745741702,26165.28771140418,4,4
Escondido,92025,1011649.3646638882,293.878736732836,3442.404087858778,11014.669345288221,4,2
Escondido,92025,848030.367041374,262.463589694053,3231.04003884844,17683.583858597645,8,3
Escondido,92025,1055880.117399265,373.6375964423862,2825.9471944282204,9020.759763410942,6,3
Escondido,92025,705774.988159992,317.5802660739556,2222.351523553534,6400.940428150567,2,4
Escondido,92025,886761.4698808916,305.0389152357103,2907.043742912839,14309.896117344726,4,2
Escondido,92025,910776.3443816246,315.7008199704954,2884.9349978461996,12423.037591198005,6,3
Escondido,92025,800123.0772858851,286.0146041253547,2797.4902880665722,9848.509051611136,6,3
Escondido,92025,823733.6444141004,341.6968032282769,2410.7151036581104,4815.123994107389,7,3
Escondido,92025,606402.5552612506,263.03585419603917,2305.398848057049,14673.134742355072,3,2
Escondido,92025,968580.5084171768,329.09610270353863,2943.1539919805987,4969.725761935564,5,1
Escondido,92025,780881.1926315967,356.3657141021781,2191.235468874821,12754.133299610041,7,2
Escondido,92025,643902.170433115,252.54770999285884,2549.625852680756,4142.295597970577,2,3
Escondido,92025,950347.5671636797,302.2400596488934,3144.346809181022,4812.484362118339,2,2
Escondido,92025,926750.030170508,305.6445030911742,3032.1174462413187,9532.393043292097,2,4
Escondido,92025,490600.6914394134,241.30415121093944,2033.1216391322994,11322.828369514273,4,2
Escondido,92025,668799.5178870772,228.59776440087595,2925.660798301816,9110.741395509222,5,5
Escondido,92025,1119760.0595846272,248.14423392971733,4512.537091237753,5830.748620874309,3,3
Escondido,92025,917598.6726125636,285.42293063827844,3214.873698341542,15601.510503357804,3,3
Escondido,92025,775099.4314643608,305.74431732992434,2535.122936162251,8694.897818337638,4,1
Escondido,92025,1023043.6183707464,271.7206590121848,3765.0564446955427,8984.19271411728,6,3
Escondido,92025,1745557.758659112,370.97816772725713,4705.284328059016,7278.560790163629,6,7
Escondido,92025,1118465.2307582358,331.95000605800846,3369.3785520304627,5185.228035957602,3,3
Escondido,92025,541048.97169027,307.2033327908948,1761.2080141674364,15728.07841895134,6,3
Escondido,92025,852489.2416001073,269.09598211244275,3167.974619717256,5440.181087263253,2,1
Escondido,92025,1105795.5941442095,290.6832688137026,3804.1253583566518,22151.13811953694,2,5
Escondido,92025,543288.1334685647,335.2026339272652,1620.775251982213,4876.619511054051,5,2
Escondido,92025,1123558.5621667993,327.3690557160509,3432.0854172036857,9710.43296184744,4,2
Escondido,92025,843677.4911079339,326.9023633597905,2580.824079816694,8340.892655708032,5,4
Escondido,92025,1035814.0486233114,274.56666980700584,3772.541107598347,7477.283153553546,5,3
Escondido,92025,707143.1761710477,265.10685544996187,2667.3892494059587,12044.346065112713,6,5
Escondido,92025,668860.7853137918,226.07805648322747,2958.5391688087784,12849.603941555188,1,2
Escondido,92025,922416.7510743979,310.47698506954066,2970.966594730991,11034.4278226806,7,2
Escondido,92025,721077.7096741766,222.14493897395383,3245.978562485828,4225.385903192893,4,5
Escondido,92025,871442.5377814991,287.0007197873681,3036.3775339209246,3961.642786639262,5,5
Escondido,92025,584533.9076595731,269.5354390585527,2168.6718069477743,3821.185212018656,2,6
Escondido,92025,755777.5561844255,297.2694700425089,2542.3988412814506,6910.141799941936,2,2
Escondido,92025,916153.6530234336,337.96421416549816,2710.8007730510813,28464.20899067562,4,1
Escondido,92025,1278126.496262987,346.0807005553513,3693.1458304724692,7767.413849833728,7,5
Escondido,92025,974528.416463443,317.97829519876353,3064.7639514334764,28218.879089888476,7,3
Escondido,92025,586719.5409101938,254.69208345075228,2303.642629801813,7841.256058538602,3,2
Escondido,92025,618578.2231639565,286.70628459855357,2157.532835494312,8806.010788073374,8,5
Escondido,92025,799433.5997430852,249.96664251589897,3198.161129408448,11437.58359750332,2,1
Escondido,92025,625599.4612039828,259.4404200998325,2411.341536385319,6718.265098477122,3,4
Escondido,92025,1011172.7830575922,308.4865876059855,3277.8500709052305,9168.877524244113,5,2
Escondido,92025,657719.5485308133,245.63236978189758,2677.658278975271,2879.829828587939,4,3
Escondido,92025,1048519.5103236275,268.0621317870511,3911.4794146178497,4692.545154085246,8,2
Escondido,92025,545410.4883275548,241.50821206246144,2258.35172920122,2916.4084296035644,3,5
Escondido,92025,1229745.112508878,316.075854416163,3890.6645203265907,12361.483288353405,2,2
Escondido,92025,944799.3001530084,272.1121292461643,3472.0955025797566,3530.4854305828803,2,5
Escondido,92025,467060.8393814126,192.03343437300268,2432.1850041706857,18661.167864692718,7,1
Escondido,92025,780779.3434952296,358.1624255564097,2179.958833711491,9905.15217843018,2,4
Escondido,92025,1456993.6684809213,331.397729487573,4396.51071458399,14226.231366187269,2,2
Escondido,92025,434886.93215852283,200.70858592822432,2166.757989685819,5427.334674099665,2,3
Escondido,92025,936230.1213869726,319.3783370123719,2931.4139779953375,4076.9881213943286,4,1
Escondido,92025,1046031.3423155799,353.37513575569517,2960.115855572675,6493.53719612938,5,2
Escondido,92025,761154.7749489337,279.6241602288798,2722.063695518686,15149.263447351897,3,3
Escondido,92025,970826.2453351945,294.1007676173075,3300.998678787748,28459.230403721846,4,2
Escondido,92025,589380.8238922957,273.91724054756895,2151.674800440109,10853.206520403233,5,2
Escondido,92025,1365178.7859501084,310.0970083071523,4402.424884402282,3632.936759786779,4,2
Escondido,92025,734105.8032146939,332.2519643629621,2209.485215902996,4465.148870435487,4,3
Escondido,92025,618871.0131803704,236.27373450450642,2619.2967004064803,3275.4206171851024,3,2
Escondido,92025,487453.1046837987,257.1987476945243,1895.2390283904033,7403.402440388618,4,1
Escondido,92025,1030050.8544171025,292.0561224527681,3526.893549659054,6774.052621694403,5,4
Escondido,92025,1310564.824529753,301.05608447400783,4353.224837888645,7370.4233700032655,4,3
Escondido,92025,1369309.880113944,305.2519429081354,4485.835100895765,4201.278888966929,4,2
Escondido,92025,1007351.8449808204,279.3626557691756,3605.8930002911648,3956.180667206719,3,3
Escondido,92025,617697.0770722225,249.60870138186027,2474.661635001448,8464.752607169694,5,2
Escondido,92025,896923.6981487677,330.18455097327677,2716.4314487304996,10698.33444922873,5,3
Escondido,92025,588489.0362274644,234.95528400439463,2504.685258393496,3929.599472899967,3,1
Escondido,92025,534165.4730648479,266.4280283496877,2004.9147095130468,10629.897583093805,7,4
Escondido,92025,727418.069969554,288.43863652013926,2521.9161993880957,14118.74390140471,2,3
Escondido,92025,1051673.9725927876,308.6039903906743,3407.8430783135077,1975.8088769656426,4,2
Escondido,92025,601357.3233940495,275.0756410758238,2186.152583493524,20590.92984429696,4,4
Escondido,92025,491509.2611331893,320.1655872034392,1535.172050895261,12191.806527773557,5,4
Escondido,92025,678172.8723590407,341.6421575992562,1985.0386062557668,14198.253533658044,5,3
Escondido,92025,868855.9069457082,260.7947305248407,3331.5700251963094,4335.827674947565,7,3
Escondido,92025,538198.6455328746,304.5665148084935,1767.0972328369232,12829.291713615794,2,3
Escondido,92025,719794.1630835524,298.29237715536016,2413.0491363802457,13745.167232606895,5,3
Escondido,92025,673368.5450411078,272.95558378595365,2466.9528122536963,5411.431148522165,3,4
Escondido,92025,594918.7284317372,205.41562447891687,2896.17077542608,12773.417564851115,5,3
Escondido,92025,872287.8928060291,302.9534364667719,2879.2804035471045,7363.576615976764,6,2
Escondido,92025,923389.9220433077,307.69462244381214,3000.994670330734,5523.0865671802185,5,3
Escondido,92025,875342.7816558825,334.58673370421485,2616.1909408808565,7110.503428838902,3,4
Escondido,92025,585817.3633706416,273.21287303417915,2144.179214049535,8849.892662996817,6,3
Escondido,92025,880620.4812267823,258.8857995261993,3401.578931090283,6671.7335427614435,3,3
Escondido,92025,433641.2319725168,248.20606641985856,1747.1016652710705,4974.723842876695,6,3
Escondido,92025,522523.1645298305,158.29586200755944,3300.927503113615,10127.089677349262,2,4
Escondido,92025,976620.310108184,270.2062568829573,3614.351204795444,11193.224485082004,3,3
Escondido,92025,1982276.8614322166,407.0457499044449,4869.911703776692,8732.5219553459,5,5
Escondido,92025,770197.6119750465,342.5117479734585,2248.675020731638,3031.0491785133063,3,3
Escondido,92025,577965.7861944386,244.85673291000873,2360.4243155807203,5633.25075505119,4,2
Escondido,92025,730470.8885587797,265.46106836252955,2751.706278681908,4821.029551177936,2,3
Escondido,92025,716235.946804395,265.1873261900653,2700.867937749988,22603.40497958987,5,3
Escondido,92025,1164209.23593171,348.017365623981,3345.2619062394497,8586.38651208702,2,3
Escondido,92025,1187091.3658308233,383.65976898514714,3094.12521664939,6761.904846717609,3,3
Escondido,92025,724956.8573696854,291.5447460516596,2486.605803011893,5721.3831715488395,1,4
Escondido,92025,792323.7972246949,299.0474640577309,2649.4917779063235,7422.589588330943,2,2
Escondido,92025,1063366.9086376356,310.1252019460475,3428.831007492998,12558.04623462148,4,4
Escondido,92025,567802.1908191073,286.98584304518386,1978.5024403789528,2668.453857203792,5,4
Escondido,92025,767935.7120087671,299.83776106438575,2561.170778766135,9184.715418362495,1,4
Escondido,92025,903778.2407795076,289.7487021435988,3119.179599747084,5910.226800675013,9,3
Escondido,92025,641159.3159283492,308.2946435183958,2079.6965805540876,10358.8747212314,4,4
Escondido,92025,225521.58043122507,201.29408506400765,1120.358704824901,12921.627011297496,4,3
Escondido,92025,1040761.2800260466,266.9801786079522,3898.271719843125,5270.522224926782,4,4
Escondido,92025,639167.7823367696,236.60594967627688,2701.401985923329,3518.0974334630782,2,2
Escondido,92025,629427.88184017,317.4479355639546,1982.7751619237179,6664.540290668438,5,2
Escondido,92025,867334.6919651673,253.77065301583886,3417.789573607762,17316.89212821502,4,3
Escondido,92025,567416.7481985366,220.14400179614668,2577.4799384448565,13208.174158816491,4,3
Escondido,92025,441276.5211006681,210.50012359666889,2096.324285044986,6378.084701254443,4,4
Escondido,92025,914490.6452816342,307.06082666224006,2978.206810755294,5465.950694719283,4,4
Escondido,92025,681002.8862926764,247.5936900711545,2750.4856286804684,5719.216690518652,3,4
Escondido,92025,656197.0232060156,281.70744262246575,2329.3563602628255,3672.4764604721913,3,3
Escondido,92025,797385.5088716167,355.972065395737,2240.0227051107418,12811.022843592264,4,2
Escondido,92025,638370.6546793405,303.85930437342057,2100.875785244444,14294.735925506035,4,3
Escondido,92025,866954.4394318804,265.65784905742834,3263.424899764461,6341.776889658646,6,3
Escondido,92025,470923.8346425963,236.96117228608375,1987.345986261618,5924.123252406355,2,4
Escondido,92025,681660.7048954965,306.4392365316006,2224.4563477275283,5261.821522948033,2,2
Escondido,92025,785591.0654127223,282.09915357800463,2784.804759066725,6105.697142100874,4,3
Escondido,92025,1222496.518960216,312.63624534202575,3910.284035118187,5146.605671963214,3,2
Escondido,92025,518776.1575830621,184.8155508181804,2806.9940829461293,7288.656197347073,5,4
Escondido,92025,1059209.741806979,336.7517048538658,3145.373064307501,12823.499081286738,4,2
Escondido,92025,595441.0117968845,213.76149509107123,2785.539142787161,12054.726645666324,4,2
Escondido,92025,908610.1567399665,266.77823211740764,3405.8631752986958,4836.673035234359,2,7
Escondido,92025,1532218.4437383339,347.64854960972593,4407.377638878169,8762.904114862242,3,3
Escondido,92025,465560.5739451811,191.28881683266832,2433.8096792790275,11788.590952180331,6,2
Escondido,92025,773640.508278172,283.9243725388838,2724.8118974788645,4552.00846606721,3,3
Escondido,92025,782111.5249739303,275.8138402001855,2835.6500326679557,8708.431769454859,4,3
Escondido,92025,887876.1924184171,286.42897541654594,3099.8127585632797,16570.583651399626,3,1
Escondido,92025,850529.0073255567,303.0402335040856,2806.653748549497,6906.807384022627,4,4
Escondido,92025,683363.4853367952,288.32058176199826,2370.151590152157,2383.8103045606795,2,3
Escondido,92025,622992.2846381526,229.8481576126919,2710.4515046317338,1766.682184802101,5,5
Escondido,92025,1455510.004450227,291.86879184748744,4986.864115334353,9640.077840300373,3,4
Escondido,92025,842542.7095623884,286.8800599905897,2936.916248518721,8527.971175841014,4,4
Escondido,92025,480072.65413073567,285.0717409876848,1684.0415414991098,8953.839465382476,2,2
Escondido,92025,929102.1699423806,377.68216675787306,2460.0106960782596,10729.683140773092,2,2
Escondido,92025,940945.2979505464,345.3806115646153,2724.372088195548,3292.902984484919,2,6
Escondido,92025,960812.0677621459,366.5127276679259,2621.4971411106826,4930.075830965331,4,2
Escondido,92025,807481.2814048984,302.5178467735317,2669.20213143454,10311.704469716195,1,2
Escondido,92025,1063747.9342177573,364.70827641803584,2916.7090603627225,12440.53120712834,3,4
Escondido,92025,773117.6381524671,250.7331273273901,3083.4283702088683,6857.276863240812,3,3
Escondido,92025,788411.8623419665,272.16876323422144,2896.7757099424357,3387.441952415263,4,7
Escondido,92025,904440.0781954105,262.636441733316,3443.69605461602,9810.172093990823,6,2
Escondido,92025,497486.8764808498,266.2717466067505,1868.3427093584007,8249.247975059883,4,5
Escondido,92025,737831.1319567946,289.45217683157784,2549.0605737821516,4239.699379899114,6,2
Escondido,92025,897314.2634488917,296.4712176621207,3026.648827919389,2433.3309646834737,6,3
Escondido,92025,886595.464822161,306.2674866074721,2894.8403065666143,11270.543596947186,2,2
Escondido,92025,837220.0756386657,362.9527382488909,2306.6917188114753,5523.270104266004,6,5
Escondido,92025,527452.3317928774,221.8813962383772,2377.1814164456205,8948.270920983645,4,1
Escondido,92025,518459.2169700315,235.66298222828772,2200.0027839238574,8751.081565899733,1,2
Escondido,92025,631886.7406493569,182.30012250201244,3466.189336446449,4020.0101772364214,5,3
Escondido,92025,429517.80118998664,251.3382917827058,1708.9230540379644,10279.585697337903,3,1
Escondido,92025,529202.6659023118,268.5039536844451,1970.9306274284834,4775.835614851151,7,2
Escondido,92025,776422.2913660749,257.5327225592805,3014.849078789796,3261.5816036092633,2,1
Escondido,92025,741853.771668157,238.52381540679306,3110.1874267898756,3020.2948432186827,3,3
Escondido,92025,532653.1672090213,291.5135777000466,1827.1984838973628,7984.478098074352,2,3
Escondido,92025,860539.9026025995,270.98429186322977,3175.6080645328625,20819.768285070313,3,4
Escondido,92025,708710.5623546854,249.4932493956182,2840.6001527956864,8199.347643427507,5,3
Escondido,92025,908708.498980946,294.18813143885876,3088.868658760978,23320.58886419956,6,1
Escondido,92025,726991.1667441318,262.93631430981384,2764.8944903347556,19081.792961853174,2,2
Escondido,92025,1019476.0041926565,337.57476517408406,3020.0006320582715,10904.909275910028,7,2
Escondido,92025,854793.44743206,280.60939354254754,3046.203965735921,20576.225800282373,8,5
Escondido,92025,832770.4865046697,272.5688604887135,3055.2664196912287,19226.02315851499,3,1
Escondido,92025,862815.5675434194,298.9556806030191,2886.0985876001646,16226.717830403803,3,3
Escondido,92025,534532.6497460979,201.11845863424207,2657.8000516511975,2582.7210928891973,7,1
Escondido,92025,905084.6508813964,340.0354163702023,2661.73641717372,6940.648632785251,5,2
Escondido,92025,924773.6567152923,321.53881535701277,2876.0871551028526,5276.2916472520365,6,2
Escondido,92025,845902.5531147559,253.44870240654328,3337.5690823537525,16153.226443985333,3,3
Escondido,92025,1060019.4129220196,238.88160624169572,4437.425842865075,6653.1554680537,2,4
Escondido,92025,756373.8907820313,244.0881790176475,3098.773131194304,22892.91613235254,6,2
Escondido,92025,676845.0722400963,226.83010778526398,2983.929597568474,8502.659024556306,7,3
Escondido,92025,789063.3051672973,214.4549957023211,3679.388780770459,7866.948614368047,4,2
Escondido,92025,675876.9518477375,225.42937444882548,2998.1760518133706,6374.163976730913,3,1
Escondido,92025,361288.5122164024,173.44578898136487,2083.005383631536,7161.164882144291,3,3
Escondido,92025,614792.7404919158,271.9800408160891,2260.4332974110926,9399.799632328504,5,6
Escondido,92025,1208622.9407418722,281.77751718834975,4289.2809646483865,7689.028801322577,6,4
Escondido,92025,779079.3046495402,342.94908685693053,2271.705435315977,6052.79143553071,5,3
Escondido,92025,1034130.1157735406,330.2631828886748,3131.230392465894,6271.8161068280315,8,4
Escondido,92025,542876.2730923659,255.99777986924713,2120.628832678331,23856.421005112534,3,1
Escondido,92025,1036827.3445880407,276.9835368666151,3743.2814827811876,26521.31007945049,4,4
Escondido,92025,811415.1645167326,335.26898142418236,2420.191575939827,6031.302844535917,5,1
Escondido,92025,743785.5764141069,268.3168914039122,2772.041568171142,13314.10126909886,3,3
Escondido,92025,756656.3747150996,295.03094943147033,2564.667795609882,4868.3555662512745,3,1
Escondido,92025,805633.4592180509,261.5232064010666,3080.5429097659044,6575.45603352642,4,3
Escondido,92025,820125.9289554273,289.3631416845093,2834.24462487211,4165.903311055134,2,3
Escondido,92025,992939.314027895,291.28125757691265,3408.8678491979867,14751.456580206472,3,6
Escondido,92025,871976.3056969506,272.6138530432071,3198.576653251548,10699.054311372518,4,2
Escondido,92025,972123.8227283198,333.66454027048616,2913.4765772241326,11997.639469232587,4,4
Escondido,92025,800066.1617553828,250.37468994262085,3195.475397048865,13631.672986083677,5,1
Escondido,92025,946668.1041300631,292.64696962538926,3234.846768930741,4747.771450483738,7,1
Escondido,92025,896415.9829288329,364.6289173237416,2458.4336028755934,6584.976723323842,3,3
Escondido,92025,726263.7790774901,301.1026909914301,2412.0135781123286,10449.780353843194,6,5
Escondido,92025,1013825.7712955215,253.29970731193828,4002.4750997718143,6501.944396315391,3,1
Escondido,92025,980525.0066419408,302.66548045139024,3239.6327628099584,8340.278608716908,3,1
Escondido,92025,1179462.287849442,392.61317999250997,3004.1331976474735,4951.092149136755,4,2
Escondido,92025,643003.5623258727,289.36267460372824,2222.1371958440836,17765.884489122745,5,3
Escondido,92025,558980.8791598773,321.91513207483894,1736.4231235639004,14049.123124894324,4,3
Escondido,92025,726554.211388276,287.89362679110246,2523.689806844764,16805.199113576284,5,1
Escondido,92025,726345.1390593798,299.55585261992616,2424.7402703260154,11880.683265138008,5,2
Escondido,92025,714307.8975138464,284.29324832212285,2512.574258198664,4150.031856638984,6,4
Escondido,92025,819102.2734554266,243.74086918870282,3360.5454685618693,5999.7950942696525,4,3
Escondido,92025,1208496.5891611273,303.8064687699629,3977.850090072244,5250.913447081404,3,5
Escondido,92025,841680.0383642466,234.89631448185847,3583.198145193765,6855.673842461426,6,2
Escondido,92025,639875.8380797668,274.18805166182966,2333.711604869489,15091.018402667378,5,4
Escondido,92025,1149830.8123638402,370.16076506130145,3106.3011558597236,3306.1522201495045,2,2
Escondido,92025,684042.1329084553,284.5646460915359,2403.8198079195668,5636.469452069334,1,4
Escondido,92025,424690.63250376465,247.83165883554267,1713.6254282411228,6313.877167341775,4,2
Escondido,92025,794000.1534350184,298.06433409123605,2663.8549555277514,3636.5358666827346,6,2
Escondido,92025,981611.9177011468,263.7826594370933,3721.2905495603322,9045.76321064475,5,2
Escondido,92025,730106.0944055058,292.3566344051836,2497.313241722558,6515.95607806978,10,4
Escondido,92025,792220.0584971405,236.90136665044838,3344.0923946465596,15588.471536998846,2,3
Escondido,92025,738709.4413706659,321.31336670765756,2299.0311574643274,6782.647425518781,3,3
Escondido,92025,945157.027581381,293.04825001102165,3225.2607805910234,10536.093478128645,4,3
Escondido,92025,624498.6990532492,244.43756795903573,2554.839275597384,8571.414424635224,8,2
Escondido,92025,1204835.519580832,303.19222408140797,3973.83383835507,1804.9520365595195,5,5
Escondido,92025,931903.4064934733,371.17387679848923,2510.6923324763097,3381.617637414439,7,5
Escondido,92025,600628.3029054009,253.32763525923434,2370.9545241314395,10070.051521514253,4,1
Escondido,92025,1256660.2390377277,320.36205172187033,3922.6251432823456,9798.395341907299,5,3
Escondido,92025,718594.5125951042,305.70408957323474,2350.6211958049616,7677.08278256228,3,3
Escondido,92025,873621.2565839236,305.0725424120561,2863.6508866928402,17770.175644452265,2,5
Escondido,92025,768900.7244453429,326.516626981479,2354.8593269308676,10863.693805609659,2,5
Escondido,92025,943210.3223546533,275.7172604527919,3420.9331719228694,20524.49087002678,3,2
Escondido,92025,1104906.745262287,294.2433383141265,3755.078200216439,1828.7656908971082,2,4
Escondido,92025,669614.6877955873,291.9099256297001,2293.908596465546,22644.802517944743,4,3
Escondido,92025,780480.2320889556,250.74475408426565,3112.648298223883,5557.507752952405,2,4
Escondido,92025,979504.9658182415,307.4673414923942,3185.720346960724,8120.240088873905,3,1
Escondido,92025,762310.0351190723,272.03045419903043,2802.2966669802713,16305.536032910133,3,3
Escondido,92025,1457795.4687808137,366.64483949813933,3976.0425123567347,2249.2180080053718,3,3
Escondido,92025,1054659.1090893387,265.75560511248904,3968.5300659714126,6871.904563054005,6,5
Escondido,92025,506152.3253411273,230.69804636102887,2194.003518127018,14654.25525978612,3,1
Escondido,92025,1234244.1619618223,336.01652060516193,3673.1651162239364,5524.604542277106,6,4
Escondido,92025,787593.7128818362,255.5554103387883,3081.8901929633494,13841.702922893237,6,7
Escondido,92025,679134.8679409277,235.31584545029534,2886.056681144229,12004.367879308575,4,2
Escondido,92025,779893.6943922958,304.3920251621277,2562.1357654718536,8854.640453054491,5,4
Escondido,92025,647000.3959033283,345.16779787905244,1874.4517880258304,11459.06715071578,3,2
Escondido,92025,931094.6582122085,319.4869245203858,2914.343551336159,17395.673466028184,1,4
Escondido,92025,771244.6939473599,262.9988358481651,2932.502311122838,11483.854858159193,2,2
Escondido,92025,1310923.2409921791,293.2173817365497,4470.823773230534,13970.093402752942,6,4
Escondido,92025,631508.2759233738,275.26977006122024,2294.143217335219,4714.6057735504155,6,3
Escondido,92025,652839.479546448,359.336719863174,1816.790334689514,11343.419820742833,6,5
Escondido,92025,543518.4010396759,268.80001768688373,2022.0177279631082,10730.182156198885,3,3
Escondido,92025,1179976.159906817,291.9418156855388,4041.819624694711,15701.833920926716,11,3
Escondido,92025,716104.5054703831,294.9731471183268,2427.69388490513,3993.4046375087237,1,2
Escondido,92025,907287.6575975725,237.60605388050658,3818.4534559622484,15235.187488998563,5,1
Escondido,92025,759684.17947235,279.3455275467419,2719.5143811466064,4720.634291768075,2,2
Escondido,92025,595966.3204056789,280.04954753007513,2128.0745698818773,32584.200263299193,4,4
Escondido,92025,1554295.2898441204,347.0812318434453,4478.188813577802,4694.343914983223,4,2
Escondido,92025,1117666.3214945414,296.09039071712544,3774.747025013457,3972.427091425714,5,4
Escondido,92025,704439.0391656241,271.3451972079603,2596.099162299668,6720.337962818727,2,3
Escondido,92025,980335.0746929916,281.4080614327641,3483.6780073097507,15006.155341978952,1,3
Escondido,92025,797414.0813658338,284.7806712624865,2800.0990300034987,9899.36035604699,5,4
Escondido,92025,866312.6943349313,285.9908524502621,3029.162250864634,21914.371340832055,4,4
Escondido,92025,1382342.456591672,327.68905825550235,4218.457778086219,6680.171108762846,6,4
Escondido,92025,612638.6307394358,329.90165884766924,1857.0341018573636,5962.330154535929,5,1
Escondido,92025,607993.3081422438,244.92068060064224,2482.4090258576944,5148.823526882706,3,2
Escondido,92025,912869.675251159,333.75299393598334,2735.1655021445445,5833.733560474848,5,1
Escondido,92025,944936.6454685138,320.0910186223587,2952.0873454539,3459.4616833726122,1,3
Escondido,92025,567131.6038213018,285.39488625271844,1987.1820804774486,5420.286769472994,2,2
Escondido,92025,765148.4238572532,224.06770863468134,3414.8089812653307,3869.603270541077,5,6
Escondido,92025,604021.5538745105,296.8456294336437,2034.8002260532937,12315.0681477114,1,4
Escondido,92025,541151.6366892464,272.3972049077199,1986.626980524901,19444.38332357509,7,3
Escondido,92025,794693.4160926662,311.61344890603135,2550.2539087531813,9137.851887674662,5,3
Escondido,92025,1376293.53075454,315.57125990398623,4361.2765344134405,5339.338733542661,7,2
Escondido,92025,1766315.824384814,344.5887728885694,5125.865853313777,12503.480401178009,5,2
Escondido,92025,742080.8870457473,241.87922027020957,3067.9811445429227,7813.755696935328,5,2
Escondido,92025,972001.4348779703,379.9416156749955,2558.291576328471,14707.391323913274,1,1
Escondido,92025,921304.8622861838,326.30209579942414,2823.47209578606,4536.631712682767,3,4
Escondido,92025,940309.0867673891,318.4902811259605,2952.394915923679,4729.59609915014,4,6
Escondido,92025,1450952.0056501399,370.36399845940485,3917.6378149216275,12368.303301463244,2,2
Escondido,92025,603496.4259720321,301.38485273852416,2002.4112708000434,7903.30804577403,3,4
Escondido,92025,1216168.3347129142,332.2723925404263,3660.1546261925673,13951.228394672777,4,3
Escondido,92025,560688.5893524074,294.99572078854874,1900.6668566365604,4779.45768776836,3,3
Escondido,92025,779973.441413874,323.9517561893598,2407.683942166856,10377.428802606928,4,1
Escondido,92025,916610.3677437837,337.7939202846132,2713.5194350788797,11104.316528051308,2,1
Escondido,92025,1003158.1271637188,333.36327543069797,3009.2040758468693,3180.9147353801804,5,2
Escondido,92025,603404.2529745572,222.42707871933516,2712.81831532729,7983.595317181996,3,4
Escondido,92025,765390.8850723003,269.81356209544344,2836.7398552099176,2386.2579982664297,2,4
Escondido,92025,927726.223522832,338.23384955460807,2742.8544622144627,19324.110690666785,5,3
Escondido,92025,573969.849406031,309.1648272476348,1856.5172969895852,3628.722574848203,2,3
Escondido,92025,895198.0507400923,285.537112200527,3135.1372991102207,7142.808996914791,7,2
Escondido,92025,1029591.1976006168,309.575355577513,3325.8177017350554,7976.507472090663,4,4
Escondido,92025,911761.9973564108,240.04501882045744,3798.2958439906915,4491.382263711161,4,3
Escondido,92025,1385735.213810029,321.60694133241793,4308.785152674026,24263.28618242536,6,2
Escondido,92025,913819.9415297469,303.6986439075133,3008.9694500184746,5282.633000264862,4,2
Escondido,92025,1125843.2129956773,291.34857910202453,3864.2481678327636,6804.373951460601,6,3
Escondido,92025,763585.2046250477,279.9498645565897,2727.5784034919398,5289.599613388944,3,6
Escondido,92025,562375.7630000799,297.6402705259867,1889.4478291067787,5262.712453246706,4,3
Escondido,92025,952379.378099094,275.8349768605937,3452.7143328180027,7493.626077380083,7,3
Escondido,92025,894068.0802313017,273.69431936486194,3266.6665581736806,12198.0324315928,7,3
Escondido,92025,990847.8043743192,364.8604836616047,2715.6895546224614,8806.765503649807,4,6
Escondido,92025,586018.5062465959,219.21053891235087,2673.313560352632,5074.988822442698,4,1
Escondido,92025,673481.422720614,220.09766345323612,3059.9208194852454,7969.856316921135,4,2
Escondido,92025,802042.7453361842,321.3928990486727,2495.5210513680963,3522.737459207859,2,2
Escondido,92025,712799.2860407443,235.03779871921495,3032.7006546393045,16271.227001184541,6,1
Escondido,92025,433860.34350188693,201.21666063715563,2156.184990487674,5905.375791059351,4,4
Escondido,92025,734998.0292095091,331.4361276643955,2217.6159080453385,6098.021990969045,5,2
Escondido,92025,667592.0144801274,342.0426244794412,1951.780177970929,2488.679441789065,2,4
Escondido,92025,1100264.9980262336,231.2276021889926,4758.363567369168,5902.779157067329,4,2
Escondido,92025,581274.126626428,210.2006895112281,2765.3293049515837,21951.486722307593,6,3
Escondido,92025,863398.0617450548,235.0791961497702,3672.7965548894394,11546.174822352677,4,2
Escondido,92025,531440.4216810486,257.4685589275308,2064.0983267810657,15562.120885452148,2,6
Escondido,92025,960700.8130308522,370.2562962774464,2594.6913602543154,8579.777828575554,4,2
Escondido,92025,838776.4591597042,269.1261983531363,3116.6659518561482,1660.8794130204847,4,6
Escondido,92025,1269152.9387814335,323.56507583977844,3922.4039723307073,8341.164090798056,5,1
Escondido,92025,744621.1194627017,318.8146179740368,2335.5927786326947,9026.541781970258,3,3
Escondido,92025,846430.4528604381,344.7331352183718,2455.3208449900394,13692.182182989722,7,2
Escondido,92025,580629.3347308531,260.6586175379447,2227.547050679533,7825.576112684596,3,3
Escondido,92025,756739.899597999,287.2301182862558,2634.6119415089547,5034.7654253574665,5,2
Escondido,92025,585407.6753800439,278.21144402396817,2104.182584702053,7537.731254988538,3,3
Escondido,92025,589412.3351926531,310.88478125514473,1895.9189086484082,6514.857793169069,8,3
Escondido,92025,985258.9527571895,340.1360003524611,2896.661781570398,10953.16311723097,8,2
Escondido,92025,1225487.5594303051,381.66974858493825,3210.85850784315,7547.823405829913,3,3
Escondido,92025,553112.4736838151,270.81417875029666,2042.405889662855,4416.547165955537,6,6
Escondido,92025,673889.0516942079,293.7706468727403,2293.9291548285037,11241.15315206323,4,7
Escondido,92025,860867.6520390062,325.0693148522898,2648.2587334648338,5135.242364952816,4,3
Escondido,92025,1306604.6442256407,314.0681169590846,4160.258789961349,6618.333193254611,2,4
Escondido,92025,483715.8407165897,361.67691317269606,1337.4252629877474,6056.249520525383,3,3
Escondido,92025,858884.5736075138,283.01574267131326,3034.7590049257396,9223.69134368419,5,5
Escondido,92025,870484.3980712665,270.52035551285957,3217.814779301836,3513.7077097653705,6,5
Escondido,92025,788668.7998556973,347.0578639056612,2272.4418083495057,8155.6137121679485,3,3
Escondido,92025,748334.7938479978,300.7467773044213,2488.2554039490833,15297.738095608478,3,2
Escondido,92025,917700.0723431057,310.98164959750557,2950.9782121577205,8473.16737608161,1,3
Escondido,92025,766881.5208186752,284.53370285785854,2695.2220883365017,5360.106097924926,6,3
Escondido,92025,1360592.831353885,327.674719762892,4152.266712361639,6424.062208557582,3,2
Escondido,92025,697412.074209207,250.34149824987654,2785.842854999175,9553.334095975868,3,5
Escondido,92025,902159.2871198955,267.89525141361406,3367.5822261105186,11196.710643260805,5,3
Escondido,92025,526914.7517230741,173.3972419378082,3038.772392423986,19723.357422620695,7,1
Escondido,92025,841652.3771036506,260.5899682039048,3229.795770361658,3016.194665374183,2,4
Escondido,92025,733005.6976605054,327.8681265224033,2235.6723278815543,9369.916669399352,3,2
Escondido,92025,827110.889062132,289.67288811669937,2855.32724322104,8941.265428581099,2,5
Escondido,92025,661910.3379636207,247.80245946469847,2671.120937998258,7685.888881463459,3,3
Escondido,92025,793071.4234878952,349.3521169290079,2270.1205604804045,9901.688370713246,3,5
Escondido,92025,1004777.3438131515,293.6468009125068,3421.7207226191736,6970.730179348452,2,6
Escondido,92025,591842.8757331454,360.7561863101788,1640.5619589965336,4393.61923740893,5,3
Escondido,92025,1234392.0520536988,324.6365064529928,3802.382133607756,9093.474762407843,3,1
Escondido,92025,461210.0370389001,295.7910142164888,1559.2428940432296,11810.562303232422,3,5
Escondido,92025,958542.9184065791,366.8513813219979,2612.891670060889,7776.086619851165,1,2
Escondido,92025,932765.1558887835,271.50316624703083,3435.5590352124827,15105.32102782618,3,4
Escondido,92025,485025.5811698762,240.42493241284066,2017.3680670398387,6937.928657418534,5,4
Escondido,92025,1076716.0083297181,356.6827897510598,3018.6934701312402,10546.363081116775,4,2
Escondido,92025,921875.0593785215,313.7557849768171,2938.1930262947576,3096.88142739388,2,5
Escondido,92025,1024759.196691825,347.81326835300763,2946.291271590484,30719.579995250377,8,4
Escondido,92025,810535.0105303722,325.70131591233314,2488.583775782283,6978.918416202149,3,2
Escondido,92025,866736.6796220145,358.58682283078974,2417.0901562409363,5968.703381804442,4,2
Escondido,92025,487037.0877445799,265.5976058239998,1833.7405046765316,6820.895697302358,4,5
Escondido,92025,739522.0757913423,279.5303199374467,2645.588056268217,4527.505340453046,6,1
Escondido,92025,953128.7505528518,279.07570671379904,3415.3053369504337,3968.2754704469503,2,3
Escondido,92025,677513.8627605315,279.6576211498009,2422.6547446658556,8199.4586888975,4,2
Escondido,92025,539797.0097100063,220.05115686013445,2453.0523602432313,8566.943276178386,2,2
Escondido,92025,1190749.8193501646,294.7224021722014,4040.2419720182293,9150.119586466255,4,4
Escondido,92025,838790.65689022,321.8053009408225,2606.5159723533175,7838.7250184938175,4,5
Escondido,92025,765915.1331070549,258.3053049219345,2965.1544839101584,7610.9556318419545,6,2
Escondido,92025,770649.7496229553,248.2447388708461,3104.3950946485115,3886.83785078646,6,3
Escondido,92025,734406.2145396948,281.8037776358324,2606.0907369692845,5971.631510272657,3,1
Escondido,92025,1035121.3006442671,321.52350352402874,3219.426540513883,8812.809587005751,2,3
Escondido,92025,838896.5323771097,241.25342031938538,3477.2420273525217,5790.373787727368,3,3
Escondido,92025,1322020.6626099613,388.43840412968024,3403.4241942992962,9532.84050734927,2,4
Escondido,92025,810616.1927726783,231.61120304027094,3499.9006185021804,7376.622173749044,5,2
Escondido,92025,424337.97998040874,263.0436880612409,1613.1844223595886,7342.573559257278,6,2
Escondido,92025,681858.7044238055,336.60613181552486,2025.6871161143742,9059.399101865836,6,3
Escondido,92025,786507.0073393973,329.4194832057872,2387.554614819395,10703.035566840275,1,1
Escondido,92025,724657.2706989765,325.64190127894955,2225.3194931392586,12234.431848003916,6,2
Escondido,92025,585334.870307438,258.093112892405,2267.921308506419,26292.062214539274,2,6
Escondido,92025,903102.4743379276,266.28200530919776,3391.5264882028932,13432.950533056151,3,3
Escondido,92025,699198.6194855504,250.71506721693044,2788.8177094700536,3290.9464121124633,3,4
Escondido,92025,718574.6111561281,273.85351110625516,2623.9379157615444,4175.041334972417,1,4
Escondido,92025,780657.822531501,304.18569486317324,2566.3857167334945,6784.587304567433,4,4
Escondido,92025,615439.2487908058,250.50564500611128,2456.787944941487,5061.643977633138,2,3
Escondido,92025,542451.7221678817,212.23482029764182,2555.903510117416,10112.17009097692,5,4
Escondido,92025,1298798.1347609642,338.1224105374024,3841.2068951498673,10776.81376189397,4,3
Escondido,92025,488945.3502230414,279.89573865264697,1746.8838667452053,5985.464750588076,4,3
Escondido,92025,1194719.7975621333,319.9503258170182,3734.0790152700197,16333.964647623194,6,4
Escondido,92025,1321656.7359859522,274.33030408723107,4817.756975057681,19143.46777431955,4,1
Escondido,92025,1159435.311883468,311.0919123491626,3726.9863530947205,2697.5522188623627,5,1
Escondido,92025,822649.5850413439,388.0462209844945,2119.978344214349,3394.358432624077,2,4
Escondido,92025,573031.3389311032,238.3366173171794,2404.294167557605,15452.729163266953,2,2
Escondido,92025,893325.1443679982,254.10223225804341,3515.613131099208,13481.777150969234,5,3
Escondido,92025,634847.891264539,248.80268609068435,2551.6118866704987,10816.066117774337,3,3
Escondido,92025,905524.0942471012,378.46638781092616,2392.6143071375786,8052.683478320278,4,5
Escondido,92025,759562.8167181798,286.8900153007438,2647.57494582702,7520.0399773659965,2,3
Escondido,92025,668620.6162226639,325.96510047909146,2051.2030743166983,11038.632900847648,4,2
Escondido,92025,456234.5754830217,173.58761043915624,2628.2669271660684,8893.560959229546,5,2
Escondido,92025,610206.4257409627,303.82808476004567,2008.393747480209,17532.830743854676,3,1
Escondido,92025,885082.1654278085,272.1008616578817,3252.7723728440137,5315.861954481656,5,1
Escondido,92025,764198.6154445277,347.58920660932364,2198.5683125755295,8086.846224561662,10,1
Escondido,92025,869406.1531891082,316.0958603955391,2750.4509299843326,13648.678867308068,5,2
Escondido,92025,654955.3469883759,269.55924597377845,2429.726884798035,8829.447606642712,3,1
Escondido,92025,1063034.705666446,355.83999032416153,2987.395274763939,11981.18068920367,6,3
Escondido,92025,1199938.3855513583,359.8016037731794,3335.0001027449703,11877.129105318629,1,2
Escondido,92025,1028611.4143167774,352.64122669353543,2916.8779384116,6199.92349229062,3,3
Escondido,92025,730637.3359091134,320.5719513290546,2279.1680085546304,4336.384358346157,3,5
Escondido,92025,650297.7941399023,275.70508598652566,2358.671737276852,5107.814989947452,5,2
Escondido,92025,1458111.5992260615,297.68420391718655,4898.182637973283,4175.2810757822235,2,4
Escondido,92025,928235.4397237456,269.6885283361274,3441.879584017143,2627.0214951963667,4,3
Escondido,92025,768081.1165327372,297.2194168275354,2584.2225408120767,15402.015232949792,8,5
Escondido,92025,616302.0125818728,262.011430774012,2352.195134239928,2580.098915549436,2,5
Escondido,92025,531225.1740446809,280.3482305616806,1894.8761437886221,24442.359604875826,4,5
Escondido,92025,1368613.4781382226,380.16520082758103,3600.0493342338805,5828.555168970587,4,3
Escondido,92025,684414.2843988956,301.0872357050537,2273.142807918137,6769.50760212089,4,4
Escondido,92025,950970.7306350904,269.1207765823811,3533.620639445453,3223.621581319397,2,3
Escondido,92025,802073.7875895133,240.193588035277,3339.280595082803,10076.254881232962,2,1
Escondido,92025,1079031.8864151838,283.36329051035233,3807.945215739802,6840.810234721095,3,3
Escondido,92025,1049843.8624747628,319.83261244168744,3282.479089483636,8298.710347024602,8,3
Escondido,92025,756377.8404635345,293.5689030296373,2576.4916946505546,4988.660373455758,6,5
Escondido,92025,777864.8162559033,285.34148423687674,2726.0838652193925,10675.282319892463,6,4
Escondido,92025,836074.1417698666,306.0333876628564,2731.970351845835,4879.73588907552,3,1
Escondido,92025,773539.8465695055,304.6837910529965,2538.8283501925985,8387.154250593177,9,2
Escondido,92025,575627.674127707,318.1033352342377,1809.5618950484734,10555.326016442077,6,3
Escondido,92025,505789.86861362756,319.2529834515151,1584.2917524071997,19110.29068839255,5,4
Escondido,92025,931723.3340979853,283.84814911156326,3282.4710571981996,12974.450890083896,4,4
Escondido,92025,731037.2395705174,281.68958884976234,2595.1872859611162,8443.264423988281,6,3
Escondido,92025,993104.6681835585,287.705410523316,3451.8108866189573,7961.844759910256,3,2
Escondido,92025,770094.9263500823,311.8459512229055,2469.4722613205367,9655.124138972531,5,2
Escondido,92025,912197.9798098542,336.04841708815053,2714.4837869317234,12672.93746218468,1,3
Escondido,92025,935642.0632848411,273.1337420789846,3425.5821201844515,5118.464383798607,3,4
Escondido,92025,1124025.7530448837,280.6050569719411,4005.7216543937047,13754.515114288628,4,2
Escondido,92025,633670.3998689953,252.56902194373257,2508.899923642119,4559.646070190961,8,2
Escondido,92025,471872.4925473259,223.14901992090287,2114.6070581649215,10519.486311952538,6,1
Escondido,92025,861400.422746135,234.2568668464935,3677.1618878972,11070.653960795464,6,3
Escondido,92025,617547.6783923887,244.3590234194921,2527.214545837508,5346.822658526212,4,6
Escondido,92025,622773.3050875695,258.9417582476617,2405.0709677035775,3170.892761941507,2,2
Escondido,92025,755562.0826316141,307.5141487573732,2456.999411847381,6825.735645284053,3,3
Escondido,92025,547770.6426965056,241.44119726130458,2268.753837000195,1651.2276482863324,3,2
Escondido,92025,950310.2552634513,288.4330419439965,3294.7343648927986,7188.071782845152,6,2
Escondido,92025,629250.6904312416,323.8232625748036,1943.191744249331,3782.923758024449,2,2
Escondido,92025,701541.7298671445,251.86126552648244,2785.4292258901537,51800.12427629385,4,3
Escondido,92025,770072.5871034776,266.4451443242042,2890.1730938150304,15099.45540889913,3,3
Escondido,92025,539374.0111488249,230.7088128517958,2337.8994693857294,8354.173702807655,3,2
Escondido,92025,995566.0265364957,246.5683262463995,4037.6882209177643,17794.467185995964,4,1
Escondido,92025,1178706.9233703848,346.7834544306757,3398.9710532917484,12212.531614682695,6,1
Escondido,92025,750011.0290789105,309.4606557818328,2423.6070565547498,3980.142558391108,4,5
Escondido,92025,1005902.0749502855,380.42437687773304,2644.1577777061816,5496.876712476237,2,4
Escondido,92025,868809.2062933609,255.86800879991895,3395.5366689578746,14836.965661980961,4,4
Escondido,92025,977190.5517824485,352.7592122117291,2770.134749013813,4495.689647037679,2,3
Escondido,92025,987645.4553323763,256.22092354835115,3854.6635522762017,10141.464073350038,4,2
Escondido,92025,832225.7558184201,266.04411145561767,3128.149505978653,11992.678519618436,3,4
Escondido,92025,1171851.6954782507,405.13907789636346,2892.4676966807338,6841.832054849043,6,3
Escondido,92025,726287.2158599793,251.63690635568622,2886.2507744924333,8765.639491221275,5,3
Escondido,92025,2124782.5057378565,356.1355339832291,5966.218765010726,13177.593127171767,6,4
Escondido,92025,602614.2115254116,286.2895681889062,2104.911524850884,12805.763219642296,2,3
Escondido,92025,498151.72948129073,241.19953277787312,2065.3096784397653,10468.261214618055,2,1
Escondido,92025,577537.8806735253,225.93460676526342,2556.2169910232606,7938.060157164047,2,4
Escondido,92025,1127242.476117829,292.2087275020131,3857.661904058164,11379.97241529568,3,4
Escondido,92025,350785.7350669048,239.18996684153154,1466.5570621501354,2378.6182951838014,3,3
Escondido,92025,463768.908109767,274.91709405327293,1686.9409656276184,19390.61758595178,2,5
Escondido,92025,504894.1483310188,205.48881471835315,2457.039566961522,7388.370056151877,2,1
Escondido,92025,1397639.5045721843,302.9630662989546,4613.23395503608,5147.242490163028,5,3
Escondido,92025,604210.1062785374,221.11272342375463,2732.5885951872174,11462.947679801458,7,3
Escondido,92025,578850.792199725,285.0772777247788,2030.5048400194246,11271.746811532897,4,3
Escondido,92025,760187.7270436055,227.9586172453702,3334.761967894174,4453.03366625603,2,4
Escondido,92025,1401060.00276282,340.56729387039854,4113.900623986482,8330.849311309781,7,1
Escondido,92025,455102.3440166192,196.6264219110544,2314.553352460884,8181.230669939581,3,1
Escondido,92025,837931.0786375126,275.4607828405402,3041.9251335772806,7867.11479572583,4,1
Escondido,92025,880481.1700297949,311.80874501008077,2823.78600382529,21196.86771275123,8,3
Escondido,92025,949754.3476325064,303.15609373743985,3132.8888557822565,7903.8370166625,4,2
Escondido,92025,566178.5274589235,233.8686396405573,2420.925389265989,7400.138400316879,6,2
Escondido,92025,675501.4239141847,212.5991190307924,3177.3481799628084,5318.6572867322275,5,3
Escondido,92025,1076159.065901277,321.3874339717688,3348.4789762993923,4877.036833761971,5,6
Escondido,92025,916491.6735673943,282.33348506324666,3246.131691967346,10121.552800070629,5,5
Escondido,92025,436968.9719641444,241.42482901708448,1809.9587094798032,6034.840879839285,7,4
Escondido,92025,612743.6619058421,322.9583601729406,1897.28379094359,7146.937302228008,4,2
Escondido,92025,601973.5653408791,263.3891201960925,2285.4913858731575,9010.068115577638,4,2
Escondido,92025,752770.8191698346,259.3036527721472,2903.0474932464685,8311.62563135713,5,2
Escondido,92025,781518.603927748,250.2723841492951,3122.672150122438,8674.764476914019,8,4
Escondido,92025,531782.7311931837,254.89903691404496,2086.248491289935,8655.817528870706,3,2
Escondido,92025,745977.9105624777,253.3438029418015,2944.527957267006,11637.14168702025,2,1
Escondido,92025,1038162.2321370755,301.8366187816484,3439.484037184012,39019.4409910898,3,6
Escondido,92025,1137769.9685860227,354.580728998842,3208.7755355416916,16727.063169546946,4,2
Escondido,92025,550399.1580788641,227.40042600744476,2420.396336728256,6437.031452691619,3,3
Escondido,92025,675931.9308504555,272.95539195394605,2476.3457721491027,16589.09620957042,4,2
Escondido,92025,550812.9777393036,280.59102097995924,1963.0456306677204,4251.054472227934,5,1
Escondido,92025,1290968.2968157122,307.71611398011265,4195.32237073274,5695.560435079564,1,1
Escondido,92025,1009740.1243472028,330.31663659997236,3056.885462205894,12226.079014855184,6,1
Escondido,92025,509510.30261105375,280.7934457339549,1814.5377335260262,12000.656857828686,1,3
Escondido,92025,959989.1658156515,260.1793687790456,3689.7205582465363,11477.207966150992,6,3
Escondido,92025,1000740.642043158,312.6140353307145,3201.2018941647134,5613.996253426415,5,3
Escondido,92025,793849.9735496645,216.89896756584577,3659.998857803088,5637.131155934802,5,3
Escondido,92025,460832.5078173074,195.1555324193965,2361.3602038550525,8654.958617964114,5,2
Escondido,92025,976730.9868338797,399.44595379192054,2445.2143714608223,6876.210526655934,3,4
Escondido,92025,560239.4464946177,252.80965317147943,2216.0524310146116,13631.00517022873,2,3
Escondido,92025,1243805.0525175682,269.8175454675964,4609.800487073745,6773.657076040284,3,5
Escondido,92025,745363.0540133924,311.1359257297807,2395.618738868281,6654.9029187563965,6,4
Escondido,92025,647190.0899055171,302.64297577839966,2138.4606341546173,3016.016076480893,3,2
Escondido,92025,752683.4692497724,325.86847551184206,2309.776875678236,13526.3506389865,2,2
Escondido,92025,821397.2014012384,328.12919240571136,2503.2737726841196,9707.200843076682,6,3
Escondido,92025,903138.2493826146,225.4273689146452,4006.338066805787,2029.6026246412982,4,4
Escondido,92025,996446.7684486315,342.44009589021914,2909.842569276924,10448.440550157206,2,4
Cresco,94208,230114.85575774134,126.36988638445098,1820.9627494454687,4372.635891424169,6,4
Cresco,94208,120255.54719007615,107.3805347059857,1119.9008043621966,11461.322661076796,4,3
Cresco,94208,133785.3762083359,101.47642293652308,1318.388767921226,5131.958214487683,6,2
Cresco,94208,137727.92910847452,104.08668431785078,1323.2041159836838,9323.288357757767,3,1
Cresco,94208,202121.94657612796,104.08333840520034,1941.924131884199,9374.773299012275,2,1
Cresco,94208,205661.38955113926,117.43955760756945,1751.2105268513337,33131.27242546001,4,3
Cresco,94208,173809.22916847855,90.35863950764565,1923.5485407432652,9654.192698877128,7,2
Cresco,94208,233264.41816037978,108.77277465817811,2144.511058887857,4917.278036674229,5,3
Cresco,94208,159753.72103309256,112.37076675108105,1421.666200667405,3331.2625771846947,2,3
Cresco,94208,130932.57435110923,114.81153311773055,1140.413082166996,6779.68006575507,7,2
Cresco,94208,127923.88785942075,111.99276569039642,1142.251350529782,7448.331415433478,4,6
Cresco,94208,113160.16121732163,116.75631372686969,969.1995028383594,2123.4068960673153,3,1
Cresco,94208,135541.9973964739,99.0605377164716,1368.2743958489154,5212.862064375157,1,5
Cresco,94208,129727.55620207342,93.06052568469168,1394.0127164294904,9562.536989960807,5,4
Cresco,94208,277115.3956100599,148.30983572725873,1868.4896672643758,5812.600955902916,2,4
Cresco,94208,159457.80482963278,103.4727919199035,1541.0602330423858,14305.095652150896,5,1
Cresco,94208,143044.12235492023,105.37160035227467,1357.5206400652557,3140.6433731751818,3,6
Cresco,94208,177972.02492098647,119.38862970845307,1490.6949292876047,12007.977658423575,7,3
Cresco,94208,158965.66149591302,134.3152294892635,1183.5267087759394,13842.9404321738,3,1
Cresco,94208,197341.65495703902,99.51842319516805,1982.9660541347946,14201.384036045867,3,2
Cresco,94208,116164.18919887225,92.13375840794517,1260.8211279575328,3126.542342044737,7,5
Cresco,94208,101760.16971343396,88.17817620620698,1154.0289682955693,9661.734811324872,6,3
Cresco,94208,252785.41954673274,134.26673818364083,1882.7106621223656,5355.848120658188,2,6
Cresco,94208,162076.43312473246,91.49505188158267,1771.4229326248117,3440.9791808938057,5,6
Cresco,94208,107633.30060360182,107.9220644739712,997.3243296282659,6240.878181510371,2,3
Cresco,94208,175743.47643442138,92.48374641272552,1900.263378714506,4648.082395778624,5,3
Cresco,94208,108142.41108908542,84.82625037562879,1274.8696377619863,13900.041455998833,4,3
Cresco,94208,144809.65961699252,103.61729244778559,1397.5433655532393,10883.844649063685,4,4
Cresco,94208,149747.19078237886,93.12580884529127,1608.0095586729558,4006.7276501021884,4,3
Cresco,94208,172590.22098939642,97.12723413053135,1776.9498177766368,5180.537178880679,2,1
Cresco,94208,241829.1852022558,140.98024141106862,1715.340978152626,6366.329496453324,4,2
Cresco,94208,174709.4928828924,115.2768986213745,1515.5637857392703,7659.8963573515075,3,3
Cresco,94208,170445.49149712652,123.51150277510988,1379.9969044783966,14632.842761238213,4,3
Cresco,94208,207156.47451780835,121.77525352389604,1701.1376985321397,12108.539379930702,4,2
Cresco,94208,159007.54841799036,106.73045526488892,1489.8048361487597,8250.52407907002,2,6
Cresco,94208,243934.16920904428,101.22215820913704,2409.889035413049,6841.809420026964,4,1
Cresco,94208,199747.7994229928,112.41655658310839,1776.8539216491774,2760.547752020653,5,3
Cresco,94208,135353.94289585314,111.10825149063767,1218.2168388029982,17368.185574241386,4,2
Cresco,94208,134991.45880600586,99.12378354126935,1361.8473184067202,6117.683935348185,5,3
Cresco,94208,171594.02248576956,110.48074140815406,1553.1577748183452,20335.043650678,5,2
Cresco,94208,205749.2555793959,96.88825745279843,2123.5726700898904,8998.942918688263,3,4
Cresco,94208,230560.7629017579,105.58286560846783,2183.6948786438957,26966.950666435496,3,4
Cresco,94208,143044.88287525278,102.91979947998344,1389.8674851486971,11510.20993241123,1,1
Cresco,94208,106618.30487029416,87.74384157089676,1215.1086955105206,3387.96607327148,3,2
Cresco,94208,82559.07870453405,70.15074766675512,1176.8809520993789,5533.343552461696,5,2
Cresco,94208,152182.09267556434,93.10505734060523,1634.5201541398362,7227.986935739171,4,3
Cresco,94208,375869.13943651615,137.6966233751826,2729.690316460294,4735.900127494807,3,8
Cresco,94208,181453.80757169708,103.33596779210197,1755.9598216252996,6380.235770965069,7,3
Cresco,94208,124638.83052833592,120.98375043945151,1030.2113306589356,3522.8772156247887,2,4
Cresco,94208,94498.93742424333,73.83608197644591,1279.8476692518568,8027.509338859994,3,4
Cresco,94208,120763.3190118233,91.97980582220588,1312.9329631903668,9224.737286440146,7,2
Cresco,94208,107896.72428165395,86.35209402496632,1249.4974846870373,4379.681029214,2,1
Cresco,94208,146350.5816565862,105.0815121860289,1392.7338749893268,25625.65806640393,3,2
Cresco,94208,248649.7884341705,147.74009731384066,1683.0216911660066,8310.747015990044,6,2
Cresco,94208,210828.67525961617,115.85141414164143,1819.8196096411418,4900.79296691458,4,2
Cresco,94208,274059.5162943443,135.93302953470194,2016.1363079484702,3009.3315018943276,8,2
Cresco,94208,182350.58756024533,104.2340037731057,1749.434742593042,8292.962597402688,3,6
Cresco,94208,122917.28366644087,130.55663410670113,941.4863098108306,6842.46756703144,3,6
Cresco,94208,167376.98720437963,142.07182439548373,1178.115280187113,12797.707918859125,2,3
Cresco,94208,157232.9492719581,106.5921511409648,1475.0893718621214,7340.591187922339,1,4
Cresco,94208,158580.79337113322,99.60398248664357,1592.1129799443327,3908.7212415897957,3,4
Cresco,94208,165489.9796413538,86.94832431375657,1903.3141920501705,21799.18359637867,3,3
Cresco,94208,160311.91735923407,103.34607096670207,1551.2144376624274,10389.715985678476,5,1
Cresco,94208,170490.5480906134,109.70127140372647,1554.1346595990497,6868.709993432624,2,3
Cresco,94208,230251.50230180626,141.3841665268191,1628.5522485159609,8830.614995011247,7,3
Cresco,94208,125720.48104451223,87.31955056408107,1439.774715196798,10631.982927210698,4,3
Cresco,94208,171472.71327915468,109.33983391299124,1568.2547443377916,3394.4018955617853,7,3
Cresco,94208,160388.0723574338,78.87751433275108,2033.3814232637192,8793.898015684314,6,4
Cresco,94208,152423.13684154034,101.43275683581466,1502.7013126367242,6106.583537946307,2,3
Cresco,94208,172757.9446463435,113.43188723241107,1523.0104061689376,10846.273156032283,4,4
Cresco,94208,177589.00959616387,116.70229543852886,1521.7267914812023,5131.163245137277,6,2
Cresco,94208,250360.7326486871,117.94486467111926,2122.6929493437456,5565.687007673126,2,3
Cresco,94208,133577.46093419436,114.83000125659213,1163.2627316245544,21696.787341737803,5,6
Cresco,94208,281810.523251098,117.80504884723445,2392.1769568343393,16743.142914416214,4,1
Cresco,94208,124777.90079047033,109.1135124115028,1143.5604814909816,1107.4995689193283,2,2
Cresco,94208,119013.45073933098,91.33640926299627,1303.0230956051794,16014.566769638155,3,4
Cresco,94208,144690.3626513364,78.27039022689885,1848.596413431593,7654.167922348479,4,2
Cresco,94208,197514.34507384629,99.48331611375067,1985.4017014069525,5230.633003570747,3,3
Cresco,94208,114722.9011641843,106.18175882784067,1080.4388854604672,4371.633335478155,4,4
Cresco,94208,150349.8184757395,128.75328832898603,1167.7357559332447,4526.59936128934,4,2
Cresco,94208,175571.93077488523,106.73466946949861,1644.938159714432,5320.035492345361,4,3
Cresco,94208,290025.67300803214,105.17467206429056,2757.5619425820214,4068.0427682658237,4,6
Cresco,94208,240225.4461468521,114.63693621037655,2095.5326798511187,3549.056327945844,3,4
Cresco,94208,149968.35216057414,103.980820137987,1442.269372001103,4285.398091236132,2,2
Cresco,94208,101875.41713076383,121.54576546388196,838.1650873804955,9713.122970263134,2,4
Cresco,94208,220121.7724004409,140.54505763363915,1566.2007338190117,8244.082174904122,5,5
Cresco,94208,241895.72896326956,143.98231392625206,1680.0377933026475,11166.915266770313,3,4
Cresco,94208,153326.67439770812,109.9474439161728,1394.5451475398459,7687.684540815167,2,3
Cresco,94208,141232.9785006639,113.84635383430687,1240.55776706047,3652.580643160257,3,5
Cresco,94208,214034.0419597477,134.03509566473116,1596.8507419513617,10762.911415426739,5,4
Cresco,94208,128441.93419933511,105.93229233680967,1212.4908407622906,4378.157502496036,2,1
Cresco,94208,292633.8864952527,119.4106078630485,2450.652347661384,11791.867782071193,5,3
Cresco,94208,201606.90950782792,89.91740451189207,2242.13444107102,3974.4625837348362,4,2
Cresco,94208,186890.6470551022,103.31715422521577,1808.9023885395532,5296.019845224344,4,4
Cresco,94208,199565.23946704934,127.1632211508778,1569.3628838661402,6440.502450514628,3,2
Cresco,94208,125809.21552272383,96.69537087496529,1301.0882980675985,11990.137325548652,2,2
Cresco,94208,162260.33463544588,106.28846406415973,1526.60343776818,8891.003234699952,4,2
Cresco,94208,191379.45154272104,82.78043510591475,2311.8923124510948,8096.584733870276,1,1
Cresco,94208,268805.0824310474,140.9747665114014,1906.7602598888336,24799.97915665242,3,1
Cresco,94208,208140.01683008365,128.9011527889087,1614.7257982319074,2657.143423860755,5,3
Cresco,94208,215424.6498178819,111.427652497596,1933.3140830776238,4290.550112450812,2,4
Cresco,94208,205113.70261175637,116.61987549213428,1758.822857134595,4181.744294618474,1,2
Cresco,94208,194523.12570168113,114.80552167741793,1694.3708182281928,2765.0263250050766,1,4
Cresco,94208,256622.93869005845,130.87267970139195,1960.8595107518765,5195.172525682281,5,4
Cresco,94208,174519.3185955541,99.93664591123216,1746.2995381150708,12086.66815694386,2,2
Cresco,94208,228754.0121265264,120.27337629574338,1901.950532793202,5609.452395558899,4,4
Cresco,94208,201129.5550651575,125.88394389709151,1597.7379548068361,6551.144442877059,5,2
Cresco,94208,184513.510815591,128.12573131308005,1440.0972304675106,2845.9833375270587,2,3
Cresco,94208,95860.49732769524,71.64279659787384,1338.033994760893,4960.597496985364,4,4
Cresco,94208,128095.34759515541,98.62849371856095,1298.7661350753153,6064.319362827858,3,2
Cresco,94208,94310.54994785822,91.8028719654269,1027.3158990426325,11762.091734199257,4,7
Cresco,94208,135368.21829943542,110.80163237609429,1221.71682308754,2928.5039721650483,3,6
Cresco,94208,91694.65590208086,75.59842076668575,1212.9176108727434,6088.71035084995,3,3
Cresco,94208,101540.49732939656,75.11737709623375,1351.7577590510361,15356.400529362085,3,2
Cresco,94208,325758.0524061154,143.64597914044455,2267.783994758513,6125.078485487753,3,2
Cresco,94208,174689.8218799149,118.41084985091473,1475.285601782761,2248.1433396960156,5,2
Cresco,94208,179868.08578100664,110.33706575281829,1630.1691961244887,17235.082868146077,4,1
Cresco,94208,187773.84446821088,114.28168072694658,1643.0791293388418,12433.316787327638,3,3
Cresco,94208,252750.36333385433,110.7488448860048,2282.194126665732,13478.284661103215,4,2
Cresco,94208,165556.6345261484,124.58243359757334,1328.8922823656671,2809.963105748522,5,2
Cresco,94208,142378.62629582925,98.089303435904,1451.5204136286472,19824.42923986953,5,4
Cresco,94208,166475.9985157391,111.4035173052389,1494.351368275069,5030.2812175632625,4,2
Cresco,94208,228485.1772682864,112.06684642096154,2038.8293644849937,5893.0764285329,6,5
Cresco,94208,196173.10346362393,91.35280045628049,2147.422985215524,5247.623156974683,1,3
Cresco,94208,223116.08333093763,129.12799811659946,1727.8675932811195,14120.16405823771,2,2
Cresco,94208,211205.11940160237,101.12530175453264,2088.5487186408886,7181.889644913054,3,1
Cresco,94208,200384.9750156525,124.9086979535786,1604.251571737015,10681.210408424975,5,3
Cresco,94208,162022.07851218942,110.2379638235316,1469.748468608814,8372.748078541383,4,1
Cresco,94208,278005.31671902846,134.92473824322545,2060.4473304063426,7556.562110423728,5,3
Cresco,94208,158515.1055464847,91.44186222653836,1733.5069702952776,4532.941667344277,3,2
Cresco,94208,115852.90940433227,90.73670330204689,1276.8031589011764,23729.663596811693,1,1
Cresco,94208,184405.0479719776,93.64746532042946,1969.1408340952619,3324.78617768451,2,2
Cresco,94208,161010.1327641996,110.53678582138642,1456.6203600706447,10245.04245956622,5,2
Cresco,94208,188499.10594909766,133.4273395075726,1412.7472423925494,10028.544702140782,3,3
Cresco,94208,257577.3489496367,134.26653331008524,1918.403213366418,15991.467733899668,4,3
Cresco,94208,106290.91460204282,70.82030541557295,1500.8536602366883,18398.986123395644,7,1
Cresco,94208,190148.36850566513,112.42911475925298,1691.2733762320743,7366.983898180031,4,2
Cresco,94208,101657.38592552321,56.14183258427305,1810.7243965171238,10997.611636122567,3,5
Cresco,94208,153043.27054996978,121.29363932387264,1261.7584186860843,23066.14061416902,3,2
Cresco,94208,213804.873258981,126.54640292382905,1689.5373421848637,7693.18968902182,3,1
Cresco,94208,231621.99874445278,107.71580919274118,2150.3064450827287,4218.929642426955,6,3
Cresco,94208,132581.18195731772,109.73516253296599,1208.1923323117917,6351.942515392813,4,4
Cresco,94208,188153.07921870987,109.56703702419007,1717.2416479344026,3657.039508042095,2,6
Cresco,94208,119252.31189129892,95.61850438990167,1247.1677177152462,9999.465367118366,6,4
Cresco,94208,228580.47760900875,115.38759339329333,1980.9796780309184,15151.738329045249,4,3
Cresco,94208,206735.8381452269,104.60834722912549,1976.2843369698767,7439.59674503048,4,5
Cresco,94208,173441.56989837956,123.4923568803574,1404.4721007828382,3024.862125229814,3,1
Cresco,94208,284010.0394178799,106.52293736592266,2666.1867053314704,14767.547588569723,3,1
Cresco,94208,190978.37479768958,94.37363889248012,2023.641104008623,2755.674291987,5,1
Cresco,94208,152729.3848723926,83.40375184274569,1831.2052095732756,3164.1000631474344,4,2
Cresco,94208,140961.09731372152,78.06869423630687,1805.6033688362334,7188.183585745451,7,1
Cresco,94208,254548.21754078448,129.70549564065132,1962.5091156199699,9304.635241760023,1,5
Cresco,94208,120752.48744474357,100.92840517460021,1196.4172745606043,10306.657451312509,4,3
Cresco,94208,183457.6523859799,113.87369274687225,1611.0626428334467,7688.746839244032,5,5
Cresco,94208,231973.97701665416,137.35729350525304,1688.8362539538728,22999.392459150993,3,5
Cresco,94208,137766.6243974149,99.22133419258714,1388.4778462060583,8319.004084862994,3,1
Cresco,94208,169210.24250950007,98.17003975264215,1723.6444330251577,14883.339049683396,3,2
Cresco,94208,221781.69928649324,106.22164463458803,2087.914379874668,12827.794731908425,3,2
Cresco,94208,150318.48885738134,108.8484432616772,1380.9888718023099,3682.9619360019974,2,4
Cresco,94208,210501.298727777,139.05309097408391,1513.8196299930455,7225.404721950148,6,2
Cresco,94208,167271.00226144842,133.82319666729686,1249.940267660079,28600.775980654376,3,4
Cresco,94208,116290.62841418496,118.46264032327214,981.6650050753556,5911.094620932878,3,3
Cresco,94208,245980.87256525984,131.9309455219286,1864.46683598106,5337.029512165289,2,3
Cresco,94208,160816.38756615756,105.47296084120322,1524.7167262923213,8862.127771365009,7,2
Cresco,94208,175841.88316370154,113.23306962193232,1552.919864760448,6039.550472678444,3,1
Cresco,94208,124066.5691667658,103.46874495120124,1199.0729106193282,4969.000901169524,3,2
Cresco,94208,128034.22424909004,87.39441675697667,1465.0160616681399,5986.287907608769,4,2
Cresco,94208,258255.31861829327,127.9395858652258,2018.5724134697823,18890.27698586636,6,2
Cresco,94208,179600.0991752365,117.01302877037219,1534.8726638610983,7370.387823967062,2,8
Cresco,94208,167971.89580546436,108.66379334723837,1545.7945156461196,3605.9906144808724,7,3
Cresco,94208,175090.88986166395,108.32988387550594,1616.275062778435,3229.7140981973353,6,4
Cresco,94208,94500.20484693677,83.88572416597925,1126.5350068380567,30069.894872820005,7,5
Cresco,94208,165914.34060641986,92.48064972193603,1794.0438470672384,6996.716167243515,6,3
Cresco,94208,127636.55031259812,113.83433785678854,1121.2482341942703,10383.195087373593,4,2
Cresco,94208,121049.04539895437,99.76900903711928,1213.2930512912865,5036.015559722871,4,1
Cresco,94208,123752.99437130231,104.83096565848909,1180.5003759524268,9699.100247745655,3,3
Cresco,94208,156673.52941321413,106.66876333898331,1468.7854673567404,19202.477989148047,4,3
Cresco,94208,136685.48226793864,97.27612892524236,1405.128717375079,5409.104927743801,7,3
Cresco,94208,142111.74775787487,92.63600374884905,1534.0876333910348,10533.847137892875,6,7
Cresco,94208,100544.51002034209,82.1603205304926,1223.7599533588293,3441.797197677013,3,2
Cresco,94208,209127.55272185078,105.9882721155279,1973.1197475688666,26927.853922767536,2,5
Cresco,94208,223863.2805086367,118.42579124567897,1890.325394104596,9398.622160166708,8,3
Cresco,94208,119971.4578140001,81.6519052011436,1469.3038394935063,6244.900652151037,5,1
Cresco,94208,147022.84924611216,107.97909057908979,1361.5862891383088,6690.690400591762,3,5
Cresco,94208,149943.79417491058,112.94012414412767,1327.639714505369,5890.958023426603,4,3
Cresco,94208,131049.52062345765,92.28387574718089,1420.0695361178628,6074.492479124172,6,3
Cresco,94208,142179.95316034727,131.48762621761995,1081.3181228553847,1842.170426844507,3,4
Cresco,94208,123259.63974212608,102.10000381859616,1207.244222645915,7543.317729545412,3,2
Cresco,94208,203063.34957963388,106.72397313429519,1902.696682067026,7355.985483495127,4,1
Cresco,94208,174995.22510534537,105.74848363302956,1654.824911840979,10725.654236610148,6,1
Cresco,94208,183761.47016354333,79.58517637357109,2308.991178218554,5844.817047880557,4,5
Cresco,94208,177664.593131222,124.76776930125997,1423.9622470306347,5037.045768564456,4,4
Cresco,94208,130153.57911268133,92.83756465996109,1401.949518919402,7962.767179081496,3,2
Cresco,94208,144849.5963821954,104.52524076182206,1385.7858190660284,3040.4960329026662,5,1
Cresco,94208,167311.61458159468,118.08527840627445,1416.8710684320542,8718.920672761915,8,1
Cresco,94208,171905.84176840418,132.1177156436925,1301.156630894346,2617.8411405982356,2,2
Cresco,94208,149129.54871858686,90.81516079162593,1642.1217274587273,15672.894118371594,4,1
Cresco,94208,156295.5488342207,101.11218607436979,1545.7637195111438,12061.318516825084,4,3
Cresco,94208,176752.99210389153,130.84190604008128,1350.889768066709,4589.311513786749,4,2
Cresco,94208,243185.67228921285,115.90790096456203,2098.0940062365985,11895.073819739493,3,4
Cresco,94208,294083.3952030047,119.28022602706342,2465.483215434889,8553.581432461478,2,4
Cresco,94208,187514.19600097966,91.2833280690905,2054.1998190409313,4366.8215179182835,5,1
Cresco,94208,180325.06210005647,102.20575948627884,1764.3336638407857,2376.706836438122,5,4
Cresco,94208,196122.2488660038,105.64175112893992,1856.4842665910458,9672.656155485362,7,3
Cresco,94208,230475.9351021871,94.4244917720113,2440.849093036933,4967.280133157277,4,3
Cresco,94208,150597.28697548012,81.14903344985781,1855.8112225518319,15431.691484905006,4,3
Cresco,94208,132665.57152471348,100.07159067801837,1325.7066328801216,8067.646322098541,4,6
Cresco,94208,220698.82921918543,130.3846318283447,1692.6751728665545,5257.690825407226,4,5
Cresco,94208,196211.13763030202,109.33189426941865,1794.6376850179981,23526.907862233456,7,3
Cresco,94208,156419.61892212243,130.70978594559202,1196.6940179003288,11305.727291133448,6,6
Cresco,94208,159024.71023721434,111.28007447125796,1429.0492794223294,892.6056764223634,6,2
Cresco,94208,193844.3808056737,95.93929350168288,2020.4899758019735,5975.133737458443,4,2
Cresco,94208,125618.9483564687,129.13833586958825,972.747151421607,3486.8130278147933,5,3
Cresco,94208,125529.21395475682,111.82146757962704,1122.5859995565577,4950.867328188711,3,3
Cresco,94208,182083.17575791405,124.00517114052356,1468.3514734363464,7334.594317751292,2,1
Cresco,94208,152560.79261092906,91.00379141434955,1676.4223802094596,9893.42749062618,2,3
Cresco,94208,136891.63823755182,125.25550286582856,1092.8991948895664,9358.27507781089,4,2
Cresco,94208,186942.94127602867,125.74532961860872,1486.6790030535135,15274.203926864991,1,3
Cresco,94208,231546.91177289232,113.08030981508767,2047.6324494646751,11721.216412024887,5,1
Cresco,94208,148701.6993339725,95.25307803411908,1561.1222482564651,11294.204286640907,3,4
Cresco,94208,208855.02970774556,107.62210348486214,1940.6332244483829,9028.054859752205,7,4
Cresco,94208,156568.7442264722,118.30684324393128,1323.412407375713,17314.094024309645,5,3
Cresco,94208,140596.60219250337,112.18305295907832,1253.2784452192582,6617.221810423504,3,1
Cresco,94208,224155.16872710924,118.14090044931076,1897.3544968305425,6721.152080818046,6,2
Cresco,94208,210075.65552153107,124.82456335185181,1682.9672772767967,2550.0106353734354,2,4
Cresco,94208,111616.17046760282,97.82917542611274,1140.9292778093889,15076.541125960286,8,2
Cresco,94208,112540.87734011712,89.59366824348245,1256.1253439726638,7639.148073161277,3,5
Cresco,94208,244518.74274638685,107.75978801429353,2269.109351940756,46507.09889652134,2,2
Cresco,94208,125452.59974908938,103.00986008099086,1217.8698199420235,6272.167110723927,6,2
Cresco,94208,234817.09446165574,121.1443263690598,1938.3251490152156,8436.676229135604,4,3
Cresco,94208,123778.51806854259,90.90349142690125,1361.64756848836,11104.434286825603,2,3
Cresco,94208,191601.24092027193,124.95681755569528,1533.339634189004,4130.099744477896,7,3
Cresco,94208,215356.4878286036,130.37364164673747,1651.840702679281,9920.171108684754,6,4
Cresco,94208,98356.02730203426,108.37495734656565,907.5530889254012,8168.116967020445,5,4
Cresco,94208,116417.54121394508,109.35729608938689,1064.5612627326416,6667.390992598102,5,3
Cresco,94208,150364.12783005234,95.89314784925325,1568.0382926466134,16167.513945881808,4,3
Cresco,94208,127461.31795516201,99.54877575672707,1280.390612403375,4651.511920446732,5,2
Cresco,94208,200283.14678302826,101.73228308776409,1968.7275337195047,9434.590819609157,3,2
Cresco,94208,135394.47527001813,131.82571227273948,1027.0718279139285,19148.80126445286,4,2
Cresco,94208,189477.06733117442,107.20170444125297,1767.4818541248915,5235.532132250432,1,1
Cresco,94208,94508.04035832749,86.87741750333835,1087.8320635474222,6694.658382424191,4,3
Cresco,94208,158120.1098350035,112.52091250820168,1405.2508667975662,32675.458114966703,4,4
Cresco,94208,143242.993739441,121.80175912079741,1176.0338666158275,10634.2101904388,3,4
Cresco,94208,266555.33760724,107.95692548599281,2469.0897448892706,5904.5489109258315,4,5
Cresco,94208,145195.96068392892,132.25279906948208,1097.8668255455739,12948.97193488863,4,5
Cresco,94208,180114.0695143326,121.00879214074081,1488.4378756945912,5689.289719455641,2,2
Cresco,94208,90999.84859126084,91.315887931308,996.5390541864424,3128.307073629897,2,7
Cresco,94208,227545.20978205654,99.40618391809029,2289.0448140485055,18226.196163210563,2,4
Cresco,94208,190087.57340204655,112.04742131769774,1696.492174175743,4127.227950536911,3,2
Cresco,94208,129082.28475332937,81.28526084125849,1588.0158766472239,34829.652826749705,3,3
Cresco,94208,252546.04961994462,113.83764694595358,2218.4756659617647,5964.600721349794,2,5
Cresco,94208,126951.01186914719,79.73459685376207,1592.1697340739402,28771.932633658715,4,3
Cresco,94208,202653.99031966587,125.0064225369289,1621.14862746191,3519.2183333744515,4,3
Cresco,94208,195257.30026520893,123.11818738313163,1585.933844669005,14801.635677888778,1,2
Cresco,94208,205961.56491967014,116.57547341235494,1766.7658461152932,10797.097040693698,3,1
Cresco,94208,132129.9703278973,97.383259248271,1356.803739655522,13224.739460393186,3,2
Cresco,94208,161649.68000699845,111.13673201550539,1454.5117269099264,14299.93748653879,7,2
Cresco,94208,187962.7534313893,100.02479225170562,1879.161647828208,5934.569302289224,5,6
Cresco,94208,150680.97670142315,91.61358225741046,1644.744949259255,3647.8400907470905,3,2
Cresco,94208,153405.47641592598,102.86356297214984,1491.3490451177574,7759.290530056108,6,3
Cresco,94208,129447.14461772764,119.72065542844726,1081.2432003021697,9145.479342141167,3,2
Cresco,94208,243436.61094657614,109.0822216115767,2231.679987353142,6027.514694540591,6,5
Cresco,94208,171625.86357773957,131.95201517176713,1300.6687571563605,9449.61428032462,4,3
Cresco,94208,237303.01853039477,120.81814555952161,1964.1339256733281,9749.508372300685,3,2
Cresco,94208,190938.95521468396,119.07734852544279,1603.486788873929,4634.024318106406,3,2
Cresco,94208,91307.28141200765,82.21609447548698,1110.5767306817431,10139.354229629089,5,2
Cresco,94208,217706.26046941924,103.73460551306087,2098.684999019046,6814.920008143139,4,5
Cresco,94208,148931.24632140558,91.06809428218688,1635.3833633536005,5256.4347962766515,5,4
Cresco,94208,225832.93275792207,105.39519669027364,2142.7250942144974,12831.03216352535,8,1
Cresco,94208,142363.82409550922,97.10044996756713,1466.1499935691409,5019.080826581202,5,1
Cresco,94208,187072.84702162255,102.23184268556668,1829.8882433040005,6082.653232643944,6,1
Cresco,94208,124072.9432228287,125.61973079610314,987.686746632302,8353.428486628587,2,2
Cresco,94208,157212.8479333657,116.09542522095434,1354.1691899931125,18247.50784147667,3,2
Cresco,94208,139244.93910772534,124.74114860031098,1116.2710995542188,8981.006768314091,5,4
Cresco,94208,115068.2861503645,82.35009572139064,1397.3060400520606,10983.724005192966,1,4
Cresco,94208,188746.51631989155,109.31240768083592,1726.670561232013,6691.620152499412,4,3
Cresco,94208,163703.68923368375,124.08427282509246,1319.294423914933,7631.983460772134,2,5
Cresco,94208,253019.2024720077,132.85559324444816,1904.4678232437232,7768.796032242349,3,2
Cresco,94208,103068.82414182929,83.20504918135369,1238.7328071542934,9539.34937348415,3,3
Cresco,94208,196554.410964261,102.65645775238211,1914.6814069736402,6698.348462325485,4,1
Cresco,94208,266519.9321669985,125.18187169928443,2129.0617287400887,17875.68613405896,4,2
Cresco,94208,208077.18143899034,105.24441988609355,1977.0851667403658,6395.16220194483,4,2
Cresco,94208,131750.7900976166,93.57070549753406,1408.034591564437,2872.2533484861633,4,3
Cresco,94208,75024.39653284829,83.17398835395815,902.01754199368,41476.18903168958,3,3
Cresco,94208,164980.64210515018,92.94838220328289,1774.9705610187925,6573.328512499792,4,4
Cresco,94208,120342.96612609044,80.9160589266623,1487.2568897005035,17590.22612416071,2,3
Cresco,94208,131357.94410191922,109.32030395606552,1201.587805269096,18584.279717091904,4,2
Cresco,94208,164164.4240650534,122.939970224925,1335.3218140911058,14105.575278177128,4,3
Cresco,94208,193008.10558228006,87.87222480656119,2196.463171464718,7103.767022681111,6,3
Cresco,94208,129981.12376665234,112.55952580825627,1154.776753307166,9501.526155054165,7,3
Cresco,94208,210659.7227224845,122.11030321915729,1725.159279511437,3723.76560646082,2,3
Cresco,94208,175541.6959660509,108.32597479291665,1620.4949579417903,26404.387934227292,3,2
Cresco,94208,115341.42899547277,82.18735888897272,1403.3962224201416,4798.761879019751,6,1
Cresco,94208,206694.60485057536,114.64806192681633,1802.8617438166152,6869.566226788077,4,1
Cresco,94208,248048.39759940194,107.48168658938116,2307.8201084342522,8489.528254207135,4,3
Cresco,94208,150813.6349338912,105.8259386846688,1425.1102972332044,7500.560032673533,4,4
Cresco,94208,143654.68344030576,99.48088715154077,1444.04304739939,5394.1636973641935,1,3
Cresco,94208,196810.96883889346,109.78077300779768,1792.763554551707,18468.100988247817,1,3
Cresco,94208,225212.35482723976,116.65734501075956,1930.545863241341,14148.507079484472,2,6
Cresco,94208,218835.278988402,147.23118074769638,1486.3378659131342,9705.278029467205,4,3
Cresco,94208,156672.7725720453,110.19601393766821,1421.7644266213333,6294.710692133829,5,3
Cresco,94208,117177.03302430113,132.934355126586,881.4653887832076,15150.09897271507,4,3
Cresco,94208,144252.3320380774,114.18548775864559,1263.3158107007805,6054.249135785068,3,4
Cresco,94208,123214.12014140673,106.75211726992195,1154.2077411903758,20525.677142085864,4,3
Cresco,94208,201741.4939430001,110.78471433671092,1821.0228292852914,8552.076260637634,2,3
Cresco,94208,127789.2751202884,88.51006444246342,1443.782420962519,16731.789249799018,2,5
Cresco,94208,162048.50497135308,113.34191163120975,1429.7315321328276,7471.900212428707,2,3
Cresco,94208,116344.22754401928,75.98798633879618,1531.0871250791251,8350.834307225661,4,2
Cresco,94208,116475.0016657846,94.34692701934297,1234.539431707245,16688.071429742864,4,4
Cresco,94208,249247.75024431496,110.15555440043667,2262.6889002641788,29838.414267755277,4,2
Cresco,94208,271263.60074458126,127.7787788416587,2122.9158957664363,20402.585483012303,6,3
Cresco,94208,302696.2012007985,131.6255148854074,2299.6772431570316,13541.002617554901,6,2
Cresco,94208,190284.6146670624,104.52481707464679,1820.4730703443367,11393.142068615543,6,3
Cresco,94208,168934.79995913676,110.90126288762708,1523.2901371945,5901.888164081143,4,2
Cresco,94208,285772.45820199995,124.37130412429066,2297.736284218848,9550.365121151452,2,4
Cresco,94208,112294.82986434827,86.75841723721801,1294.3393095485787,4625.627471528547,3,3
Cresco,94208,141872.90772109944,114.94937307265617,1234.2208045921718,10023.284355019752,3,3
Cresco,94208,125313.21604277373,94.91218749453509,1320.3068999962632,10417.34221546379,1,3
Cresco,94208,184638.430555962,105.5768979862576,1748.8525811773275,2466.8313104615722,3,2
Cresco,94208,127986.96781514774,100.90834755158966,1268.3486641153654,8188.123143498954,3,4
Cresco,94208,170410.474037502,115.44696403423117,1476.093160725938,10261.166026921537,2,3
Cresco,94208,120619.9655332503,117.31546137285477,1028.167678170681,7608.116419673299,3,3
Cresco,94208,212623.0178663518,122.8549294404334,1730.6836513177336,9917.20219768963,3,3
Cresco,94208,119752.73783991538,114.03014605610385,1050.1849026922755,3576.5841456620906,5,1
Cresco,94208,135121.6236629816,111.1603178577294,1215.556290833205,5022.475593907265,2,3
Cresco,94208,288144.63626795675,138.5080838880297,2080.345263464143,14885.75089440844,8,4
Cresco,94208,172303.06084620586,83.5907811344098,2061.268701020405,8002.744465747864,6,3
Cresco,94208,229059.63294864577,135.93298608133085,1685.0923352157936,9809.672909558836,3,5
Cresco,94208,170419.4446538049,103.65879996038979,1644.0422300752641,5763.407301739731,2,3
Cresco,94208,158098.36161096607,117.65012818220998,1343.801014531086,8094.120675901867,3,3
Cresco,94208,130384.14723587199,103.07623906211072,1264.9292254183463,2010.2000281231283,5,5
Cresco,94208,135894.02293827594,96.94983454082355,1401.694222397603,13290.48950638962,2,2
Cresco,94208,122186.20670731581,116.24704455746658,1051.0908657717591,23669.83008611668,4,3
Cresco,94208,204823.25195835577,125.31031672068208,1634.52824411025,4222.515380278345,9,2
Cresco,94208,180286.7045226187,116.05898081197266,1553.4058912226833,4550.52326284717,3,3
Cresco,94208,120979.79070261087,99.55763682957641,1215.1733865449728,10422.526575840404,4,4
Cresco,94208,379498.7098747103,167.07430094610012,2271.4367663111784,19370.84529744728,3,3
Cresco,94208,228344.37881207064,127.85341430676637,1785.9857716759154,7989.939208091638,3,3
Cresco,94208,225378.96628815384,123.541945826041,1824.3112878075372,3826.118065196396,5,3
Cresco,94208,139429.72085538736,102.6323899471701,1358.535262865443,7058.772712921378,10,3
Cresco,94208,150655.1353100389,98.20761752846752,1534.0473488868454,4312.346956986584,4,3
Cresco,94208,186373.78413543588,103.8210759026351,1795.1440255754997,5355.551925765998,6,1
Cresco,94208,200800.76300075333,125.948804082372,1594.3046419831605,6665.979350779106,4,5
Cresco,94208,211326.92416108615,92.26723119866388,2290.3789505297996,4580.676931008942,2,1
Cresco,94208,132716.9381086527,91.00581261779435,1458.3347402878155,5016.327574779729,3,3
Cresco,94208,158456.0084165402,117.14061492855004,1352.6991343966438,8365.883452335538,3,2
Cresco,94208,204205.15941835986,113.55869780587999,1798.2344229363491,9101.716562378264,6,1
Cresco,94208,107216.0148005632,95.84816828481455,1118.6026474910705,3404.347670575151,6,2
Cresco,94208,175234.13840730442,90.63194023107131,1933.4700102473253,10147.93843682114,3,4
Cresco,94208,146046.16480222216,131.74373457570056,1108.562507906616,6361.608306734185,3,2
Cresco,94208,205532.79277429156,114.17328543545703,1800.1828710664606,12324.61467577708,7,2
Cresco,94208,112494.28006200357,86.20504276716896,1304.9617104864637,12778.193101475712,3,5
Cresco,94208,150989.98420191553,87.34147009821427,1728.7318845461311,5770.25822820397,7,2
Cresco,94208,197329.83975388933,102.4934421318314,1925.2923469979216,11564.385480203779,4,4
Cresco,94208,191797.9119357656,120.28270999365003,1594.5592840890515,4841.709776045094,3,4
Cresco,94208,134206.37759040258,118.04216558267115,1136.935915466671,17702.374433731187,4,4
Cresco,94208,155460.4172856799,126.7660004582233,1226.35735704948,4952.833421325206,3,4
Cresco,94208,107619.55707152424,84.14361870482101,1278.9984401438414,9885.720150780146,6,2
Cresco,94208,107025.51539076476,112.00873986571321,955.5103960554969,7148.310641646643,2,2
Cresco,94208,267599.13280958356,131.54888540704988,2034.2181690217694,4346.2127475700945,5,1
Cresco,94208,205115.9413583101,130.03535852975423,1577.3859023995863,13735.599946966475,5,2
Cresco,94208,131940.51630965882,114.20426120285391,1155.3029188228022,5534.285423382768,6,2
Cresco,94208,323580.21706718026,146.53821486742308,2208.162678656429,2884.6346169237963,5,2
Cresco,94208,152309.7094599495,118.27423420989801,1287.7674539802952,1419.3989733061567,4,5
Cresco,94208,204743.63022119264,125.32036789015245,1633.7618031943327,4732.316008338745,4,1
Cresco,94208,136199.51194197036,109.09252314365526,1248.4770543130628,18264.998776463755,3,3
Cresco,94208,88644.37488881759,95.67485612716969,926.5169395289471,17014.81818258065,2,7
Cresco,94208,102713.87835712337,94.14303683674109,1091.0406314515376,5198.0445161330135,3,4
Cresco,94208,152711.20583653596,111.3222461240907,1371.7941485505876,6390.21933712481,6,1
Cresco,94208,201568.273835886,104.93192912764647,1920.9431820383707,6052.63489064209,5,3
Cresco,94208,133239.75614236083,79.6207556427214,1673.4299375434405,3594.418603355192,3,3
Cresco,94208,145731.15762057854,91.69521238023962,1589.2995265255931,4527.375531365841,4,3
Cresco,94208,95808.14884703964,103.19419070196369,928.4257979574087,14413.009746352667,3,4
Cresco,94208,253371.42654880745,120.1922898955465,2108.0505810231316,10824.090636647908,7,1
Cresco,94208,175440.38806455035,108.1087109434924,1622.81454041434,9424.332012317927,5,6
Cresco,94208,159663.82141109824,107.1985602262089,1489.4213231425672,3590.7229989309403,7,6
Cresco,94208,188046.09289060647,92.3272417917476,2036.7346542720443,8498.27728073139,4,1
Cresco,94208,227952.31344990767,108.74657621444945,2096.1792213152826,2007.9906792019733,1,3
Cresco,94208,265863.19774392684,129.81264675164826,2048.0531319307,13264.922649973714,3,2
Cresco,94208,159986.57438844183,110.89895124544672,1442.6337904165757,9342.61771385569,6,6
Cresco,94208,100144.63205887268,83.8678640762216,1194.0763385586913,3569.059338372899,5,6
Cresco,94208,172967.47653647096,88.0258712171827,1964.9618247993849,21100.50293909174,3,4
Cresco,94208,128658.73904345425,117.94105759370098,1090.8732011431928,2723.023234061398,2,5
Cresco,94208,261486.10629872238,104.72363979251871,2496.915756717258,10997.03016152205,5,2
Cresco,94208,165594.69269188904,107.15766106955233,1545.3369459455378,11162.328733562925,7,1
Cresco,94208,115834.26238487237,98.40969961804763,1177.0614363670836,3802.4259771375378,9,4
Cresco,94208,131449.5224937039,116.55321721541569,1127.8068991502535,7820.364206498752,3,5
Cresco,94208,115376.89159198896,103.47843211234023,1114.984922333683,2996.2000517952283,2,2
Cresco,94208,167417.86721121284,105.33650877419068,1589.362217900212,1450.0774254713997,4,3
Cresco,94208,144834.59018873805,94.53293815682005,1532.1071471244543,4215.279101532621,3,4
Cresco,94208,138976.94888456023,123.35255289695979,1126.6645531094275,5526.012985128386,5,1
Cresco,94208,147075.62689722792,104.77537590587926,1403.7232090615203,11775.195587480977,3,2
Cresco,94208,128904.40689477052,118.25139875502826,1090.087798130923,8330.191063549171,7,2
Cresco,94208,158196.74616347434,88.96757233084503,1778.1394053912784,8461.85838973042,3,2
Cresco,94208,206711.11554713055,136.55513735591347,1513.755685429575,4352.666160074414,1,4
Cresco,94208,180277.0484361093,129.1343536830517,1396.042519239943,5820.782828160891,5,5
Cresco,94208,85990.37719172428,77.32528398085933,1112.0602830635562,4579.022629855718,4,3
Cresco,94208,135719.5750261868,95.33410537410178,1423.6203769218569,3836.1034983669624,4,2
Cresco,94208,160662.58411624754,116.13418584306119,1383.4219695943805,5602.550191871217,2,5
Cresco,94208,144406.05232591374,86.91715082996987,1661.4218361621806,8365.774955264584,6,6
Cresco,94208,169968.198158773,106.23087239739407,1599.9887257156938,5673.796270963327,5,3
Cresco,94208,215689.28684404516,115.30511299694582,1870.5960320229535,6588.593788107893,3,2
Cresco,94208,143243.96565570965,105.36718793781752,1359.4741252869453,12138.599641879548,5,3
Cresco,94208,112890.22590200452,117.12909254534726,963.8103006586375,5923.863714378311,5,2
Cresco,94208,190900.49302197373,97.09957573574411,1966.028085864229,3593.266089308393,3,2
Cresco,94208,87301.44863818483,71.8897069412861,1214.3803661556979,11217.932956433984,5,1
Cresco,94208,144675.10232978585,124.33477545689915,1163.5932248089168,9383.485953245228,4,3
Cresco,94208,188597.7793280268,124.23235510163593,1518.1051600747066,9743.859001595378,4,3
Cresco,94208,246709.46555722065,149.067865438718,1655.0144112625214,11645.789940504079,2,2
Cresco,94208,97416.58764800392,72.49107955771875,1343.842418161796,10521.559713554518,5,3
Cresco,94208,161716.06933689874,120.57515135348717,1341.2056092950675,8139.093068513477,4,3
Cresco,94208,106277.16172625464,76.3680875043855,1391.6436197273053,33592.84639500388,3,5
Cresco,94208,299403.9118970288,136.92267654027316,2186.6641776387196,3700.4716847825866,4,3
Cresco,94208,178350.38869475314,116.3005193151455,1533.5304583762686,5627.082909591589,4,7
Cresco,94208,111914.04392635023,92.89592061659867,1204.7250641741678,14294.032757439369,3,3
Cresco,94208,146207.07552431407,121.05290643588364,1207.7948380508606,8714.5436768138,5,1
Cresco,94208,143232.8599132438,99.37997687705736,1441.2647739940278,12606.283272554001,1,2
Cresco,94208,184441.89480037693,113.25341390625566,1628.5769094170248,8857.773184078584,2,4
Cresco,94208,193487.88831981644,111.71799442233677,1731.9312732052651,18244.715425602193,5,1
Cresco,94208,216422.77458860495,136.72232513714235,1582.9366153005174,4370.7517885299185,3,1
Cresco,94208,171417.70541231093,137.87252813141131,1243.3057385364434,17902.090170365384,6,3
Cresco,94208,136175.9831396557,98.66115272475253,1380.2391253177736,16151.928230231168,4,2
Cresco,94208,231500.65812965448,125.57003587333458,1843.5979293911694,3870.0525011627983,7,3
Cresco,94208,131515.96528324037,114.13810414887297,1152.252933093238,11679.565631357442,4,4
Cresco,94208,116655.11109326882,85.40614665976915,1365.8865978111105,7796.053018379535,4,3
Cresco,94208,172925.25606686622,97.05245956286004,1781.770980825726,5559.411905123559,4,1
Cresco,94208,279507.9724237903,146.3452229220417,1909.9220790601728,2576.0829990449743,3,3
Cresco,94208,166976.25155211068,114.18710221715672,1462.3039582400606,4362.098893026309,4,3
Cresco,94208,172556.52690937754,124.6219169548471,1384.6402874054495,12235.099457446242,2,2
Cresco,94208,115693.03506627253,104.92311368031838,1102.6458423524118,13036.411191397421,6,1
Cresco,94208,174294.02830796965,99.59297420527975,1750.0634929198627,7049.912837934001,3,2
Cresco,94208,232193.16746978022,108.81319820385221,2133.8695241250625,13061.025298795177,1,2
Cresco,94208,303186.4038257183,104.04434552994512,2914.0113504626534,14105.962613934986,10,1
Cresco,94208,142140.74303054682,84.09642697961586,1690.211441028289,8777.797455162345,4,2
Cresco,94208,139486.45867167955,92.06044302635598,1515.161714263595,5186.408051845908,6,5
Cresco,94208,146167.87524377694,119.87701672402802,1219.3152552359038,10423.616086424476,2,5
Cresco,94208,98030.66027291889,102.18168250329576,959.3760630214424,10714.868606506727,5,3
Cresco,94208,174492.45740260277,108.78784570980464,1603.97015185012,11986.82555044348,5,6
Cresco,94208,309825.72445198643,112.1887916473574,2761.6459710686645,13446.024735746014,4,2
Cresco,94208,239220.27722805078,113.45878506857271,2108.433270138313,3532.983854757175,5,4
Cresco,94208,257658.4658755226,127.008215931212,2028.6755780828473,5891.343054233923,3,4
Cresco,94208,147688.42137538656,90.51015017815348,1631.7332485327624,2560.6694655064152,4,4
Cresco,94208,197502.21681160788,117.6397431475634,1678.8732406859106,12523.90433239594,6,2
Cresco,94208,101002.368469385,120.64335429755864,837.1979464386369,7043.144081028445,3,1
Cresco,94208,230981.09070453033,124.39551359355897,1856.8281446163844,10359.769464250609,4,4
Cresco,94208,113383.98875821565,85.40231796271155,1327.6453316843401,3300.3690408013886,3,3
Cresco,94208,144875.10617194636,112.51221380383963,1287.6389262460882,18541.844661538955,5,3
Cresco,94208,192873.455870573,136.26567254668112,1415.4221842225122,3907.2665713392175,2,3
Cresco,94208,149839.17438614898,106.75874640084952,1403.5306655207846,12732.776865272608,2,4
Cresco,94208,149067.5306055841,116.22944812778054,1282.5280770644454,8586.675525082866,4,1
Cresco,94208,186412.32972033878,121.05572058777948,1539.888646444991,7140.450539736327,3,3
Cresco,94208,122388.479973958,91.70047494438408,1334.6548101107007,6802.87609366478,4,3
Cresco,94208,217430.25084592495,138.1797378822591,1573.5320834896504,5455.387955966877,6,4
Cresco,94208,123254.32893094886,116.48963520512802,1058.071207055536,17401.54939281593,3,3
Cresco,94208,169918.2148098823,116.81477799612125,1454.595195271649,8060.771264226428,2,4
Cresco,94208,94913.3949648874,81.35291395674975,1166.687096363222,3735.6006545312616,5,1
Cresco,94208,158543.4784163205,121.2857229673565,1307.1899522666138,6353.878541983022,4,3
Cresco,94208,185463.4495152346,116.60195330428857,1590.568976415366,8640.366129361222,7,4
Cresco,94208,138494.06308961625,134.77204212778602,1027.61715933859,13709.989264701395,4,4
Cresco,94208,129072.80574092685,103.31022830887558,1249.3710240870503,5565.961295650084,5,2
Cresco,94208,163316.67810777464,92.31512002321253,1769.121657066674,5793.726001555507,2,3
Cresco,94208,104850.93220980205,97.27986402044583,1077.8277011958505,8113.2685817031725,7,2
Cresco,94208,239724.66183924527,100.16132630083885,2393.3854581679752,13510.895495121567,5,3
Cresco,94208,187013.43794132845,90.18259042451545,2073.7199614803953,3519.042094469138,5,3
Cresco,94208,175400.4935153425,129.3421962663281,1356.0964525001255,10833.620632888626,5,2
Cresco,94208,163793.7212727815,129.9523926108857,1260.413278909195,6055.7245034897105,5,1
Cresco,94208,169774.26653208176,105.18730800211783,1614.0185518262674,6584.918724714338,2,2
Cresco,94208,108984.65395616215,101.98549108656039,1068.629005901057,26586.059215390163,3,4
Cresco,94208,73358.66825779314,78.85843375803792,930.257738606377,7110.410707742876,6,3
Cresco,94208,163736.19144846138,119.68319818558776,1368.0800139929624,12581.881361322467,3,4
Cresco,94208,200705.0260382469,135.2474956890185,1483.9833079034472,12314.652874959696,6,1
Cresco,94208,153998.00437514303,98.01208127358728,1571.2145112527376,3940.9712111311496,3,4
Cresco,94208,140111.04727410604,106.47160914124177,1315.9474943995567,2643.767403159347,1,3
Cresco,94208,243566.45137781746,115.42962484941786,2110.0861385936128,13092.385440582564,4,3
Cresco,94208,144035.28765000185,136.40128266089434,1055.967252214822,4175.832861577325,5,1
Cresco,94208,128863.54645720824,111.61746237404039,1154.5106268889597,2947.4245906739907,2,1
Cresco,94208,193319.72214442198,111.54681099996907,1733.0815682796667,14807.5749471274,2,2
Cresco,94208,127730.6728078894,111.28491189560317,1147.7806886140509,4339.614422460304,5,3
Cresco,94208,96856.12214734389,85.20538408402734,1136.7371110237223,5032.571349969209,4,4
Cresco,94208,134287.86588753594,84.85169452666864,1582.6185515402954,26155.655397869425,4,3
Cresco,94208,112304.68923765245,95.23563452845319,1179.2297052853635,2955.3004619231406,4,1
Cresco,94208,185297.78671390092,124.83504272626452,1484.3411166223393,3764.7065507096113,3,3
Cresco,94208,132583.99424029244,102.91860313973962,1288.2412916183296,6071.603001951069,3,2
Cresco,94208,123421.29952889938,99.76102138469433,1237.169565986772,6926.034573285833,4,4
Cresco,94208,90249.32791290378,99.47540322234099,907.2526975455864,4679.514533585921,3,2
Cresco,94208,168648.97451015803,106.1323186119874,1589.0444750079128,3991.824854191082,5,5
Cresco,94208,152838.73919105245,136.03861552278923,1123.495256135188,19795.17332144172,3,4
Cresco,94208,155834.1170522505,105.91221089680045,1471.3517519154932,9367.377890346463,4,3
Cresco,94208,129058.62212360189,95.588342526929,1350.1502245134516,11365.049220794657,2,2
Cresco,94208,158530.3509835906,108.78038032353649,1457.3432314916245,7367.706293735391,5,1
Cresco,94208,202364.84574482543,136.89976155345667,1478.1972112187057,9517.3315581183,3,7
Cresco,94208,161383.05133178088,100.1963327813421,1610.6682435570394,14001.753031969803,5,6
Cresco,94208,114076.7300823541,89.17217308545078,1279.286195852131,4400.25341222224,4,2
Cresco,94208,209839.97264211808,100.22613641489721,2093.6651870272863,9377.780734825397,5,3
Cresco,94208,106812.3731021093,110.46311891621195,966.950545576467,12146.814200987188,6,4
Cresco,94208,173363.99736769657,119.55770077614132,1450.0445913751857,20212.87847466573,6,4
Cresco,94208,235924.19078450813,124.73739601326925,1891.366970330302,25743.344548363068,4,9
Cresco,94208,157963.9938905536,91.37134285310538,1728.8133123369653,8342.454018147962,3,3
Cresco,94208,111743.10253127018,92.9135336657006,1202.656901774048,15841.370616971979,3,4
Cresco,94208,129286.08023063627,103.11521034252667,1253.8022256966317,1611.7826164255912,2,3
Boise,83706,471463.8197484962,279.44757967035565,1687.1279411496366,6184.932168717086,4,3
Boise,83706,390253.79356021044,238.42718502824047,1636.7839661991013,11202.155228676842,4,5
Boise,83706,486407.9303138484,266.40398756576366,1825.8282646530404,29606.28983852231,3,6
Boise,83706,428434.8791758781,181.32911721142983,2362.747283859121,6677.9753107628185,3,6
Boise,83706,514105.5502149931,292.92255579813116,1755.0903473930193,2718.6241045756765,5,3
Boise,83706,671127.9285092056,294.7767681791884,2276.732771902979,2219.9658451035066,2,1
Boise,83706,318955.78657591244,322.720961670653,988.3330321177492,36288.69596943049,3,4
Boise,83706,508108.9781437134,285.38558012713656,1780.429753729518,2544.249643088949,4,3
Boise,83706,416248.12737184914,248.18355903764314,1677.1784923461223,8373.130818982556,1,6
Boise,83706,241345.24764916117,222.78975910522263,1083.2869904723711,3228.077186770046,3,2
Boise,83706,259525.36746561094,230.7197204650871,1124.8512565048932,4983.866378438006,3,5
Boise,83706,478018.0114503224,259.26908969255464,1843.7138496423297,5422.1274774936,3,4
Boise,83706,387092.72977584816,229.39147735444772,1687.4765106365567,2475.07418926745,5,3
Boise,83706,465393.0874049203,232.48227236533316,2001.8433348482613,16624.217949084334,4,5
Boise,83706,224269.21955085816,261.28113587395404,858.3444755806979,10359.420974378023,2,2
Boise,83706,427671.1164683333,199.24779713568643,2146.4283300311326,6191.721782311523,6,5
Boise,83706,481082.73524818243,223.7185662735304,2150.3925367552406,5666.275335917808,5,4
Boise,83706,315499.11327180517,271.37970483994616,1162.5744580195474,15371.840761103893,6,1
Boise,83706,638375.3537968162,273.2742255186884,2336.0247479803384,8443.808116754859,4,3
Boise,83706,763042.6938747626,296.8597971555545,2570.3807022239807,27961.934790702067,4,2
Boise,83706,316491.2544759137,268.87737499927005,1177.0839940577853,6115.75031509878,3,1
Boise,83706,445532.3310261099,263.9889172692523,1687.6933154420822,10327.280757128334,3,4
Boise,83706,496974.55327712564,287.8788977692262,1726.3319997685894,3821.321373031519,4,3
Boise,83706,283288.66458271147,270.27084019855647,1048.165848652379,6168.728148089239,2,2
Boise,83706,339547.033097042,224.45396754318745,1512.7691295174338,14908.730383551372,3,2
Boise,83706,539692.3232963812,231.25513209367455,2333.752848683885,16227.915294034821,8,4
Boise,83706,435750.281972656,328.85310367468253,1325.060572953331,24148.67126036687,3,2
Boise,83706,1010962.7281915041,389.56901656512866,2595.0799093451265,10448.700882717772,4,3
Boise,83706,525632.2498286351,291.7837714587495,1801.4444298967653,16791.924240123266,4,2
Boise,83706,300630.56211247545,223.02286231643188,1347.980915454001,11632.163077619078,5,2
Boise,83706,560959.8461151222,337.6186681495372,1661.5190421480584,6244.026472075155,4,2
Boise,83706,280102.0832841224,245.81205913993574,1139.4969159127627,3225.191486481278,4,5
Boise,83706,511106.00536950957,279.51794679015933,1828.5266160501988,6962.671536634172,6,2
Boise,83706,410181.88820540096,261.9658407465734,1565.7838710437527,4023.961759129608,2,2
Boise,83706,398893.2382933973,270.1005386971972,1476.8324425320245,15062.34589637573,3,4
Boise,83706,280866.9383346298,245.4160497178772,1144.452201302669,15584.123347468583,3,4
Boise,83706,505415.12066922884,313.9267646949542,1609.9777958096238,4349.784140103304,5,5
Boise,83706,441843.533724872,255.49982389995083,1729.3300910371274,15591.547694124103,2,3
Boise,83706,334644.94367517834,286.9197868653629,1166.3362340088818,3940.307191662219,3,1
Boise,83706,615824.2852813299,286.06756535720154,2152.7232019903195,19033.843084502667,2,3
Boise,83706,455095.3462671,258.4173652254395,1761.086550317861,7260.462129184692,4,3
Boise,83706,270385.2424963759,203.46097398702815,1328.9292644082918,10534.976898093953,3,1
Boise,83706,369206.8951866914,230.1570156292005,1604.1522530927768,19087.94386865678,2,2
Boise,83706,589003.7698575153,290.8328482639247,2025.2312397773128,11445.283958278924,5,3
Boise,83706,636014.9355503756,274.88697620598305,2313.7325177377115,7383.795055043873,5,2
Boise,83706,563445.2248711479,230.64513520812528,2442.909642827353,13520.973061725821,2,2
Boise,83706,681517.6314210427,264.4925831916621,2576.698458599829,4477.052334018292,1,5
Boise,83706,319288.75139179995,271.0336277147713,1178.0410943243216,2514.4274155807693,2,3
Boise,83706,393085.665062709,285.73986938690297,1375.6766457062233,15911.755413972352,3,4
Boise,83706,387162.82945037005,334.516707570689,1157.3796485742228,3639.5206685227354,3,3
Boise,83706,372884.96492009587,172.78938516937802,2158.0316670180446,13909.217695804164,4,2
Boise,83706,488522.1456877976,310.49022129871696,1573.389795158152,8707.469313991074,4,2
Boise,83706,611228.8915653003,271.3305463101139,2252.7094714455916,7930.715053995185,5,6
Boise,83706,256097.92685309352,222.16147333369835,1152.7557996899886,4537.776306860828,4,2
Boise,83706,372362.19316070614,269.2690628245475,1382.8628853784546,6105.984973802447,3,2
Boise,83706,430315.9710925986,319.78109111896674,1345.65796115978,8065.566780492357,3,3
Boise,83706,742423.4826740273,331.57746193771817,2239.0649784679285,9012.255278558352,4,1
Boise,83706,435573.14606839465,222.5204776518264,1957.4519642633866,4653.4669183612405,4,2
Boise,83706,226857.79708834054,229.32196462669205,989.2545507258196,12498.57691146136,8,2
Boise,83706,309695.4572443812,211.80589592664,1462.1663664719026,12984.370320063563,3,3
Boise,83706,567899.7567225259,271.9546061888308,2088.2152528360066,10694.967683339042,3,5
Boise,83706,594424.3077171375,273.8991123911641,2170.2308654006188,6148.655724304767,5,2
Boise,83706,549643.9888491584,301.6925867652565,1821.867732125715,13398.197605138375,3,3
Boise,83706,481550.6420889117,280.164587123586,1718.8133840644552,11612.442909888723,6,1
Boise,83706,387937.29029117967,297.987621670837,1301.8570641155789,2476.786607212583,4,2
Boise,83706,446764.49889954255,208.10280544675317,2146.8451515607044,9081.430818557135,5,3
Boise,83706,404205.0846935371,331.85614378647824,1218.012962127377,25516.758645446713,3,4
Boise,83706,344706.3633843583,313.90107430710316,1098.1369342085047,14333.459049437446,5,2
Boise,83706,418610.0229405275,241.91140966886934,1730.4269505664279,15982.818894791562,3,2
Boise,83706,340788.2021935089,231.7412461491585,1470.5548013415064,5252.836490683275,4,1
Boise,83706,575199.96820968,292.18291671529,1968.629701818497,8626.391501124994,4,2
Boise,83706,373144.71481574164,201.21789305555006,1854.4310804046033,7167.52123872519,4,4
Boise,83706,588645.1922997597,233.79142658217677,2517.821978783526,7989.278470340332,8,3
Boise,83706,404009.4479369261,222.26031582897983,1817.7309180456432,5875.915965936746,3,3
Boise,83706,554494.5716275651,258.9534071085038,2141.290890199513,3812.4336467286735,7,6
Boise,83706,325699.308068407,245.27063540854755,1327.9180670196795,8314.840798581286,1,3
Boise,83706,454991.52988983714,231.81245031718154,1962.7570877547207,5008.111852022846,4,2
Boise,83706,349458.1647989846,227.93980855708278,1533.1159879932516,11370.880985713977,5,1
Boise,83706,344973.3288610532,237.58144383215844,1452.0213502228007,7854.047233262033,3,1
Boise,83706,283003.5359843017,215.86167828506595,1311.041117778064,2517.142373529381,3,2
Boise,83706,686482.7055772253,284.15973064249334,2415.8338833763255,18330.0017899965,4,5
Boise,83706,503757.1055753656,307.15808221160705,1640.0581158346918,10387.817963229729,5,4
Boise,83706,375821.1724731686,278.5967945482079,1348.9788103363735,6077.926518460231,5,4
Boise,83706,617536.1204889638,317.2740089153968,1946.3810559207636,6537.858516180328,1,3
Boise,83706,337974.77816410386,229.63888094863066,1471.7663523177835,3828.8685340786324,1,2
Boise,83706,313876.2144937943,233.2611672871443,1345.5999476647262,7705.935161841173,5,2
Boise,83706,950992.3768023277,280.2022349430651,3393.95000541506,12038.978832311044,6,2
Boise,83706,346501.56838932517,285.32494309585957,1214.4103653528543,22791.599369142416,5,2
Boise,83706,689729.0676883338,263.37274164058186,2618.8323946962955,7585.4904519559805,5,4
Boise,83706,351217.0652289613,261.7917221793577,1341.589651136245,8238.55945815532,7,4
Boise,83706,424101.54115002084,220.74766122631172,1921.2051389084916,16361.868394619423,3,4
Boise,83706,252911.41085013497,157.90415587507653,1601.6767224937512,3991.4430278258133,4,4
Boise,83706,562369.0756155438,284.7475863883704,1974.9739857268617,8730.400324091659,3,2
Boise,83706,350592.2941468058,301.4690749200853,1162.9461305102102,5081.921575718109,2,4
Boise,83706,277010.63104826916,245.579446267873,1127.9878477538045,8655.014486553577,8,4
Boise,83706,479631.10221899214,241.00791092414497,1990.1052226038823,14034.09723510431,4,2
Boise,83706,249295.9822771483,236.80394786511957,1052.7526442217256,2968.750774324831,3,3
Boise,83706,304189.3408117678,247.98189318301078,1226.6594827037468,15582.3525360353,6,4
Boise,83706,485838.5280532309,302.4314352494099,1606.4418953425538,9926.922971939577,5,1
Boise,83706,268573.4465529891,225.92670802479174,1188.7635990496422,8700.554941680375,6,2
Boise,83706,353708.45226227253,288.2115040606275,1227.2530668583836,17940.1522015174,3,3
Boise,83706,360457.21800887503,243.15185092927058,1482.436661005418,4978.065399116972,4,3
Boise,83706,175248.42570691337,184.17465133066628,951.53390784638,3580.6955572793286,1,2
Boise,83706,288484.419617611,249.23919099271043,1157.4601027574688,4326.617959725049,8,5
Boise,83706,751922.540992241,327.3887143742583,2296.7271258247215,11012.878759742782,8,1
Boise,83706,491998.33420828707,235.75559648002297,2086.8999148021376,5944.484391263914,3,2
Boise,83706,733470.6340355285,253.4201161244299,2894.2873409283443,4736.603730477709,3,3
Boise,83706,501512.01998093846,263.0886584664135,1906.247205426237,4450.559868368335,4,2
Boise,83706,615422.6825116569,270.5490267288315,2274.7177838805856,8884.391901222589,5,1
Boise,83706,478406.2758736065,323.56230655532767,1478.5599749450457,7868.89796625478,3,4
Boise,83706,362970.3168919089,231.5159753681434,1567.798145742359,3414.961928029786,6,1
Boise,83706,479407.2060374623,263.1889072664014,1821.5327196605724,3484.0305287842875,2,4
Boise,83706,299481.9973413777,292.6724577496185,1023.2667591754903,5831.737644037082,1,2
Boise,83706,441807.4752393494,234.62284883005188,1883.0539201208442,13877.89509289067,5,1
Boise,83706,373411.5257311022,265.65095910411884,1405.6471958181332,6196.010371222138,2,2
Boise,83706,441917.82028806367,301.48066711573676,1465.8247393303461,3298.7782045211343,2,2
Boise,83706,510745.8704604781,242.28271908315185,2108.057365350887,7594.846512305993,3,1
Boise,83706,285253.47906533745,255.9422561903583,1114.522796318474,8184.738367285092,2,4
Boise,83706,362088.76881780865,217.379930917524,1665.6954820506799,3281.85278754615,2,3
Boise,83706,551425.7908518409,300.09326510151413,1837.5147161843406,3852.6698575306186,2,3
Boise,83706,387086.53440493933,269.019454335783,1438.8793381529506,12500.9491296041,4,4
Boise,83706,407942.0582427179,246.00248432005995,1658.2843029827598,3823.571240992671,5,3
Boise,83706,420622.51078139717,250.6170102155332,1678.3478121443452,12821.08622053697,4,3
Boise,83706,539550.0552437385,262.4143980662601,2056.0992812120817,3162.623956281556,3,2
Boise,83706,433130.5538817786,275.94214503002746,1569.642628655533,3234.2419841086253,4,5
Boise,83706,284751.46587577544,237.04251330351838,1201.267493781458,8111.878522188924,3,3
Boise,83706,341451.11699059734,240.14192960687413,1421.8721301589107,5086.849275353882,4,3
Boise,83706,380024.4929149277,252.39077737644044,1505.6988090659183,5804.134540135608,3,3
Boise,83706,361364.98685585835,268.7225243294158,1344.7513853095395,8762.09213667401,5,5
Boise,83706,561670.0514366042,326.06869704506346,1722.551279919336,5702.786051492105,3,4
Boise,83706,393402.6154400368,231.12970526344273,1702.0859131526804,4529.249422761165,5,3
Boise,83706,332037.1904576106,197.6170892364644,1680.2048433184943,10737.516014089404,2,3
Boise,83706,417365.487223168,317.9486305975938,1312.682134968524,8916.18563058868,3,2
Boise,83706,387213.32567967963,228.16661685295966,1697.0638869980548,8210.342875893319,5,5
Boise,83706,726882.5528896695,320.6140249800397,2267.157691978455,7913.382419528833,5,4
Boise,83706,551371.229866786,311.786395305739,1768.4261987316963,4944.523435439482,3,1
Boise,83706,610510.8059033152,284.22388088386543,2147.9926458142036,4363.117871022294,8,3
Boise,83706,524498.3959688458,310.6792512747527,1688.2311703043206,6505.207154649726,3,1
Boise,83706,266986.1867454459,190.5776109114216,1400.9315442071427,4993.953831175132,2,4
Boise,83706,426705.93228158297,209.46538141022364,2037.119114427355,7940.338537484101,1,5
Boise,83706,316602.5908749156,273.9684675928752,1155.6168987498077,6324.663852854673,4,5
Boise,83706,353678.52782126,247.52506221088942,1428.8594644203285,8086.911065280152,3,2
Boise,83706,367646.04130315024,231.82683249875086,1585.8649205550062,7566.304969806186,3,3
Boise,83706,569818.7799161898,294.6165520161908,1934.1030774295234,23071.62121195697,5,5
Boise,83706,616631.6066004283,272.91968879691836,2259.3885011325387,3482.4068784091987,2,8
Boise,83706,617403.3155764046,304.12925625123455,2030.0688042533507,7149.433892742316,3,2
Boise,83706,491204.90665629046,248.11137317441418,1979.7758577999143,4115.7373435432655,3,2
Boise,83706,534543.9065976825,262.1224990070222,2039.290441006219,5987.051175000219,4,2
Boise,83706,683010.5573972153,323.4554702479313,2111.606141252402,4900.013387234334,2,5
Boise,83706,262303.12148200464,212.18446353219875,1236.2032408758357,11737.93819501802,4,3
Boise,83706,739460.772333822,259.3732645690484,2850.952173356974,3303.869455671823,3,2
Boise,83706,495002.86340632464,228.3048675290321,2168.1660525410316,12780.570368568951,7,3
Boise,83706,517537.1800916123,329.59848775866124,1570.204959406742,10992.95932568063,5,3
Boise,83706,644630.1833237135,357.5940075735303,1802.6873204556184,27458.917705394957,5,1
Boise,83706,320653.9270871253,271.04210012681364,1183.0410365662735,23600.05418350095,3,3
Boise,83706,434443.48528807494,282.1879660428005,1539.5535514160845,4956.44419987219,2,2
Boise,83706,390145.9474282689,258.6821034414613,1508.2061814011702,16802.994685925773,10,4
Boise,83706,379952.76750878536,257.15949666287906,1477.4984880565428,6585.203390356551,7,1
Boise,83706,535816.6816642621,266.0633063391855,2013.8691390280885,9603.3840217383,4,4
Boise,83706,353442.6603727411,209.60027190943296,1686.2700470420268,22454.618341005582,5,2
Boise,83706,351980.2423462798,288.7958358025057,1218.7857257989795,5075.9418750189625,4,2
Boise,83706,274215.36463317065,223.93125344909663,1224.5515550401028,8273.070091386948,5,2
Boise,83706,250131.17049521796,248.82281769566578,1005.2581704992683,2486.795352855687,6,4
Boise,83706,540569.9298287127,264.0778473298284,2047.0097560040726,13629.016260953695,3,4
Boise,83706,361468.51924243616,232.72951185306587,1553.1701001918907,28248.248710183223,3,1
Boise,83706,568085.0162458144,286.3312969446653,1984.0130027965442,11284.108005179753,5,1
Boise,83706,878982.020723953,244.03090720522582,3601.9290785357125,18179.794635522747,2,2
Boise,83706,399932.3537230384,304.7697293255446,1312.244344633861,15872.87865480418,8,1
Boise,83706,407250.6428628504,228.43084734043032,1782.8180720965636,5235.5952393323805,3,2
Boise,83706,603761.1130282497,256.19210853856634,2356.673343579439,9717.830353522553,6,3
Boise,83706,320601.2739843733,220.5213536369649,1453.8332397150336,10759.444037053325,6,1
Boise,83706,455046.55570219044,301.4948784304323,1509.3011134090923,3973.2915242074687,6,2
Boise,83706,469914.97812651534,250.51512117106935,1875.7948659139993,19034.22515475386,2,2
Boise,83706,747090.9638195137,240.81067906944935,3102.399639029522,5909.874983123643,6,4
Boise,83706,491723.29928882804,255.28285534407934,1926.1900632773236,7024.105642391726,6,3
Boise,83706,343940.027403348,258.4532760871176,1330.7628853093552,6829.523967300723,3,5
Boise,83706,382329.1800715537,278.7456790433184,1371.6057640202484,8181.958930043012,5,3
Boise,83706,412977.7594073781,284.01969114226046,1454.0462238603197,46397.619472124265,6,1
Boise,83706,267691.51885689044,256.7952373887265,1042.4317895416011,5559.56707644426,7,6
Boise,83706,412408.4221068789,261.22869486146476,1578.7255773167951,3164.281956294955,4,4
Boise,83706,230941.6747079911,140.30895749025444,1645.9510414652736,8825.145478068955,4,1
Boise,83706,407090.60751543345,244.95389156258065,1661.9070834864863,4766.622739727595,5,4
Boise,83706,364920.26667243073,319.1611770932645,1143.3729816261289,6260.5597512637805,2,2
Boise,83706,502297.6297640224,280.45554566421447,1791.006230860617,11603.908314228609,3,3
Boise,83706,283222.7463620519,220.47183058996538,1284.6210130526426,4165.807687691838,11,3
Boise,83706,383029.2443567941,247.49579282776796,1547.6192139691996,6430.028794229585,6,2
Boise,83706,326462.5447985212,239.2507721023122,1364.520339599632,9537.441577178903,4,2
Boise,83706,668649.4247498399,304.9488751008673,2192.6607354385947,5014.998367523796,4,3
Boise,83706,416585.34021074243,300.9485040523948,1384.241272514235,7812.301747133003,3,2
Boise,83706,533538.4092976914,231.98619470271058,2299.87137804221,9534.269943379233,4,2
Boise,83706,447326.3743547058,263.1592699469877,1699.8313395717269,7460.703495839026,3,3
Boise,83706,397933.6591759257,218.08161831160666,1824.7005972201512,8789.848204472373,6,1
Boise,83706,399351.86652060115,238.0716442852354,1677.44406403198,9909.974054558466,3,2
Boise,83706,317996.66914636974,239.5244928860292,1327.6165009883948,5341.452409563661,6,1
Boise,83706,427487.4603900068,235.08998197738288,1818.399307338982,3315.2467227181214,4,3
Boise,83706,409003.19114450185,277.20413497687935,1475.4584782027707,4297.80114702907,3,4
Boise,83706,561959.2341210544,315.947204024707,1778.6491760728143,3898.2961188653258,5,5
Boise,83706,497516.6859977444,260.3942988562365,1910.6281826562683,16758.638999338225,4,2
Boise,83706,585370.0557864477,221.18878998584233,2646.4725261344192,2823.0955510272697,5,3
Boise,83706,500791.05570139206,270.97263144322284,1848.124118786968,11661.589586553113,4,1
Boise,83706,565564.7405232174,271.02651842043184,2086.750565292954,5305.29296943513,3,2
Boise,83706,494794.45339459216,255.33040980756914,1937.8594730157529,14889.697317608136,6,4
Boise,83706,521891.18468822003,336.0479395823338,1553.0259918774282,6210.251353774391,3,1
Boise,83706,530315.2814084535,272.3923885917353,1946.8799556043975,8150.072782828112,2,2
Boise,83706,454514.55223389994,285.3874750061737,1592.6226342766709,10912.043299845089,5,4
Boise,83706,258405.3542218695,174.39217567580357,1481.74855448932,16979.311162620805,3,1
Boise,83706,281259.4242589822,224.817155614732,1251.0585479560777,5682.43576411719,6,1
Boise,83706,547395.3267480495,283.0259827520684,1934.0815335232646,5526.61203742996,4,1
Boise,83706,390482.1639387871,273.9567272952576,1425.3424903778468,10872.778720193357,5,3
Boise,83706,476464.74782313575,247.8514726750647,1922.3801362995528,3087.123485991793,3,3
Boise,83706,461611.2113707219,280.6474943719996,1644.8078840100175,2854.5634641107067,2,4
Boise,83706,458022.43661100604,299.32000072712276,1530.2099274968448,9970.425445926703,4,4
Boise,83706,323200.3706243223,244.13331020925122,1323.868383004766,11952.877374133921,4,2
Boise,83706,541757.5652995628,238.2140916334185,2274.246504834229,9774.07805039157,6,2
Boise,83706,376311.2259367799,252.68026562088843,1489.2782584825304,7544.6520852253625,6,2
Boise,83706,689824.5239303653,282.40432642346815,2442.683979621355,5791.393779892298,2,3
Boise,83706,321621.18064093194,240.20087245936497,1338.9675788764712,20738.18893642791,3,1
Boise,83706,709840.6106325777,296.38820291397377,2394.969177766525,22422.26031905799,7,3
Boise,83706,408980.4251668626,243.77123241867397,1677.7222689855544,8533.593243799283,2,4
Boise,83706,490412.04072721634,240.7145262031303,2037.3180150888581,5307.934752245481,4,2
Boise,83706,421641.2938148705,355.25647462550114,1186.8644878586658,4366.563209862918,4,8
Boise,83706,253812.07979579575,214.1082496432428,1185.438114685956,10362.07797754019,5,3
Boise,83706,514455.4276849378,293.58180735112467,1752.3409652889277,3828.0252859316843,5,3
Boise,83706,244258.71793718616,191.56827717783182,1275.047839525341,3881.5699795125415,6,6
Boise,83706,661248.636752441,288.712403075586,2290.3367839701837,5982.816294859106,3,2
Boise,83706,663741.6739920737,368.86843296573505,1799.39950040054,10845.528711264922,2,3
Boise,83706,425753.85900599306,304.4338492461732,1398.5102512753674,19311.10387286973,2,2
Boise,83706,411839.66754194663,315.5106582476181,1305.3114269715982,9299.14100711961,4,1
Boise,83706,395867.73401916644,258.9828646965376,1528.5479774232294,10777.013958883912,5,2
Boise,83706,427509.6904365412,299.90998164457517,1425.4600266795558,14425.993592921233,6,2
Boise,83706,506828.8945019252,272.57097635462884,1859.438232493671,13641.132515009258,7,3
Boise,83706,552194.8958491847,342.6243683762728,1611.6626452055505,5744.694779272908,6,4
Boise,83706,482175.7738628498,219.15141583827034,2200.194655455416,13492.722403074868,3,2
Boise,83706,595682.737997406,309.5752879177973,1924.193439353531,14857.719154379367,5,1
Boise,83706,369875.8604908897,279.6281171615844,1322.7420198132481,9639.546805891421,4,2
Boise,83706,334987.4664762471,226.7912765329318,1477.0738610292378,8682.656293274093,4,3
Boise,83706,333473.27993882296,251.9520321026165,1323.5586042148054,11462.814294520536,5,2
Boise,83706,264331.11778909893,199.66773591722364,1323.854936175982,10766.559512723215,2,5
Boise,83706,140626.31285682565,134.08503479926418,1048.7845497997168,2615.9810067745943,2,4
Boise,83706,447946.5581069006,215.48897520167046,2078.744667506443,10347.534416738341,7,2
Boise,83706,561629.1785217134,247.47510619614934,2269.4370644155406,16230.689501299026,2,5
Boise,83706,341362.9624572,265.97004476972427,1283.4639432901197,14478.234046779346,3,4
Boise,83706,264259.4122172034,211.14423769164765,1251.5587216882732,10031.513068213,3,5
Boise,83706,473100.4340290417,250.29093491382403,1890.2020330537807,8743.170000827322,3,3
Boise,83706,364211.51551698614,272.0883358958356,1338.5782022512658,6304.830678742199,5,3
Boise,83706,542300.70162666,240.05068314174014,2259.1091786498,7468.812835360227,7,3
Boise,83706,302370.80888335255,220.16745874307037,1373.3673932086908,12377.159613224032,6,2
Boise,83706,225186.1639840474,233.94362293912945,962.5659428324717,10076.220102946156,3,4
Boise,83706,501645.1743963137,315.4520729562952,1590.242123613545,13758.902977496016,4,5
Boise,83706,275858.9238764073,194.71100749946788,1416.7608057657512,5858.329686476618,5,2
Boise,83706,525445.9684059911,308.26938178575466,1704.502618333899,15326.82285442312,3,4
Boise,83706,476667.35003064084,316.5860603163431,1505.6485732642154,5519.978575586056,5,4
Boise,83706,471985.67134573637,248.72837087282284,1897.59483282696,9035.042813931628,2,3
Boise,83706,512990.0172604906,280.90680132943726,1826.192939553908,5710.47863162293,1,2
Boise,83706,413467.66439208627,231.9898390195563,1782.266267089533,7541.154272470781,4,1
Boise,83706,470970.5675574868,273.3220697297166,1723.134059475041,27105.091037965518,5,1
Boise,83706,575783.4980674456,350.52629853183356,1642.6256759595315,10859.661015763751,2,2
Boise,83706,362462.46694750007,312.8730371241356,1158.4969746168615,9157.326600258757,6,1
Boise,83706,439886.92941567017,242.9234212264788,1810.8049326604914,18664.41454194489,3,6
Boise,83706,415805.9910292685,210.77220152946535,1972.7743412650173,1717.0657223080318,2,1
Boise,83706,450305.6057533228,251.1947262431115,1792.6554927650336,7272.906949004338,3,3
Boise,83706,427318.5817439628,273.5420272909952,1562.1679270855861,5927.588282653923,5,3
Boise,83706,554513.7846626418,291.2126948778524,1904.1538862007014,4782.266695665401,3,2
Boise,83706,450504.83138338773,258.4652209998926,1742.9998111180107,3197.125620543513,1,6
Boise,83706,653684.0458351036,333.1675145354573,1962.0281609584579,7014.569497036909,2,2
Boise,83706,424416.01781653776,264.05482889169434,1607.3026181642667,12128.34481902011,3,7
Boise,83706,280595.9305498226,244.03300839459973,1149.8277728728438,7325.152977773061,6,3
Boise,83706,445313.3888188989,283.44507237447243,1571.074723890683,12920.126004219892,4,2
Boise,83706,376311.4535851506,290.36301405103876,1296.0034004847607,8350.644714123087,5,3
Boise,83706,340462.50895588304,232.7023562479876,1463.0814850583506,16105.222601562364,3,3
Boise,83706,379031.82114939066,225.7741750758801,1678.8094609226341,5916.608914502391,4,3
Boise,83706,416752.78265901195,198.05150898269216,2104.2646168145693,2600.8509347201098,2,3
Boise,83706,487808.72428841074,251.3810685810644,1940.5149601832647,3099.468585978637,1,2
Boise,83706,537848.9178528154,310.72913434412135,1730.9252928216476,5934.526855779133,1,3
Boise,83706,648717.4276197992,289.0253282138044,2244.5002714084458,4717.844991251977,4,2
Boise,83706,510486.3126625121,307.0677598609451,1662.4549346817935,5613.31218769641,2,4
Boise,83706,409531.4020850677,236.97767327485403,1728.1434002859862,15841.894893905754,5,4
Boise,83706,383037.79371254117,256.3300978210374,1494.3145458477045,3250.4168175033583,2,3
Boise,83706,235967.72517254212,187.6544151690529,1257.4589569873165,19773.1111286146,5,3
Boise,83706,571205.6942147842,302.49563511463583,1888.3105337976733,4933.130955392091,3,5
Boise,83706,350444.9443616371,315.6948298113018,1110.0750195088917,3792.538305344614,2,4
Boise,83706,287315.62900223973,220.73054884238437,1301.6577474620485,7362.645694870532,2,2
Boise,83706,561342.6177514644,326.8497264582616,1717.4333411080497,19665.23058077954,4,1
Boise,83706,336863.0013622923,253.52748970750594,1328.7040460619492,5217.746915335422,2,2
Boise,83706,363163.9243406277,220.072129004699,1650.204076195734,5578.1610058195665,5,2
Boise,83706,426675.4346828128,250.31703339348675,1704.5401541336535,5806.3400188799005,4,5
Boise,83706,410650.1231804886,287.53961267844414,1428.1514792179923,15950.022355104804,6,2
Boise,83706,434158.9441844387,260.64720567629166,1665.695755524954,6121.075629943144,2,6
Boise,83706,398410.15712365595,239.98643485303936,1660.1361546440348,10455.99432139907,6,2
Boise,83706,353437.2034618489,286.11677532457264,1235.2900421896184,8600.277737367951,4,1
Boise,83706,545720.3927530485,289.74887348378047,1883.4254166085539,7489.059905551935,6,2
Boise,83706,253048.68792789648,255.91482421102316,988.8004288459534,5931.296668957052,3,1
Boise,83706,653498.1855201799,248.70819562343272,2627.569967616334,26071.18204617392,7,7
Boise,83706,452987.6797756341,241.26430837481047,1877.557782280443,42720.438817757306,3,2
Boise,83706,597256.5719457074,281.63301930632315,2120.6908672029354,4708.477110447136,4,7
Boise,83706,386790.5914424658,199.5384056276221,1938.4267917039144,4206.333702229855,3,2
Boise,83706,378246.1886524982,232.7103362568666,1625.394878184476,8198.151820731135,6,1
Boise,83706,347282.545136689,256.38309428582994,1354.54541612451,2045.487590310478,3,3
Boise,83706,378326.87732984975,231.7015308003587,1632.8199301187528,8235.228066636455,4,4
Boise,83706,552331.751669091,272.780597289395,2024.8205230048607,26675.706221533048,5,4
Boise,83706,360062.1619240556,269.20947321066217,1337.479538256439,5585.0890690169645,6,3
Boise,83706,616050.7820934069,360.5466732959205,1708.6575129422426,15297.986795122455,2,3
Boise,83706,243211.47267493562,232.7645863811422,1044.881768555149,19318.2140641575,5,1
Boise,83706,352116.7786381963,262.3307565214555,1342.2626584366876,4770.683344343502,4,1
Boise,83706,298304.8209369132,225.05186762249244,1325.4936477012361,8903.218110720198,8,2
Boise,83706,848281.5134634587,339.22828503939604,2500.6214129961013,9893.595453920998,4,3
Boise,83706,387863.01210009033,329.8244426466624,1175.9680664892505,12388.544316468899,5,4
Boise,83706,364761.6220017172,200.96965655066163,1815.0084359116468,12942.431937247147,4,4
Boise,83706,627264.9119696401,256.28728623546857,2447.5069410713145,15688.711167300762,7,3
Boise,83706,558064.5319574045,264.19025370948395,2112.35851482651,5003.64723885201,4,1
Boise,83706,599273.0704300479,249.36135127153807,2403.2315648525623,8880.476403914134,2,4
Boise,83706,607813.4167180292,243.69765936451893,2494.1290708454117,19470.29035555231,3,2
Boise,83706,488432.04509895,293.15550311215316,1666.1193118114159,20774.76411209091,4,3
Boise,83706,616519.8265360715,333.23978622284943,1850.0786881545484,9156.790536540284,2,1
Boise,83706,508129.1378751188,294.58048166567204,1724.9246623603847,5815.15990862724,5,2
Boise,83706,549938.450608853,296.8308517406323,1852.6997695286186,14888.382256728217,3,1
Boise,83706,454176.72553491325,248.7840740409905,1825.5860118284002,11036.113014016086,3,4
Boise,83706,764407.082874151,302.8689073010767,2523.887610933489,10894.12154676131,5,3
Boise,83706,535000.961505692,302.7392007039941,1767.2008126519231,12742.017300412546,3,6
Boise,83706,315901.5611611755,244.06188741159497,1294.3502343257203,4522.267273560633,3,2
Boise,83706,483524.0482656188,253.58268674743968,1906.7707439632636,13299.417453686272,4,1
Boise,83706,395785.9840888631,200.681813483308,1972.2065354057763,8777.20139181189,2,5
Boise,83706,280194.3088332791,209.45733588707475,1337.7154237478746,15868.567134170444,1,2
Boise,83706,325298.80437998066,245.67419822694,1324.1065066160832,8098.853024068689,8,5
Boise,83706,459681.2476448382,220.6043072601399,2083.7365024916544,11353.10338383651,5,5
Boise,83706,423431.30771910195,294.4763203223193,1437.9129271095037,10525.992876840564,6,4
Boise,83706,380011.2501475696,256.50410313987254,1481.501642647596,5765.399298420332,4,2
Boise,83706,415390.48089679936,283.7617296437962,1463.8706967928188,4657.135324369836,4,1
Boise,83706,374935.52099260263,214.65234858332983,1746.7105459926963,12980.440352409585,1,1
Boise,83706,679617.2930886856,313.96137261970233,2164.6525730791027,4784.213147218336,2,2
Boise,83706,547714.2702617344,282.06654261501524,1941.7909872752768,6539.100554690223,2,3
Boise,83706,407917.6904320821,278.7121650952671,1463.5805017432629,6421.561180961153,7,5
Boise,83706,688870.976011387,300.0909907987341,2295.540343206774,9971.307993856604,5,2
Boise,83706,562164.7870718633,275.334480162719,2041.752223476084,11999.80179042722,3,4
Boise,83706,469167.2109880486,222.82604617209776,2105.531283473438,3143.964076629401,4,5
Boise,83706,600393.0846332649,287.4792939263833,2088.4741868992187,5177.670182576753,5,3
Boise,83706,334753.08339794195,231.73365262465018,1444.55964684662,5033.5039095810735,5,2
Boise,83706,353863.4021788367,271.08233085136686,1305.3724345201174,6977.02432848207,2,3
Boise,83706,350693.6572042253,232.30868653766896,1509.6019973724065,2420.806300641574,4,2
Boise,83706,690897.474424422,328.28709159948374,2104.5526677830194,15795.443201961893,4,2
Boise,83706,353710.85395164427,289.1647848094136,1223.2155246178143,8295.224180248668,7,2
Boise,83706,357697.1232879185,302.4788506959094,1182.5525072743735,7380.688909983354,2,1
Boise,83706,243076.6085633954,232.84432183959188,1043.9447552036618,12583.992079712621,3,3
Boise,83706,329497.3655561923,274.551634969752,1200.1289505797108,10913.074972637223,4,2
Boise,83706,364522.9959084866,270.26691088535176,1348.7518494749015,10842.627514805783,3,1
Boise,83706,452717.12997356016,267.1183828831523,1694.8183239473854,7925.306245692663,6,3
Boise,83706,229638.66081888185,186.40541001857193,1231.9313092683442,8518.73207613584,4,5
Boise,83706,659480.4979029341,340.1931619943128,1938.5471890054012,13276.916266756185,2,5
Boise,83706,434072.61636558874,261.25390681611674,1661.497129959133,11008.531596584628,4,2
Boise,83706,278546.8583016778,282.54907333083617,985.8353277114726,22565.158135577753,3,2
Boise,83706,344962.5426730493,210.94869379357004,1635.291200288836,8701.750600315196,4,2
Boise,83706,545447.3263300224,320.46450919282876,1702.0522107233342,11820.782323565336,3,4
Boise,83706,841275.6307059939,317.13950898593765,2652.698912841216,7430.911036465683,5,5
Boise,83706,517403.94429503527,296.44571010275666,1745.3581774406116,9714.966482634603,3,3
Boise,83706,288739.6121073004,273.5244538521977,1055.6263180158815,10023.415824561087,3,4
Boise,83706,617375.1550883419,354.825723787863,1739.9391129191279,6129.436061965914,6,5
Boise,83706,517437.1423392406,301.51931852514434,1716.0994687512548,5428.054356492605,4,4
Boise,83706,399274.4070296968,208.92361003119925,1911.1023735903848,11753.348931319437,2,6
Boise,83706,862716.4755715249,271.61825784700994,3176.2094433926213,10507.47169278026,5,5
Boise,83706,410562.10333244625,285.77880378754935,1436.6429486410125,19297.733106914893,4,3
Boise,83706,372489.82305412786,266.9106291083971,1395.5600955211612,8021.83316178307,4,3
Boise,83706,527141.7945472861,285.35921682372475,1847.291986622314,4405.157831754723,2,2
Boise,83706,828685.5248499943,319.5769345027281,2593.070510984954,8055.51449501566,4,3
Boise,83706,496104.26557874784,255.33408581555133,1942.9613715464707,12694.192081632613,6,2
Boise,83706,373678.91926187003,247.79593675923198,1508.010680679364,2240.1238266777736,3,1
Boise,83706,462303.3736735413,219.98396145476406,2101.5321781474786,7970.424527854486,1,1
Boise,83706,486795.18571606086,189.22319071342284,2572.597914033215,11932.565453622663,4,4
Boise,83706,339530.80606576754,250.46275458796737,1355.6139579488565,9210.122604595974,5,2
Boise,83706,302000.03979224013,236.07440620412848,1279.257860469242,6452.310435561504,4,5
Boise,83706,424202.75728215027,254.62553626085452,1665.9867015363695,3887.7391766710457,4,7
Boise,83706,424596.72253944067,239.70305682542408,1771.3446301549454,7942.999149672271,6,2
Boise,83706,511835.8446819797,220.42072043565932,2322.0858895222796,3837.654655209908,3,2
Boise,83706,352255.2093034385,241.0722692461298,1461.201698581902,11980.709039456497,3,4
Boise,83706,514057.8665381446,282.99077941984115,1816.518077345183,8299.472760656761,3,4
Boise,83706,585965.7427799291,241.6728249064246,2424.624047022309,19617.63584759339,4,4
Boise,83706,443641.6649440997,255.3335353831333,1737.4986183401493,2477.9874116922924,3,3
Boise,83706,513963.788541308,345.3317343499055,1488.3190202859753,6523.822249554072,5,4
Boise,83706,578130.2741220174,305.1483919983394,1894.5873197495453,12421.96968241555,4,3
Boise,83706,411063.32007539016,271.75105661156175,1512.646630342122,15879.657878776832,2,2
Boise,83706,488108.4100570632,273.0569303520405,1787.570121101728,12727.500481521038,4,2
Boise,83706,368141.6198626235,234.77274670722807,1568.0764698029975,4515.856494695898,6,5
Boise,83706,390172.10624261526,246.21886702878365,1584.6555991056653,5993.767589859377,6,4
Boise,83706,374104.7694784804,251.8405712031424,1485.4825324261035,2091.7176348492667,4,4
Boise,83706,379909.3046420533,266.90891187858097,1423.3668781163708,8221.04733408033,5,3
Boise,83706,549818.1196408593,261.0311454996125,2106.331482354375,16077.331960423251,6,1
Boise,83706,376071.1793361183,218.2917660158816,1722.7914098636115,8033.79536496505,4,3
Boise,83706,646656.4290942455,286.2632996440733,2258.956806193,11307.365807670794,4,1
Boise,83706,224793.58749338135,240.16548049892708,935.9945776819728,11128.056392940223,1,4
Boise,83706,488404.0239629667,338.5402223645496,1442.6765025192178,6614.919934030625,5,6
Boise,83706,425967.2522058044,312.0248036481733,1365.1711249407854,1859.5422916861332,4,6
Boise,83706,304169.2551760725,197.27907316195606,1541.8222029376882,17885.338568940715,4,2
Boise,83706,320861.6079432044,252.78960722801432,1269.2832251358723,10367.145093976653,2,3
Boise,83706,358534.916576963,326.1612848376833,1099.2565127875023,3777.2724256051024,2,2
Boise,83706,561473.098314804,288.8907019601326,1943.5485271945104,9993.83380946907,4,2
Boise,83706,377172.3167931582,266.2808717415848,1416.4454034054284,9020.30945846274,4,3
Boise,83706,323025.2139037121,171.1197974523355,1887.713863112122,17568.27200471104,2,6
Boise,83706,311056.4045629704,254.19447806547956,1223.69457798703,10619.468739418238,6,3
Boise,83706,295833.1145425979,271.0615346345208,1091.387293078958,10642.313330171586,4,2
Boise,83706,317124.8936763766,181.7328203134808,1745.006175160605,9016.343321023494,3,1
Boise,83706,552204.5811459478,286.94655349818913,1924.416147934088,5041.018793166388,3,2
Boise,83706,331159.9353245513,235.10644703138647,1408.553187315794,11978.20392011504,7,4
Boise,83706,349906.4529176001,274.64577498999233,1274.028165663026,7878.9178905626295,4,3
Boise,83706,601622.4072145848,267.9659946196758,2245.1446052640654,4516.646205680717,2,3
Boise,83706,409262.355868845,252.70219134389325,1619.544150734707,5387.15883919711,4,3
Boise,83706,376304.35723180894,293.9700827276053,1280.077053216654,4046.07524572451,1,3
Boise,83706,309446.4317986632,273.8570813169122,1129.9559255894005,15108.397301997087,4,3
Boise,83706,511506.0608935104,369.8184560605123,1383.1274575701927,26225.00112367061,4,2
Boise,83706,495494.12107513007,332.84736652589316,1488.652670582521,15999.197434149333,4,1
Boise,83706,443070.16752488306,222.86389535086514,1988.0751291156282,10025.979803518509,2,5
Boise,83706,506434.3478252969,309.5489469711918,1636.039640194377,7691.911863921088,6,5
Boise,83706,371210.28472159395,233.73527343419738,1588.165445752027,6718.604739122226,11,3
Boise,83706,282909.7158803228,216.4839118086185,1306.8394483301267,4426.742406598363,1,3
Boise,83706,474682.369651592,204.58788946606384,2320.1880174355592,25726.326300829067,4,3
Boise,83706,521459.79618845053,248.65310509983442,2097.137680943433,4301.774259504595,6,1
Boise,83706,621684.8753316381,302.4169465839353,2055.721024744526,4805.4924932013755,5,3
Boise,83706,435281.85664072615,269.0118445803861,1618.0769189538614,7114.540560710601,6,1
Boise,83706,513621.7608663757,282.81115925620674,1816.1297532148335,7475.938613184143,6,3
Boise,83706,117003.6166833192,135.57334420413383,863.028181315244,11480.674455530105,1,2
Boise,83706,438511.554840334,253.7431872381088,1728.1707525366635,5340.847576435396,4,3
Boise,83706,587941.0813196771,221.28568071283783,2656.932339343943,2426.1015709640283,3,4
Boise,83706,284902.8688777326,200.49426189029953,1421.0026072148503,6962.838629167692,5,2
Boise,83706,276489.4763342133,215.3193183915919,1284.0904308984198,7250.0416723044955,2,4
Boise,83706,421035.9997040413,265.56554554766694,1585.4315695801306,6905.213737635123,2,3
Boise,83706,382399.67971228645,288.69597509074225,1324.5757222354466,6850.327199182282,1,7
Boise,83706,295854.43834654125,226.88622010130754,1303.9771133497597,6482.2465192276795,5,5
Boise,83706,502028.85181026574,285.9891221881613,1755.412401594649,3613.9978968315213,5,3
Boise,83706,595487.1808807532,294.949302859854,2018.9475788105206,19235.578133991025,3,2
Boise,83706,485172.3246843766,275.76206751791995,1759.387464169083,18593.371688128565,2,3
Boise,83706,282404.5923525222,228.9413269740506,1233.52387305998,18480.14375992266,2,8
Boise,83706,337949.9448291132,243.16705945639615,1389.7850538827327,3927.913902737187,3,4
Boise,83706,490780.0872340439,275.68942220941915,1780.1919395414368,10193.259383680943,4,5
Boise,83706,454190.9171814892,234.56083741857324,1936.3459057361165,6207.350303286857,1,2
Boise,83706,449574.8085645331,288.25770422096275,1559.6280757856634,6008.156293587682,6,6
Boise,83706,287908.24184224143,219.09783274650124,1314.0624817378027,4582.547418438567,4,3
Boise,83706,553856.6467875285,277.7853697737385,1993.8294347130495,37292.00176644758,4,4
Boise,83706,771547.5448130984,298.517466755627,2584.597655870851,6890.873965011442,2,3
Boise,83706,588159.1236944804,270.31665332137044,2175.8153501376687,4600.869007762408,2,3
Boise,83706,603649.2524055436,223.729506979754,2698.120871737181,8691.52054662263,1,1
Boise,83706,279198.3997161165,198.50562369374092,1406.5012089877628,12645.773474658969,5,5
Boise,83706,465889.780701624,219.12620795414298,2126.1253277340597,7349.561019484037,4,2
Boise,83706,639310.0014652038,281.98075418199585,2267.2114744844635,9262.705180938536,3,1
Boise,83706,370394.4896353074,254.65196144920827,1454.5126121448886,14593.37082098513,3,4
Boise,83706,319553.8549231697,239.10009617879246,1336.4856812278995,4511.744276402116,5,2
Boise,83706,359747.5543589085,278.4469334967042,1291.9788695147063,8900.578768057387,5,3
Boise,83706,296280.86102641997,184.4923371892187,1605.925023989202,5452.2556767062915,1,1
Boise,83706,284630.3897553551,252.4373630636434,1127.5287711019043,5027.079343316999,1,2
Boise,83706,549255.5701705939,219.14779175547858,2506.324913296156,22888.29343086989,7,2
Boise,83706,249738.30484793131,209.5380666708468,1191.8517184766868,7582.234343695083,7,2
Boise,83706,442684.79103681404,242.48755388515445,1825.597990264176,4230.362309260693,4,3
Boise,83706,336087.1627769513,360.21187384117985,933.0263302900856,7482.16020424657,1,3
Boise,83706,788109.5346117999,287.6862997554214,2739.4753774573796,3871.9213255217846,6,4
Boise,83706,489926.195349744,218.20689233138566,2245.2370322276743,7021.510120626952,6,2
Boise,83706,342469.7794533881,310.4989402939445,1102.9660169827869,5324.672722232625,4,3
Boise,83706,374591.40150164324,211.2669789264473,1773.071226772535,10870.0140797245,7,7
Boise,83706,498897.0861589822,322.5752949549383,1546.6066185529644,25576.848423997933,3,2
Boise,83706,389420.1486244174,228.02416036187847,1707.8021381874646,7202.917442559801,5,1
Boise,83706,514325.82906749635,267.08742862251677,1925.6834053182247,5446.064145499248,4,3
Boise,83706,463952.59768060554,344.9760936393072,1344.883330279968,8448.966946180704,1,3
Boise,83706,403566.0332694727,248.95992797826042,1621.00799332137,19574.351732889903,5,9
Boise,83706,350310.18220325006,335.2055834688726,1045.0607014897175,10905.20480966527,5,5
Boise,83706,436002.463334415,259.92672837257516,1677.4052674931354,7350.824427706325,2,2
Boise,83706,254631.70184116295,259.33670477819084,981.8575510124876,2315.4521639008094,3,5
Boise,83706,518824.3365041042,227.84484454229695,2277.0949131912002,7752.737238178112,6,5
Boise,83706,362738.83242438396,318.4410249552361,1139.108356014665,12747.952491886766,7,3
Boise,83706,430118.7412995136,243.23540594401365,1768.3229118318225,14210.126137306752,4,4
Boise,83706,682831.8162228047,337.8627181053703,2021.0333358232435,17565.6731789102,5,2
Boise,83706,623200.8294214613,238.02590685196776,2618.2058821397127,5337.435627609603,4,2
Boise,83706,626612.5560727692,244.82410668846254,2559.439773102616,6281.526331696771,3,4
Boise,83706,703792.9242554398,302.3413758231959,2327.808829801072,7443.31749729306,3,3
Boise,83706,422976.069091317,258.49431225551643,1636.3070637825626,12246.22623281009,4,4
Boise,83706,595260.3347203914,274.13847215651975,2171.385614130536,6831.620569365848,1,2
Boise,83706,371714.9390046734,211.17505576223203,1760.2218105873155,10960.967887329767,3,4
Boise,83706,480306.4299319497,267.1137319408092,1798.1345490631036,6352.321501645389,5,5
Boise,83706,390271.55609319266,277.39580441142084,1406.9122527691861,5237.9843377188035,2,4
Boise,83706,839779.9650580547,330.73396720831346,2539.140361501235,15568.951257165181,5,2
Boise,83706,327846.0606085462,243.91258423495043,1344.1129396290037,9649.036494677184,5,2
Boise,83706,347065.9219369882,276.0726923575054,1257.1541175378143,12521.252344554106,4,4
Boise,83706,564790.686004344,310.4714670677644,1819.1387805729378,7068.622079428081,6,4
Boise,83706,277574.5766558874,264.45006221250605,1049.6294624912389,12960.648467594407,6,2
Boise,83706,517008.67456875334,305.5819378647267,1691.8823088216027,4228.466878025213,4,4
Boise,83706,893060.4002459331,361.2406943813693,2472.203198964928,4652.39846248199,3,2
Boise,83706,481030.44483320066,263.9361243872397,1822.5259840803233,14079.288600225524,5,3
Boise,83706,521517.9213895411,314.9415449086768,1655.9197407276483,7669.853471524668,2,2
Boise,83706,376953.8220520489,283.06276245320345,1331.6969663728473,6899.934154431545,5,1
Boise,83706,334673.54507365136,296.5666781131728,1128.4934207811998,4607.664124032717,4,4
Boise,83706,592378.6293838909,290.55842300197185,2038.7591014006528,12963.320784414876,4,3
Boise,83706,504277.56518821954,304.80660373893653,1654.4181097209025,24500.19465682049,4,7
Boise,83706,580368.3786049949,302.19697269009276,1920.496997169362,11519.184591963907,5,1
Boise,83706,246927.21656781985,260.00031088340944,949.7189281383133,6110.214342174555,5,4
Boise,83706,475158.60178834136,240.85588358161786,1972.7921723254324,18384.680313782228,5,4
Boise,83706,754480.2867789384,279.5363912230159,2699.0413787556167,9925.206118458795,1,6
Boise,83706,472105.56901808915,205.49554961389177,2297.400454195404,6169.688113952031,3,3
Boise,83706,508076.91157857195,287.15330230317664,1769.357717649174,17198.9939132837,5,2
Boise,83706,369690.67442143895,292.1691740777036,1265.330867256784,7179.25508138145,6,3
Boise,83706,433107.0334174084,255.72021840411594,1693.6753617696634,3366.3592153517834,9,6
Boise,83706,451627.67944204615,264.51139624743644,1707.4034837409135,6611.902233679828,5,3
Boise,83706,433558.491189162,298.7113841241002,1451.4294206110314,11008.756232514063,3,2
Boise,83706,432309.8560168289,292.219177499248,1479.4027541807773,5200.977810247786,4,5
Boise,83706,830924.7141616916,299.2998579396438,2776.228227710199,2601.3848701239967,5,4
Boise,83706,378624.22671227844,293.3959602690998,1290.4888886847934,19323.788719155586,2,4
Orlando,32805,226531.47951083924,147.8073484111428,1532.6131071691807,7838.638578165509,7,3
Orlando,32805,254820.82000687715,189.24467243023787,1346.5151580465913,13059.92628683455,2,2
Orlando,32805,197614.46182154646,135.18586247835694,1461.7982842191375,16823.60366565777,3,3
Orlando,32805,210317.0378760267,170.95077392365437,1230.2783605411057,1935.4804022733667,4,2
Orlando,32805,208256.04349946242,173.06045906557753,1203.3716114236602,5141.990529981736,8,3
Orlando,32805,239040.9242163518,162.1147053590784,1474.5172172190332,4394.801467976313,3,5
Orlando,32805,170940.79939695567,127.73902919438643,1338.2033703796753,7427.181748024736,2,1
Orlando,32805,278251.41305850353,127.54606357108258,2181.575857912945,4598.99534197865,6,2
Orlando,32805,266642.1581000761,154.04534015080645,1730.9329697285243,11916.271765767027,2,2
Orlando,32805,304579.08287193946,187.48555050406014,1624.54696936948,8871.889067522114,5,4
Orlando,32805,245422.35799239788,180.97753596985794,1356.0929353865959,13639.304253307393,4,4
Orlando,32805,147813.41063524885,173.03236839857254,854.2529470253049,14171.690049005314,5,5
Orlando,32805,174281.07985451905,150.44389218231126,1158.4456991003754,12023.861728145801,5,3
Orlando,32805,219863.13891149507,182.33591926499275,1205.81364219281,6540.196500814401,4,4
Orlando,32805,167614.64272675556,126.65105721470539,1323.4365856307586,8516.522199268262,2,4
Orlando,32805,156195.1770208148,111.10417901816352,1405.844302177686,6067.321253290161,4,1
Orlando,32805,279164.62274835265,167.1355213089368,1670.2889999806737,3527.538621232587,6,3
Orlando,32805,241713.7036633214,159.2522891412554,1517.8036370260488,14178.323013959414,3,2
Orlando,32805,378495.51020915527,199.82170399348922,1894.1661623578575,7606.497112551929,3,3
Orlando,32805,232844.4406225495,177.5705799138714,1311.2782575553229,3247.46393230415,5,2
Orlando,32805,327158.78825434204,216.41048203088613,1511.7511184492898,11040.952169115857,7,3
Orlando,32805,245936.9196655053,159.19599212761284,1544.8687895883722,6994.136751277146,2,2
Orlando,32805,280571.82412564865,186.12532825311513,1507.434945898895,2324.625981920069,4,1
Orlando,32805,325975.2173543571,166.89600136973473,1953.1637347751948,3508.553969884146,4,5
Orlando,32805,362933.69820630597,209.4109655021681,1733.1169709092833,5254.447424574989,5,3
Orlando,32805,171398.00776968175,168.15081141627857,1019.3112142965776,9077.04570464069,4,4
Orlando,32805,269597.7579873081,195.69081001261267,1377.6720428002313,12835.997554261685,5,1
Orlando,32805,205433.10524797672,145.42143216204587,1412.6741993508817,12574.90171559962,1,4
Orlando,32805,394849.3543311126,162.65658223834734,2427.5030797863665,11486.349319794017,2,4
Orlando,32805,223584.74307750567,171.27327446505925,1305.4269194994474,7836.749303034407,6,2
Orlando,32805,228799.85890586465,206.3328609722921,1108.887153639524,22483.48248945554,4,2
Orlando,32805,183948.96060006286,116.29139298191184,1581.7934232559635,12174.751865206428,3,3
Orlando,32805,264538.5137764623,164.8049241479273,1605.1614667715578,9140.405621718863,2,4
Orlando,32805,228135.7829452275,163.92455359048807,1391.7120891794539,11239.050941803662,4,1
Orlando,32805,160220.802951678,119.41922592082062,1341.6667351194383,6296.667591906273,4,3
Orlando,32805,290035.8381175053,161.3862535411286,1797.1532999468936,7729.895788394662,3,2
Orlando,32805,152739.05815180647,133.37338191353373,1145.1989591958277,2293.9359965533818,4,2
Orlando,32805,146865.85632341172,112.81846696494509,1301.7891509644944,6343.260712435637,3,1
Orlando,32805,207316.27900756293,166.63488251538018,1244.1349366836678,22997.243275067678,8,3
Orlando,32805,308882.19409041177,165.7546001018044,1863.4909311759684,8744.865324377497,2,3
Orlando,32805,254388.7052133016,167.08655272498115,1522.496580751276,8529.11332352744,2,5
Orlando,32805,195567.10195188894,180.0391187000292,1086.247829716005,14564.746692937073,6,2
Orlando,32805,167727.22796020014,150.57897405680276,1113.882127374095,9915.872846760481,6,3
Orlando,32805,498306.35001583723,220.05628261384942,2264.449549437567,4990.57562651707,3,2
Orlando,32805,320769.49235628126,172.59372320242642,1858.523510614966,8114.365821524435,2,2
Orlando,32805,362039.7323170589,206.93163421839677,1749.562041031195,4048.3527373925003,3,2
Orlando,32805,184500.94563077603,129.7507016357052,1421.9649166043853,8931.718736410325,6,1
Orlando,32805,313659.11109389697,151.74637303425953,2066.995769467799,4839.403988323545,4,4
Orlando,32805,205831.8639749805,191.31722491244582,1075.866870163819,13963.10241814319,5,2
Orlando,32805,286744.4157672022,167.56502411113587,1711.2426491641943,5890.2425019083585,2,3
Orlando,32805,184673.52249472676,145.5369455199428,1268.911628143392,4877.433679541999,5,3
Orlando,32805,167338.97627420453,125.62068866717965,1332.097268767198,7476.332383617529,5,2
Orlando,32805,327246.843375354,192.53722634802207,1699.6549165190352,9960.991682515029,6,3
Orlando,32805,260418.35643028902,190.41403907151428,1367.6426260381097,3876.9251160306367,3,5
Orlando,32805,228628.36104719204,179.7909610700369,1271.6343451667224,5851.403712329259,4,2
Orlando,32805,201107.10692864444,160.55701682194123,1252.5588162345687,8521.04448186685,3,1
Orlando,32805,124668.80831809116,144.49851057110013,862.7688121169124,17858.197944646574,2,3
Orlando,32805,295227.6859733255,172.08147331342772,1715.6273728293827,1754.5494198070494,4,3
Orlando,32805,153468.5944535533,139.23672525175033,1102.2134726026534,11571.433874299053,6,3
Orlando,32805,347204.09436111635,153.90453380778993,2255.970540768712,6355.383207851961,4,2
Orlando,32805,272133.3452133219,206.27647887743487,1319.26503057587,5945.742002512414,2,1
Orlando,32805,246428.8990027224,125.30310427908361,1966.6623618027784,5316.235103955752,3,6
Orlando,32805,172337.9444528167,191.08859652812066,901.8745628154498,6430.833724442298,7,1
Orlando,32805,361414.53503085,212.33748446075577,1702.0759944890776,11610.755446841951,6,3
Orlando,32805,353388.43734287546,194.69826163861725,1815.0569726133751,5797.168791556052,5,2
Orlando,32805,360983.35144615034,183.82110088377868,1963.77537568107,21641.153381921453,4,4
Orlando,32805,156154.11590381272,161.39829811547352,967.507822121465,11632.019675127232,2,3
Orlando,32805,186296.94768478224,156.65463871168143,1189.2207547563062,9009.006658574679,7,3
Orlando,32805,188244.3450967449,114.96588299589845,1637.3931134287964,7241.351577789732,1,4
Orlando,32805,256613.5087441539,174.42287681387526,1471.2147479254304,16335.71906494415,2,3
Orlando,32805,248646.41664242695,162.9941057645177,1525.4933022035386,17833.047797219984,4,1
Orlando,32805,201190.2769028549,155.29784272050546,1295.5123740188944,3985.2986514146587,4,6
Orlando,32805,361263.6062173694,172.93751170959698,2088.983486844754,5250.391674253087,4,7
Orlando,32805,476445.453072627,175.08279150544493,2721.258034418591,11707.382965852838,4,3
Orlando,32805,228316.0638966776,156.92343467980663,1454.9519921135015,14033.53901194911,4,5
Orlando,32805,342055.4103321809,215.4307489052825,1587.7743175955393,6680.796471452187,5,8
Orlando,32805,276711.8851429885,192.46955370972617,1437.6917273903634,5124.201079019969,4,1
Orlando,32805,384551.9954165323,196.78027181031433,1954.2202675033395,8386.381307603533,5,4
Orlando,32805,297849.19279729034,170.77216487248623,1744.131972676526,19403.58029106067,2,2
Orlando,32805,202799.3399563039,186.76184251770266,1085.8713815541903,8199.40915750279,4,2
Orlando,32805,182631.09870845298,150.15466199702598,1216.286569324569,3747.455512905113,4,3
Orlando,32805,210157.08515287444,190.79538095877274,1101.4788937594112,8543.677008801415,3,4
Orlando,32805,467542.5110688388,168.14164856030382,2780.64664568312,12795.459538194787,3,2
Orlando,32805,244043.61850699523,146.86901040246227,1661.6413349436161,7527.892746238242,4,3
Orlando,32805,211152.9067547062,172.86763398154687,1221.4716074453022,17019.19167174024,3,2
Orlando,32805,198589.57950346035,165.86104618692812,1197.3250143354735,13449.621481202712,1,3
Orlando,32805,405530.5719728842,233.90394082496104,1733.7483521765787,7708.982346293791,1,1
Orlando,32805,328461.62539087684,184.78852295119884,1777.5001398632364,8209.794998857617,3,3
Orlando,32805,371335.7760779253,214.5626687855353,1730.6634848445678,2649.5391482923483,5,1
Orlando,32805,258598.58308888887,202.89495922034772,1274.5441487683584,16536.62431602462,6,6
Orlando,32805,266943.480574916,174.44301342613113,1530.2618048842335,6564.859672805549,3,4
Orlando,32805,235987.16124069103,161.91487005896317,1457.4767663695964,6293.186235086835,2,4
Orlando,32805,143790.3744885972,128.1810445837488,1121.7756490870993,5751.8950692034805,2,2
Orlando,32805,169576.0935140503,150.79891975525413,1124.5179593412965,10521.913466010294,4,3
Orlando,32805,299673.2242050632,190.7041822173069,1571.4035251916307,4064.2358446078624,6,4
Orlando,32805,246573.24998486828,165.59886950954444,1488.9790655887105,4432.385260398663,3,2
Orlando,32805,298301.36451053806,183.23846905538852,1627.9407159878028,7751.810900574728,5,2
Orlando,32805,208407.87499010618,120.63427083709364,1727.6009010038563,5493.324032664786,3,2
Orlando,32805,382062.3590410129,185.26000285866456,2062.303536357437,9782.369019083655,4,1
Orlando,32805,235854.9078420012,201.98935363676824,1167.6600949282329,5615.372769031641,3,4
Orlando,32805,211186.59145588044,127.2565450575311,1659.534221681137,20831.438257674665,6,2
Orlando,32805,313080.8512818415,183.12772127949756,1709.6311202606173,12127.990501966136,5,2
Orlando,32805,273277.6347681443,208.41742815223856,1311.203372918164,12036.855914476926,5,4
Orlando,32805,317393.8396294769,217.17417452916357,1461.471375763674,5564.819166368501,4,2
Orlando,32805,211612.37698488054,160.35945767534676,1319.612700445128,33880.829275989876,4,2
Orlando,32805,465312.7272236261,193.7530076364475,2401.5767956321242,6147.435070491096,3,1
Orlando,32805,306569.5456124683,210.6617013267209,1455.269485064119,5212.999319806747,2,4
Orlando,32805,291857.47834285535,183.90354240671468,1587.0139015451562,12225.049688517009,6,1
Orlando,32805,274568.3417087925,206.89643378810803,1327.0810747274181,8994.18647539419,10,3
Orlando,32805,216940.3735268932,172.52691564179077,1257.429153705593,4895.962844030302,7,3
Orlando,32805,188083.92367676363,183.71965970677238,1023.7550187985155,29872.8439596572,2,5
Orlando,32805,293539.7623670805,157.28634953667995,1866.276146860574,14365.094064687939,4,4
Orlando,32805,290625.17820507416,169.17726849748647,1717.873688269131,8019.248565713692,3,3
Orlando,32805,242907.2192049868,184.74486102401312,1314.8253102066733,33788.064550837604,3,6
Orlando,32805,175821.1606690233,155.33466178163417,1131.8862039702933,13012.489515985226,8,2
Orlando,32805,248585.99155524254,167.64250615725072,1482.8339020538492,7943.0788120531,5,5
Orlando,32805,241912.36277962945,193.2571723045549,1251.7639572951973,31447.01697184245,2,4
Orlando,32805,304242.35014542757,226.86549445570896,1341.0693013292284,11879.715689220846,6,2
Orlando,32805,124177.19544820851,120.13565988579576,1033.6414314139095,11572.003609980497,4,3
Orlando,32805,336584.84526154946,224.8885483070932,1496.6740093938934,6344.783412154743,4,2
Orlando,32805,250739.58622374726,166.69839656148403,1504.151157994288,8240.735775676649,5,4
Orlando,32805,370102.0662368937,198.56572969222353,1863.876847281508,6252.777369500985,7,4
Orlando,32805,278048.58960231446,203.6704709610851,1365.1885238456616,18978.048882706054,5,2
Orlando,32805,279315.429681807,214.1666415611591,1304.1967117089216,3045.8897403180063,6,4
Orlando,32805,148428.86361791776,154.51916024159559,960.5854923482923,18155.3231011002,2,4
Orlando,32805,312870.8196749187,167.59866583408302,1866.7858608412205,4725.796057161505,4,5
Orlando,32805,304922.8589586031,172.0654831013444,1772.1326407981978,7726.753750849491,5,4
Orlando,32805,234394.04753233603,164.1599288520616,1427.8396023402784,6701.3681630149085,7,5
Orlando,32805,211265.47891884908,207.77284180433958,1016.8098827747591,5855.31648730532,2,3
Orlando,32805,179415.10055188974,171.46102004738268,1046.3900220721246,12101.28966202063,3,2
Orlando,32805,162397.03678558336,131.34700830935105,1236.3969219847222,7975.1305120357565,4,2
Orlando,32805,283287.9856562969,156.9896133572182,1804.5014545751899,5359.240598122677,3,3
Orlando,32805,201809.9884484329,132.3916097053739,1524.3412244744484,8774.404113796885,3,1
Orlando,32805,163487.17183777073,167.51885310902597,975.9329699527532,5268.730837126931,4,2
Orlando,32805,299492.6913481565,190.95906998258315,1568.3606511880917,5793.7296752533175,5,4
Orlando,32805,179793.21652919747,156.43117146333032,1149.3439245345264,3257.9028416226192,6,2
Orlando,32805,202757.8455639118,162.97348529317296,1244.1155394030554,6105.903839050249,3,2
Orlando,32805,300597.2251575672,166.31088185865252,1807.441712762034,10761.384931064533,5,3
Orlando,32805,304050.12926994497,177.12197894709925,1716.614341581827,8180.199118674665,5,4
Orlando,32805,348194.82877042115,186.88795781731773,1863.1207319991172,23771.31836096872,5,1
Orlando,32805,274085.8811284207,194.46397897945036,1409.4429341970024,38364.4797849839,4,2
Orlando,32805,410387.49544441846,232.14629637902536,1767.7968670858252,6055.158200339243,3,4
Orlando,32805,216317.18644400014,176.6732406286909,1224.3913434441822,4852.2906239764425,3,1
Orlando,32805,256012.38452139657,192.6045994714982,1329.2122058553514,15757.73679115098,3,7
Orlando,32805,172667.48477794288,132.15336098215897,1306.5690005512113,9782.220339901007,1,3
Orlando,32805,233301.62840151103,163.59403789857038,1426.1010449913824,15815.114677055808,2,2
Orlando,32805,171039.41695319116,166.42402284901033,1027.7327396920828,10162.860831340246,1,1
Orlando,32805,196978.49247371234,146.99048390344456,1340.076495041026,7119.424074037613,8,2
Orlando,32805,325064.61375611776,159.5140051225481,2037.8437210349266,7143.697594982274,2,4
Orlando,32805,184110.99624023883,170.66335513131824,1078.7963010487706,10371.976569917519,7,2
Orlando,32805,163020.60084214486,160.32916366760585,1016.7869470093344,7048.206619497487,3,4
Orlando,32805,250198.48148311494,241.15712373336112,1037.4915640466443,16628.902362993093,4,1
Orlando,32805,515131.3130430977,186.78889211251095,2757.826266953883,3662.108952444293,7,4
Orlando,32805,359106.93394417147,225.52461064238108,1592.318163952468,16575.533512164806,4,3
Orlando,32805,281293.6626275569,212.29729102208196,1324.998831936571,2599.7131003775,2,2
Orlando,32805,226151.29326816587,156.8274548537544,1442.0389177332356,8727.709056670836,2,2
Orlando,32805,261766.5450561667,174.4372858017961,1500.6341325076467,6558.8540703937615,3,7
Orlando,32805,195853.01079354974,162.1462981842606,1207.878397390148,3220.7946650253607,5,9
Orlando,32805,210829.10850992307,169.24953362612894,1245.6702479053392,2324.325505228535,2,6
Orlando,32805,201771.4007626578,148.05417236137842,1362.8214426146908,4140.981096598879,2,1
Orlando,32805,191561.8499659828,161.97169227031998,1182.6872170124568,8222.317779372888,5,2
Orlando,32805,234678.21428305315,182.81432177861333,1283.6970976882576,5574.1010873700625,6,2
Orlando,32805,282014.31298810604,182.12750279957922,1548.4444065454875,4283.935947788575,2,2
Orlando,32805,198927.9308457736,180.05330996526206,1104.827958364959,18007.893533936407,3,3
Orlando,32805,467977.7620663169,171.9073207313547,2722.2677898496327,3819.5428203620354,5,3
Orlando,32805,335172.39840624505,195.85565716223996,1711.3235495087079,12024.08763314112,9,1
Orlando,32805,172101.48545014625,166.77199750446252,1031.9567314982908,4692.865312073614,4,2
Orlando,32805,159975.65576973662,209.6668003282575,762.9994616185124,4078.617087365526,4,3
Orlando,32805,149681.53268886002,125.38735916396006,1193.7529722843292,5568.5704290240865,9,1
Orlando,32805,320531.46178535034,190.5495660328252,1682.1421767506608,11604.4792985338,7,3
Orlando,32805,298341.5977012949,186.166927969564,1602.5488573892676,3513.322207593547,2,3
Orlando,32805,214977.80494895336,155.90845274687192,1378.8720313836004,9505.919387484926,6,1
Orlando,32805,200298.25243992868,164.21724391225254,1219.7151021908246,4495.089339702443,4,3
Orlando,32805,209827.9201946446,185.55339544467805,1130.8223150096107,5007.723494591505,3,3
Orlando,32805,252905.42325452116,197.29171919556333,1281.885647738876,10173.908929921097,7,1
Orlando,32805,140815.41864338718,127.94071782319294,1100.6302062333773,29474.669682101416,2,5
Orlando,32805,243535.5054407458,189.80633443429608,1283.0736453901056,4631.271014923534,7,3
Orlando,32805,319432.19976985775,161.55237380297794,1977.2671378968594,12321.798035223756,1,1
Orlando,32805,237006.36341412796,202.73891463747407,1169.0225521722307,6631.38787811748,4,2
Orlando,32805,207437.79985498163,125.60389821171688,1651.52358173889,6017.040148948784,3,3
Orlando,32805,406770.5925930922,237.0842337734887,1715.7218180173152,15214.777317643391,5,1
Orlando,32805,162779.9752127219,150.4035250829062,1082.2882982496153,4822.670668238181,6,5
Orlando,32805,241872.240831449,210.66616011908064,1148.1304861432366,4002.7179008874673,3,4
Orlando,32805,317897.4643969707,171.6598853791714,1851.9030447607606,10543.894993366062,2,2
Orlando,32805,171136.8732699637,152.1591101647898,1124.7231472674937,20828.282935122923,6,1
Orlando,32805,252030.53692974147,180.35800130601896,1397.3903852600004,12546.457625953923,3,5
Orlando,32805,472706.46778788907,200.23681495231978,2360.7370497800293,3439.1732673329193,10,1
Orlando,32805,240985.66457790486,133.06017378942204,1811.1028846188283,5530.2980737292355,7,3
Orlando,32805,277631.18348668475,191.7146402695987,1448.1480553403012,14399.60083816551,5,2
Orlando,32805,302862.57278844714,173.14312764344118,1749.2035457054992,20658.103679468342,2,1
Orlando,32805,263474.8855751844,188.47410998429345,1397.9367542690145,9176.706184764424,2,4
Orlando,32805,317706.45451471827,173.74556782260294,1828.5730018684665,5651.596215156649,3,3
Orlando,32805,134784.09457222302,158.58054468444266,849.9409233360127,21478.50881694699,4,1
Orlando,32805,197833.27736648655,144.4976461225551,1369.1107272342351,7649.84503359403,2,3
Orlando,32805,160688.0749046386,190.96155317035155,841.4682025616602,5561.992443335369,5,2
Orlando,32805,281647.55014230544,190.8217499650215,1475.97194865854,5025.284246308225,6,7
Orlando,32805,254828.61875402086,190.69166161266713,1336.338550930605,3905.6746477820684,5,1
Orlando,32805,367702.3771804052,184.58562863552427,1992.042283565078,43798.07205277961,1,6
Orlando,32805,335427.01852638874,198.04011994639117,1693.732656883806,18765.42837923774,4,2
Orlando,32805,261066.5861401891,210.0445165903263,1242.9107428182804,5396.041083704049,4,2
Orlando,32805,159625.94841121748,124.63748402832981,1280.721844280288,22613.27442335769,7,3
Orlando,32805,175451.21013330325,112.5287723079702,1559.1675491946728,11016.816142829137,8,5
Orlando,32805,268020.4219715343,218.1592723567085,1228.5538866910902,10632.40424759887,4,5
Orlando,32805,194852.1241210539,138.56731073700797,1406.1911361682623,5200.1700324986,6,2
Orlando,32805,286072.1719640775,145.1970359210209,1970.234241694058,5876.522849060521,3,3
Orlando,32805,191242.44545669542,165.97656321932635,1152.2256019000827,7798.934493210462,3,4
Orlando,32805,165316.21344975746,130.4253134934638,1267.5163204268795,2459.8789588538034,2,2
Orlando,32805,214675.04019157964,163.5314957227526,1312.7443080171822,5973.598177461122,8,3
Orlando,32805,464536.7059369054,148.7912470512724,3122.0701159714686,8021.579281776619,6,3
Orlando,32805,276264.0926779508,167.38870391135356,1650.434504972665,17551.736406522556,1,4
Orlando,32805,340039.27725327376,180.7411909123779,1881.3601677446204,5526.269606508714,5,3
Orlando,32805,282605.09087678825,164.52147891254816,1717.7397914530525,13023.096153890714,7,3
Orlando,32805,285102.1287006714,163.20728368125165,1746.8713544518257,2323.663998636415,2,6
Orlando,32805,287518.629907412,180.17279263672185,1595.7938249152246,16113.535723811414,5,4
Orlando,32805,311613.8492700934,200.6314282908597,1553.1656825885727,4661.015586513414,3,3
Orlando,32805,212238.08591534573,215.16752934255484,986.3852904006471,8650.397928017523,2,4
Orlando,32805,260098.66077166374,167.77385316911636,1550.2931825108874,10208.77263789779,3,2
Orlando,32805,304841.296806625,220.94179084389071,1379.7357921390912,9075.235008720492,1,3
Orlando,32805,318887.5988500154,196.27103513365287,1624.7308148798697,7503.530825443409,3,6
Orlando,32805,196937.5759008025,141.40437203607192,1392.7262153575011,3798.217092538024,5,4
Orlando,32805,241291.39172485162,140.6446223971878,1715.6105054868865,4691.334064383358,5,3
Orlando,32805,284102.2427330316,158.43954741516913,1793.1270782324352,14545.776951607157,5,1
Orlando,32805,144462.43248883775,211.04715104303673,684.5031158908132,5590.200009511676,4,5
Orlando,32805,204030.28766654592,160.4149238163003,1271.8909364080857,7519.233357785071,5,2
Orlando,32805,110687.14028108284,124.22276778317128,891.0374664512818,3268.0379430980884,3,1
Orlando,32805,252074.64272964487,167.50466176895065,1504.881357137073,13391.03641126803,3,5
Orlando,32805,160328.914168157,121.92749797604579,1314.9528763368512,3624.6282002413545,2,1
Orlando,32805,290502.56435678824,146.01032845234954,1989.602841360594,13860.169551516756,3,4
Orlando,32805,236172.23008271577,158.1861078966732,1493.0023452943346,4228.361159708717,4,3
Orlando,32805,222681.94378702482,177.35423539334957,1255.5772535859887,14704.393988123942,5,3
Orlando,32805,358696.4287764794,200.10767957598438,1792.5170564994537,8049.0759084810625,3,3
Orlando,32805,250741.70033983103,191.52072311058996,1309.2144613251332,5721.248803262615,3,1
Orlando,32805,178707.34730470387,142.77514806919487,1251.66984395698,20898.608858239546,3,5
Orlando,32805,256200.34660677574,163.7884186507119,1564.2152767414987,7676.230036613105,2,2
Orlando,32805,372247.5195364609,175.4472164424521,2121.7066140149377,6438.877126831318,3,3
Orlando,32805,292418.93781248963,166.63763282902653,1754.8193217105836,13803.363553684236,4,3
Orlando,32805,271897.4299163201,166.45320751813287,1633.476662723369,3290.920374581918,3,2
Orlando,32805,362745.4368989338,128.6359414358205,2819.9384468291546,1756.1820786431756,3,3
Orlando,32805,169352.19305577298,143.4670101214977,1180.4260290386892,16026.274407631752,1,4
Orlando,32805,191311.09091722063,162.97590806524525,1173.8611748715139,4843.609922563313,2,2
Orlando,32805,136691.46820646708,92.97736116360183,1470.1586116855526,13439.726657596533,3,2
Orlando,32805,393640.04973193706,190.1289245623364,2070.384875094987,8224.676501445068,5,6
Orlando,32805,154308.7129774918,137.7442625046177,1120.2551029834642,3979.0689636649295,1,2
Orlando,32805,420575.9817161184,191.33084138942564,2198.1609376822744,11516.847847586823,3,4
Orlando,32805,187012.0097934884,189.04319552032862,989.2554412167572,6254.73906950016,3,2
Orlando,32805,219104.39733204545,159.31365071125887,1375.3020934103865,4191.410616377909,5,2
Orlando,32805,295339.28857258434,199.49326688642833,1480.4474014690493,4257.421598038029,2,2
Orlando,32805,219194.4142656526,192.79725171760185,1136.9166951960278,2828.476674519417,2,1
Orlando,32805,200770.7815617443,165.4211314903535,1213.6948874240545,10188.467781269406,4,5
Orlando,32805,281105.1627450574,162.48623657232721,1730.0244542246478,4564.007589997147,2,3
Orlando,32805,410624.27132596343,202.00889985020092,2032.703864188462,7835.057894979338,5,1
Orlando,32805,149977.08803931586,179.49676808754802,835.541996868522,7173.603043879007,7,4
Orlando,32805,297543.11068013107,200.6419756237707,1482.9554471595832,4547.181238525184,3,3
Orlando,32805,153375.8567053613,111.30128355941613,1378.024150309861,3208.173311082187,5,2
Orlando,32805,256323.0974895261,176.02248373934938,1456.1952089545803,36586.0872792562,3,1
Orlando,32805,173425.0134368379,132.4173929661439,1309.6845478688645,7770.402975962004,4,3
Orlando,32805,177403.61184824782,172.78900882370192,1026.706577322023,23890.271200778618,9,1
Orlando,32805,400301.82197324943,192.03288800095157,2084.5482570218173,16093.309263432802,2,3
Orlando,32805,414287.47550601495,218.7106874522459,1894.2260222032908,6597.840251020703,3,2
Orlando,32805,205873.39092491515,149.04983989279287,1381.2385915543,8917.541786012,3,4
Orlando,32805,200478.70789161982,159.7816866708477,1254.703915503211,8763.461811633671,3,1
Orlando,32805,208123.40370955662,170.9743292908016,1217.2786673464298,24190.54743599036,3,6
Orlando,32805,109999.64679942888,148.10367527106308,742.720574611702,13162.103541017073,4,2
Orlando,32805,308074.4379601064,198.9211455833677,1548.7264416089574,4928.7129746513165,3,2
Orlando,32805,295726.78382742323,171.63621002413186,1722.9859817217148,9879.01532777764,8,4
Orlando,32805,259181.5335142645,176.63319979122136,1467.343250422992,12962.105595706144,5,5
Orlando,32805,263035.97473208804,189.59628458553684,1387.3477283961158,3952.1119714332317,3,4
Orlando,32805,251503.2286524556,171.59413805542823,1465.6865992194628,10761.028638769418,2,4
Orlando,32805,174302.27079917587,152.18844942399218,1145.3055173298683,17934.655730552935,3,3
Orlando,32805,214978.5257930131,171.8202764197122,1251.1825162466655,4782.473832012964,2,3
Orlando,32805,205590.3926810396,151.18301720682115,1359.8775608492333,5195.798930749237,4,3
Orlando,32805,297424.8095858668,176.26955475392185,1687.329442688397,16050.259936865927,5,6
Orlando,32805,399016.1839745819,199.39932255754195,2001.0909709055566,6468.212232927847,3,2
Orlando,32805,191282.9505175873,142.8882398133662,1338.6892494961935,4438.144987913871,4,2
Orlando,32805,145845.997065226,133.5892389134782,1091.7495918940458,13582.81468377596,2,2
Orlando,32805,249934.02510244524,174.741434082694,1430.307736768186,11308.493535810061,2,1
Orlando,32805,359760.3263228495,153.48262177194033,2343.9808505318406,8466.167155020865,1,1
Orlando,32805,194459.48346710327,174.28598029492503,1115.7494316986417,15708.329589236722,5,1
Orlando,32805,321605.7691518301,181.7965792027438,1769.0419179624269,16392.479910035272,3,4
Orlando,32805,232983.18155413424,117.68342800950833,1979.7450286314752,7612.166300817216,5,2
Orlando,32805,247989.82405893286,191.40919225824763,1295.6003895797603,26154.921466824155,8,3
Orlando,32805,170174.77118252486,143.02639522160737,1189.8137467483073,20686.380021454457,6,1
Orlando,32805,282960.2125774306,172.87852867425735,1636.7574084957205,2432.3611974038727,2,2
Orlando,32805,242034.90362234975,156.3035310142275,1548.4928718617275,4311.867425343131,3,2
Orlando,32805,268324.1578675955,159.09863043232744,1686.5271381561458,2067.347634955705,5,6
Orlando,32805,517891.3442827307,217.53509163092045,2380.725520650286,6583.803019346597,5,2
Orlando,32805,268665.0209674182,181.7670216235823,1478.073517229056,3867.8957398858092,3,5
Orlando,32805,207290.42074720183,196.9990875564495,1052.2405119658404,4907.921352812935,3,2
Orlando,32805,255692.0127825857,177.38734309500117,1441.433240508303,15390.992408417947,3,2
Orlando,32805,285500.0544775467,189.59213319894727,1505.8644557681046,2791.4023552346407,4,3
Orlando,32805,358684.15132719843,184.3197676046105,1945.988517610449,8647.610035546928,4,2
Orlando,32805,243031.6976706734,180.08069442860653,1349.5710822407116,8616.228045395264,2,2
Orlando,32805,258863.27208965603,202.2670896005558,1279.8091503707715,7614.147036807009,4,5
Orlando,32805,178632.55833284985,177.53211540357407,1006.1985569584083,8653.023096991348,5,4
Orlando,32805,378612.96927330823,232.91728070053247,1625.5254575125334,2096.0875076711045,2,3
Orlando,32805,649743.2828194329,198.45207099300683,3274.056448835593,4921.969878595828,2,4
Orlando,32805,192833.12594437902,143.810290585511,1340.885448178123,20191.102979734078,4,3
Orlando,32805,268023.3905127808,168.8663531219718,1587.1923894701988,3901.3353437857745,5,3
Orlando,32805,227198.02891092535,183.79156206114772,1236.1722505809937,21745.525882410453,4,3
Orlando,32805,179694.11937197935,174.6177631683915,1029.0712474577545,3439.5756100830163,4,1
Orlando,32805,302338.05861814524,191.33175948823686,1580.1770674498662,3200.212334810028,4,3
Orlando,32805,277244.85729792994,194.19757764307258,1427.6432315108223,4519.3774466741315,4,2
Orlando,32805,107819.45837568886,138.08490621649673,780.8200137866182,15750.802599189423,3,2
Orlando,32805,438430.05293097405,206.79235663597848,2120.146315188781,5764.791830237982,5,6
Orlando,32805,252514.9501273276,160.53330636551863,1572.975451912613,9842.26369334449,2,5
Orlando,32805,228095.18296032643,157.9551606619049,1444.0502102273995,8361.381752930542,3,2
Orlando,32805,201394.30519826504,157.87143446419455,1275.6855341296182,7742.806602694023,6,4
Orlando,32805,305126.09847507556,194.498349507469,1568.785026956531,17182.860376316607,3,2
Orlando,32805,264248.3233188109,166.51116556189277,1586.9705939965263,12709.53254840479,5,6
Orlando,32805,244793.20983756732,156.1950497659772,1567.2277079480712,4029.7309960964403,5,3
Orlando,32805,300731.31034928747,162.42900668247663,1851.4630883458537,6780.827004135422,4,3
Orlando,32805,248420.32575360502,126.7639177266678,1959.7084896765061,22771.401619125485,2,6
Orlando,32805,354701.6052629809,151.54774102574626,2340.5271689448746,9690.815828444585,4,2
Orlando,32805,162389.2497368048,141.207275647595,1150.0062513922637,3237.281593312874,3,3
Orlando,32805,204456.74936360167,166.45648318982742,1228.2894931189833,3377.7783492228596,4,6
Orlando,32805,295950.8320443752,190.7416446992486,1551.5795332006019,13647.12295406824,4,1
Orlando,32805,219195.13217580653,187.87129706638163,1166.7302860977059,12193.511085272878,6,1
Orlando,32805,250416.0586467274,206.15939119566457,1214.6720903393584,4602.603844950442,2,1
Orlando,32805,319870.4674313459,200.36301679024078,1596.454637964535,12528.670388910832,2,2
Orlando,32805,283588.97131133627,159.70644207453876,1775.688993052507,20885.9529157831,3,6
Orlando,32805,339258.9104404938,173.95621877621087,1950.2545688058415,19185.539523883283,6,4
Orlando,32805,233195.22279400195,172.61292298445292,1350.971982642375,20947.27075742845,4,11
Orlando,32805,187004.81598041125,117.49176024825923,1591.6419635323487,11164.452051160957,4,3
Orlando,32805,213577.81034491,141.78812410914537,1506.3166374956938,7191.110785985791,2,3
Orlando,32805,240790.22331399386,169.1073679472052,1423.889604793375,6283.665530473444,4,6
Orlando,32805,195321.31357819584,168.9614076540713,1156.0114010063965,7916.976742444032,4,4
Orlando,32805,209172.89031449458,186.79018558536424,1119.8280555211575,4729.5381688016405,6,3
Orlando,32805,310700.0980932119,185.52349155889323,1674.7210581393256,6448.595189242942,4,2
Orlando,32805,146644.80755167597,127.388351787867,1151.1633951891906,17193.190266023652,3,3
Orlando,32805,169967.53306711352,186.95336843385047,909.1439993350692,3046.5168956644943,3,7
Orlando,32805,250490.29578866158,178.1066605247205,1406.4061110948433,3174.149448644579,8,2
Orlando,32805,386883.66942470125,189.6795468132116,2039.6699376643278,13167.608394720006,2,4
Orlando,32805,141834.10031384855,201.21877572484652,704.8750783962496,6484.0011865482575,2,4
Orlando,32805,223894.9401875501,169.74232793102976,1319.0283349862138,2519.4880520713527,4,5
Orlando,32805,345509.9673379041,205.8689603379847,1678.3004430131878,7710.947311107841,6,5
Orlando,32805,135079.22433823615,150.31868959015682,898.6189588701777,7077.838686208801,3,4
Orlando,32805,200057.10699613212,148.85283984603527,1343.992544603513,6176.741430455278,6,3
Orlando,32805,196840.31499859729,184.61622361513665,1066.2135274142743,12071.715539989087,3,5
Orlando,32805,180589.50741500786,163.86503723870453,1102.062468346683,3594.9288528925977,3,4
Orlando,32805,231091.73994970976,180.26741769882096,1281.9384828366642,8062.57343740367,4,2
Orlando,32805,241215.84564119513,225.31540177623384,1070.5697157833552,7048.804619376134,7,3
Orlando,32805,192615.84196289995,183.69834831749995,1048.5442233263154,8183.637045827945,1,1
Orlando,32805,249996.3975390559,178.98043923170553,1396.7805566473894,2829.584402972766,3,2
Orlando,32805,373159.98985063133,150.8437549678576,2473.8179577281526,5846.552719283427,5,3
Orlando,32805,221405.03989162738,129.22822541144114,1713.2870097589796,8095.457130858772,8,3
Orlando,32805,313129.3947078404,171.57240961719853,1825.0568107452407,11068.877301424813,3,4
Orlando,32805,348168.61510420113,201.21889694649866,1730.2978019841466,24222.439241575925,4,2
Orlando,32805,196545.36570674932,165.05747599428832,1190.7692427912239,12974.820243925253,6,4
Orlando,32805,281774.9916929935,183.90565276682452,1532.1714556009779,10550.092862962585,4,3
Orlando,32805,392779.4572292565,210.5760325388648,1865.2619317289277,17155.630298933112,3,2
Orlando,32805,366067.45907352644,209.92605295394074,1743.7924160554012,6666.85392841673,7,4
Orlando,32805,274760.8375847415,184.61736057951077,1488.271941069203,20323.918422254876,7,2
Orlando,32805,287186.6767135309,177.88600046818542,1614.442260535807,15658.364009380084,5,2
Orlando,32805,351474.8912581591,133.94668669798898,2623.990931934235,6122.159337966423,6,2
Orlando,32805,274646.6899086161,157.06296555316018,1748.6406737663315,25376.274104591652,3,2
Orlando,32805,217698.1043028493,166.15501463117775,1310.2108581319933,10460.463095235702,3,1
Orlando,32805,210528.7329295991,151.2831838020948,1391.6201896240361,29821.30071653927,3,3
Orlando,32805,195973.10365339613,179.92450544876797,1089.196289102475,9596.04365491697,6,2
Orlando,32805,568955.0547555906,223.19917408612488,2549.0912190205977,5710.368891080088,4,3
Orlando,32805,450791.87199788744,212.95063887946262,2116.884336999107,5047.633682096915,2,6
Orlando,32805,260253.70675756072,179.80551012498617,1447.417860424041,6462.365768842265,3,5
Orlando,32805,473759.826731653,193.74009512001402,2445.3370193618325,5678.37202572625,2,3
Orlando,32805,256540.8348797105,154.50244431874916,1660.4322087646015,17154.742669118317,2,3
Orlando,32805,269278.7989568738,211.55414081505157,1272.8599776843284,7862.125541025344,2,6
Orlando,32805,236176.59221202487,132.81919114010236,1778.1812265585738,3037.479130854201,5,1
Orlando,32805,308867.500604448,197.21087592330088,1566.1788385574262,9090.62925897171,7,1
Orlando,32805,325738.27668403,186.35474866968795,1747.947283390122,8625.728020645269,4,3
Orlando,32805,154827.93710046797,153.79329461603663,1006.7274876126065,6039.232709211984,4,2
Orlando,32805,194518.54423976695,168.0275773764356,1157.6584467678367,9393.300804914825,3,1
Orlando,32805,296055.4931421402,143.94787891658248,2056.685345907068,7791.051891768183,4,4
Orlando,32805,313997.9412148857,145.05661759623374,2164.6578171903984,11701.309540814895,4,4
Orlando,32805,266674.91935247276,132.06236595776596,2019.3104781854083,11295.77661408165,5,3
Orlando,32805,477495.6507061442,193.42994422136033,2468.571516309287,9958.069778930796,3,2
Orlando,32805,335445.8950536792,204.82187075951282,1637.7445133656443,3669.7663655163146,5,3
Orlando,32805,188619.61223131523,117.21192119143846,1609.2186725891888,28527.016298615294,4,5
Orlando,32805,249673.53242911855,221.29087122474604,1128.2595212684878,3145.1139439297585,4,4
Orlando,32805,212297.63512503498,173.1475576909461,1226.1081701421888,7405.44866677665,3,3
Orlando,32805,156087.8616796053,181.00169053769045,862.3558222905256,4148.643987592766,3,3
Orlando,32805,176794.21752265564,135.14929043091192,1308.140183044709,10147.673208597587,7,4
Orlando,32805,176099.700093068,207.82656519353964,847.3397033198052,8692.712027128122,5,4
Orlando,32805,331876.102774384,178.67030717410788,1857.4776526856392,7229.586851553634,2,3
Orlando,32805,317263.4134559888,203.09111993260944,1562.1727506415077,19887.774814903973,5,4
Orlando,32805,175308.1089758644,205.22551264493364,854.2218105171447,15557.44172987978,3,2
Orlando,32805,281455.17554346373,208.19209760478475,1351.901339107288,6574.327791643794,4,3
Orlando,32805,363049.0571664202,156.59238249310155,2318.433702753158,12960.70810067844,2,6
Orlando,32805,230861.32535053598,168.04903651662673,1373.7735730945094,20455.457072113237,6,3
Orlando,32805,174006.16988154265,157.54412371761276,1104.491654626465,15490.835103541607,2,1
Orlando,32805,178490.21435671335,196.74951486406545,907.1951942551549,7372.157398242698,3,6
Orlando,32805,166457.4988783568,182.12144485881518,913.9917542791217,3081.020892971441,2,3
Orlando,32805,326216.19992996,201.27808021676046,1620.7239237310448,9720.434164765573,4,4
Orlando,32805,257447.7343881719,202.41235091674613,1271.897358151145,11948.523842418375,4,3
Orlando,32805,166884.4652293814,128.51843530526057,1298.525498174583,5041.3373873188575,3,2
Orlando,32805,265598.84472855413,208.6056880268812,1273.2099840649057,8108.952529665662,5,3
Orlando,32805,271292.29942691786,198.2004512601062,1368.7774054100935,7611.8698890918495,2,3
Orlando,32805,170913.52032358455,163.85313776439656,1043.0897000540817,18394.798292687745,5,6
Orlando,32805,280084.10955296154,182.56125799233442,1534.1924822008075,24330.513130912685,4,1
Orlando,32805,169105.66146248666,170.24224141698963,993.3237488825172,16192.857077470904,3,3
Orlando,32805,222371.42972624127,189.48915270230458,1173.5311840018417,7599.695128177406,2,4
Orlando,32805,298960.21129309555,163.79663757043983,1825.191381993598,15927.88409374558,3,2
Orlando,32805,289556.99291484896,185.92120788797902,1557.417769624821,11807.258449239083,4,3
Orlando,32805,294827.5426933706,175.2112167219317,1682.6978786482348,7648.440691233953,5,3
Orlando,32805,393663.3400908703,162.21474682495565,2426.803652541335,28074.893721090117,2,6
Orlando,32805,249169.34033673376,178.40715495610667,1396.6331137225782,5137.828286093298,4,3
Orlando,32805,347587.9687273736,243.879631832604,1425.2439456114716,11493.560557839042,3,2
Orlando,32805,206506.98651995102,155.6230224285656,1326.9693860029115,13239.144439028181,7,3
Orlando,32805,211845.8718071746,166.95671769896524,1268.867013719973,6732.470998216242,4,4
Orlando,32805,171859.23527659685,156.07638347394817,1101.122613500864,11188.925051650407,9,3
Orlando,32805,229907.11930894858,158.8056728649578,1447.7261118023955,14107.970083153137,5,6
Orlando,32805,301607.40683799435,194.68563290073365,1549.2021796584138,9264.79926908655,2,5
Orlando,32805,301755.3344431045,192.08654571727087,1570.9342542254542,10622.122766442671,3,3
Orlando,32805,249668.9882234627,173.30743750708285,1440.6132351547753,8522.418954984074,3,1
Orlando,32805,357685.358538106,200.16321085211703,1786.9685294085748,12909.372637492552,9,2
Orlando,32805,277198.6206698709,194.10460110546646,1428.0888711095286,6973.061306360288,1,1
Orlando,32805,216577.39854896208,169.23622681378393,1279.7342662766239,6635.027892669406,4,4
Orlando,32805,150161.23444467163,133.55037328325656,1124.3789946298682,8099.299965970163,7,1
Orlando,32805,187727.35919283092,195.05012408382512,962.4570098307287,16275.20633745365,4,4
Orlando,32805,363274.9498327706,177.8745037738504,2042.3104049506628,2803.934620749162,1,2
Orlando,32805,207159.549839812,174.0382323020257,1190.3105834832177,4635.851771720921,3,5
Orlando,32805,181460.36356726993,161.33389656736722,1124.750392993196,31340.26117997422,4,3
Orlando,32805,246269.97088212456,192.83502100705743,1277.1018956826908,9436.211653731352,5,3
Orlando,32805,241358.09580422533,182.5275239919372,1322.3106878658305,6266.512084535634,2,3
Orlando,32805,357230.9580319464,167.29797115432706,2135.2976104080317,12888.721710807422,7,1
Orlando,32805,184891.66162206916,141.57489813591116,1305.9635857521448,4994.939708007104,4,2
Orlando,32805,551065.7212194615,201.2464473018177,2738.2631028164446,2265.438173621857,5,3
Orlando,32805,272517.2049674029,189.19902900129279,1440.3731689634665,9897.889081639785,3,4
Orlando,32805,426996.929277738,180.10532805368447,2370.8178647022696,5160.178857778601,6,3
Orlando,32805,184943.75659600587,104.3333974211289,1772.6227762861322,8501.778769115635,6,2
Orlando,32805,267597.4902360497,172.47402932409724,1551.5233875194347,9748.193790411204,9,2
Orlando,32805,351614.5975212009,167.1841208392667,2103.1578582708125,8712.085881477962,5,2
Orlando,32805,295337.3676529762,157.3673607705711,1876.7383922994948,2869.231702374814,3,1
Orlando,32805,320786.3551082079,193.08444771296413,1661.3785258618193,8127.147875858616,4,3
Orlando,32805,485988.01059015637,192.0599432289984,2530.397554115172,10445.82844136457,3,4
Orlando,32805,231317.9552429557,184.82574231662875,1251.5461988334948,3453.5613837396913,2,1
Orlando,32805,221603.24378795232,200.46488371134188,1105.4466981211956,3215.353825982385,4,2
Orlando,32805,175810.2941865672,146.86081496335345,1197.1218750926691,4212.375709867355,4,2
Orlando,32805,355142.5160354489,161.65637509691942,2196.89768388365,12522.166388593672,2,3
Orlando,32805,357369.88203384524,175.4060198958315,2037.3866429788256,2411.9899056138415,2,7
Orlando,32805,195520.55136472906,157.27612946170888,1243.1673645194285,13161.630973393987,2,4
Orlando,32805,151379.33023300723,192.38021597950447,786.8757681877988,10121.632758862246,3,3
Orlando,32805,215270.52974255595,159.87285613246144,1346.510814595038,6854.739914898698,3,4
Orlando,32805,228046.70046282548,207.2422891457001,1100.386901741367,3290.579681493481,2,2
Orlando,32805,186979.16038633816,149.2321635258618,1252.9414301088975,4960.770218876951,1,4
Orlando,32805,249335.91385989537,228.93208257635658,1089.1261331916353,12788.981410371154,3,2
Orlando,32805,214493.5048796571,226.26028789541945,947.9944840289378,17004.477007817946,3,2
Orlando,32805,388157.46608017135,170.99461788602105,2269.9981489411753,4308.646644005202,4,3
Orlando,32805,242901.51631421407,203.28220896263707,1194.8980560264324,15872.049160542128,8,1
Orlando,32805,329029.75468823715,163.04126229362657,2018.0765903031115,12072.941167864565,4,1
Orlando,32805,268023.7740437662,199.82470139748136,1341.2945054807144,7967.2486748462115,3,3
Orlando,32805,180453.3867347954,168.8812197938263,1068.5225210659696,5138.331746747741,1,2
Orlando,32805,225425.2083906268,140.01413928070775,1610.0174564418985,5644.081809928582,2,4
Orlando,32805,104826.07470580176,81.53960357478273,1285.5847969589674,23883.673572142983,2,2
Orlando,32805,224081.0502435659,166.4683448466888,1346.0880532568294,8904.053568712476,5,2
Orlando,32805,265644.35727417085,180.72092741348263,1469.9147524093137,17767.350774369646,4,3
Orlando,32805,240763.73803557124,208.07350308903634,1157.1090718482617,9247.713498833486,3,4
Orlando,32805,164863.783745537,174.41294671154705,945.2496896242287,6097.158154568723,4,3
Orlando,32805,279289.5336320865,199.55471879521696,1399.5636651353425,11357.696841826204,3,3
Orlando,32805,291600.2966030873,161.6488948828431,1803.9114762549286,29199.23717904736,3,1
Orlando,32805,186347.0230545901,164.68433849176134,1131.5406477702948,5435.608888974249,6,1
Orlando,32805,295953.06237013586,200.88495442371126,1473.2465316735702,13842.767357087283,7,2
Orlando,32805,225820.51297307963,109.33163458339021,2065.4636129201945,8968.755543518984,7,5
Orlando,32805,240911.4425530096,173.79782624422498,1386.1591238458582,3352.58178752405,6,4
Orlando,32805,236176.47619351142,163.05340564590597,1448.4608601577006,3307.9122029232963,5,6
Orlando,32805,300201.3836833521,208.8617429390516,1437.321069234563,6099.771390542299,4,1
Orlando,32805,190906.9809084841,159.71555965092006,1195.2935664235665,9854.563941268416,3,1
Orlando,32805,206689.66995259846,186.9010243232443,1105.8776734959451,13551.067459110642,5,1
Orlando,32805,218564.60035330514,197.43695002511942,1107.0096064870213,3117.070783216564,2,1
Orlando,32805,209245.98182280993,134.62414482872086,1554.2975748446067,11834.985925923078,3,2
Orlando,32805,290983.30035695416,169.83372394902136,1713.3422832104773,7451.485350030105,5,2
Orlando,32805,281254.2183309309,162.229251621518,1733.6837562876701,8015.921974694698,4,2
Orlando,32805,255448.62105848247,198.08160398925924,1289.6130479251062,11388.552102298994,4,5
Orlando,32805,355921.11887412966,191.02495441609247,1863.2179233445004,22807.849060345343,3,4
Orlando,32805,256251.4364469872,167.39231637989016,1530.8434818802245,9598.689914517172,3,3
Orlando,32805,210964.58086173862,146.20748993622476,1442.9122677214464,3544.5079600396043,3,2
Orlando,32805,123323.50742644994,200.47153888374675,615.1671609502889,7150.526811503915,4,1
Orlando,32805,198417.3793825058,171.69974240567632,1155.606738848236,13339.398580728064,5,1
Orlando,32805,127304.2742078848,131.3514601378983,969.1881161749965,13605.410980531251,4,5
Orlando,32805,221520.2884916708,133.58899439920157,1658.2225915235633,11928.567651181425,5,2
Orlando,32805,268342.3378691557,184.84678421706877,1451.7014131770702,5890.982833278963,3,3
Orlando,32805,152096.22542789028,140.26479867043398,1084.35064869879,3521.0046580626513,5,5
Orlando,32805,339357.04015683866,221.84616813607244,1529.6952974580533,11394.675617187453,4,2
Orlando,32805,148053.98364898763,149.0783682712546,993.128549539776,3860.896559940752,3,2
Orlando,32805,189413.0470099683,173.45061428692904,1092.028689484106,12124.741918622396,5,1
Orlando,32805,210809.7465448679,177.599934247525,1186.9922555886628,12126.7669846254,3,2
Orlando,32805,250658.55251249613,154.4823206027965,1622.5711235720432,6042.548014172005,5,2
Orlando,32805,231678.65718065982,115.18194049139184,2011.4147772842427,7477.986473315441,9,3
Orlando,32805,218471.33213001836,178.42689954487662,1224.4304680924529,9012.82228681861,4,4
Orlando,32805,303579.97900507104,153.86144869752934,1973.073707383764,5532.018387760487,4,3
Orlando,32805,253181.2334459746,176.49221334815223,1434.5178670661464,3491.856423213402,1,2
Orlando,32805,256067.06642099796,170.27706835180103,1503.825905035847,7813.945136682811,5,3
Orlando,32805,251566.54957643594,180.31057498358027,1395.1846673404734,8318.326626382657,3,5
Orlando,32805,288901.1923740156,214.09829866935002,1349.3857455644238,18102.860416955835,4,2
Orlando,32805,251960.1891188323,159.24886419185302,1582.1788770517478,5004.043565506317,5,3
Orlando,32805,275085.84232941334,161.2611309386626,1705.8409594934888,15188.510379732288,7,3
Orlando,32805,147859.70847964208,130.11761997964655,1136.3542347513796,4019.6701793368416,7,2
Orlando,32805,227667.24177248258,168.38150877634746,1352.0917078542236,3570.4092385206754,2,4
Orlando,32805,396195.7287927146,184.12440725094535,2151.782779415739,6678.704788785194,3,4
Orlando,32805,238396.08240880966,160.87994678047946,1481.8259651347405,4548.948627187279,5,2
Orlando,32805,280672.83225036645,184.2951051900505,1522.9532654213926,3540.514505964784,2,7
Orlando,32805,320459.18010254495,168.84140567529676,1897.9892925010836,25688.40521550765,3,1
Orlando,32805,174561.7335989313,139.57633475428486,1250.6542309356096,6101.001633216902,3,5
Atlanta,30305,713717.4612905955,194.20234213359467,3675.122830391091,7179.012966697142,7,4
Atlanta,30305,465725.59918261704,176.15888364199395,2643.7815087946788,7681.566313180663,4,5
Atlanta,30305,627102.0677909092,195.02918623522592,3215.426777377605,9842.8616668391,4,3
Atlanta,30305,337715.149191423,156.93290911235073,2151.971508727003,4834.787288767382,4,2
Atlanta,30305,319239.503817052,169.5372932324355,1883.0046046528234,11898.187155101097,4,4
Atlanta,30305,713058.7599561056,271.59513795318196,2625.4474411063425,3638.479303420731,2,3
Atlanta,30305,749515.0983684786,243.38720065999948,3079.517313712466,22192.576787811555,3,1
Atlanta,30305,1113139.1078177276,200.71948045540552,5545.745262453672,5096.070555876614,6,1
Atlanta,30305,933950.9659174514,224.52799808105794,4159.619173998431,2471.7307917961293,3,2
Atlanta,30305,413383.2511092947,178.53231998119108,2315.45330925429,7661.308839146028,6,4
Atlanta,30305,867046.8296047212,228.88346429812051,3788.1584511294946,6248.3578378033735,7,2
Atlanta,30305,470419.36019269604,216.3786922376579,2174.055843151203,4611.817679675622,4,1
Atlanta,30305,831368.6035235419,186.20231607517414,4464.867145840975,17937.182503326687,3,1
Atlanta,30305,531412.942341129,198.12312564370305,2682.23580974995,12583.335346567583,3,1
Atlanta,30305,516577.48768835963,195.95525579167068,2636.201236865816,10555.847253877202,4,3
Atlanta,30305,922080.1594087663,234.76815876991097,3927.62018597449,4509.586058592505,5,4
Atlanta,30305,544307.9147564868,205.67845148872237,2646.4022400826557,5820.829058382524,2,2
Atlanta,30305,748829.1318267846,158.9299394450492,4711.693306129371,5544.540815937513,5,3
Atlanta,30305,512517.57413301925,194.19956890174885,2639.128279385196,2673.291494991854,3,3
Atlanta,30305,698275.396891145,183.78436115654284,3799.427723321746,9414.854141516516,4,2
Atlanta,30305,507720.47670271277,162.05878047732634,3132.9402529580802,9836.926197347919,1,6
Atlanta,30305,665165.1959298761,184.44576124281022,3606.291581047675,8608.306174921365,4,4
Atlanta,30305,333091.3404732831,140.80348495924088,2365.646990695612,9169.999230295198,6,4
Atlanta,30305,344755.66429593874,179.14890628241292,1924.4084234176732,4054.239500775176,3,2
Atlanta,30305,515884.3145853677,214.34491102105508,2406.7952540972265,4677.516753426586,7,3
Atlanta,30305,611825.3815306056,222.3913501205952,2751.1204064314265,6616.641967124763,4,3
Atlanta,30305,648327.6297382956,223.94427631986142,2895.03996437169,18358.3670877625,1,5
Atlanta,30305,642100.4634354524,238.1210356951423,2696.5297776443,16070.32633056448,3,1
Atlanta,30305,437628.5990899382,245.3126635390998,1783.9625267457327,10909.522322693969,2,2
Atlanta,30305,457161.4905559614,176.22073718852778,2594.2547843666794,26799.056715859355,9,3
Atlanta,30305,507838.3795253016,165.2227179388533,3073.6595176532915,10862.335780975673,5,6
Atlanta,30305,600105.6053689198,209.55015497948088,2863.780298457341,11716.691648777247,4,3
Atlanta,30305,624399.6906259338,225.2921548348444,2771.511023469345,19439.570816570493,5,3
Atlanta,30305,494070.81191264396,182.1299969794902,2712.73716634543,12144.075281580477,4,2
Atlanta,30305,668214.8142376362,216.48564208345667,3086.647261253635,21511.87932824751,5,2
Atlanta,30305,621072.2326823467,265.14321293737703,2342.402906722847,8138.045672377493,6,4
Atlanta,30305,476546.7495228563,166.485010779441,2862.4003283646025,5447.979942300616,6,2
Atlanta,30305,572820.2531424627,208.40465611815105,2748.59623490232,7554.984097827178,3,4
Atlanta,30305,536016.4855289559,240.66331391964852,2227.2463417831873,9226.455748867818,3,2
Atlanta,30305,587623.5259301381,202.0428114622913,2908.410953486511,4648.664570153931,5,1
Atlanta,30305,409578.9261032092,221.11501428710432,1852.3343040441207,5217.522937087932,5,4
Atlanta,30305,607779.043557567,236.6455835003019,2568.3092604886565,6207.166018643086,7,1
Atlanta,30305,658181.6950105053,198.79707266914173,3310.821865601201,4138.905720335163,6,2
Atlanta,30305,590624.2807340613,175.07654646023795,3373.5202839873205,5621.38712517935,3,1
Atlanta,30305,626174.0185607114,205.06996333521775,3053.4653070432146,12433.413750883852,6,3
Atlanta,30305,560261.4701550384,174.0295752435333,3219.3463057702716,12882.355279309837,3,4
Atlanta,30305,678830.0263789737,191.02908182134524,3553.54284230833,3448.3295582770907,6,2
Atlanta,30305,693618.5999439302,222.02336631372702,3124.0792870594623,9629.781771687689,7,3
Atlanta,30305,873507.4856215428,213.8773581219658,4084.15127852578,7674.206565969487,5,2
Atlanta,30305,428661.816440987,239.38507357813145,1790.6789677138272,15030.553038744541,4,2
Atlanta,30305,805920.011344595,215.46637158322287,3740.351709748415,6806.719452376447,5,2
Atlanta,30305,324908.1445435253,183.8680988523166,1767.0718660363834,3802.733812364283,3,5
Atlanta,30305,460802.56578423386,177.08969811481148,2602.085670085024,5974.338332472371,5,3
Atlanta,30305,832294.3390545064,227.8280012911154,3653.1696470049455,3900.300720326651,3,2
Atlanta,30305,766629.5136971078,215.72272174573175,3553.772673982481,2067.696680111458,3,2
Atlanta,30305,482921.23548244854,202.22002430953683,2388.097999351658,7748.146947478836,6,3
Atlanta,30305,657962.6552274473,218.80224554675087,3007.111072298672,10924.003268324575,3,2
Atlanta,30305,488388.36173077184,186.2238742827326,2622.5872682107392,8950.151495446755,6,2
Atlanta,30305,495921.9948530495,131.83964169412522,3761.554479976623,3700.5266666722487,5,2
Atlanta,30305,718788.3355442325,240.78894250963478,2985.138470448955,3553.42272149479,2,4
Atlanta,30305,591356.0569704822,228.48793120769537,2588.1281949764775,9117.94420893809,3,2
Atlanta,30305,688066.1674793718,205.50374908034132,3348.192772922958,22162.279707837006,10,3
Atlanta,30305,633686.8738607267,180.15240815702126,3517.50431950043,17398.566195733085,5,3
Atlanta,30305,584191.9375356779,201.55110967999553,2898.480382783328,6707.710618916068,6,3
Atlanta,30305,552552.9820543254,154.1972338911382,3583.416953149903,9082.697608357457,4,5
Atlanta,30305,952422.0500359003,211.79633479876074,4496.876921599463,13837.194091218755,4,3
Atlanta,30305,267314.10590244166,147.7565857726575,1809.1518865611768,7338.351038455827,5,4
Atlanta,30305,870399.6259227854,211.54988532281214,4114.394222405788,3572.0014924361553,4,5
Atlanta,30305,810585.4259773006,186.18874099238934,4353.568436291398,1473.3835841964908,3,3
Atlanta,30305,693305.4627121295,203.610066712439,3405.064758862308,8921.988123477686,5,2
Atlanta,30305,485927.26047277026,172.63971476981328,2814.689894041325,7100.687041009839,3,5
Atlanta,30305,526288.568455379,255.3249367583853,2061.250166698004,2874.5384652269468,9,3
Atlanta,30305,675095.9362961206,219.47945818057823,3075.895766703966,3398.1412698179684,2,3
Atlanta,30305,513849.3554351535,186.71582316185643,2752.039686479695,6833.90618197766,5,3
Atlanta,30305,435509.8476097159,202.614404354974,2149.451560446396,5763.689016020227,6,2
Atlanta,30305,667307.7590114942,258.3827928620858,2582.632347997244,18892.481334703083,2,2
Atlanta,30305,538029.0655247215,178.5557661864506,3013.227055142557,18742.131241630217,2,2
Atlanta,30305,564757.373981776,173.4796003019021,3255.4684988836907,4804.301984251296,4,6
Atlanta,30305,405506.099267494,172.14242322087142,2355.6430290701774,19730.137386447946,3,2
Atlanta,30305,313799.3348220702,186.94166168545559,1678.5949798074591,21107.642590963267,5,2
Atlanta,30305,727777.4253813671,254.91519344801145,2854.978612837345,9537.248473684458,5,4
Atlanta,30305,461445.01596874936,190.73363105923346,2419.3164750554392,4576.300967626563,1,4
Atlanta,30305,532664.7727813766,195.1949451788785,2728.8861004737473,8592.690044887027,3,1
Atlanta,30305,391374.61822703836,214.51820997454064,1824.4354093458421,2235.136598097883,6,2
Atlanta,30305,582132.9849804672,207.24682395873663,2808.8873636797994,5622.363919034841,5,4
Atlanta,30305,796667.270271587,238.4997159238597,3340.327963014935,9386.832333857605,3,4
Atlanta,30305,637083.4785797658,233.87134005973473,2724.076744149342,10081.936606618476,3,2
Atlanta,30305,682205.7558796322,218.4419941621757,3123.0522248993434,6126.304017124576,4,3
Atlanta,30305,568473.1906642733,201.04282243170204,2827.6224129184925,8343.882442571557,3,2
Atlanta,30305,442880.52192935627,238.19801112041168,1859.2956332682197,4340.523657691419,4,3
Atlanta,30305,570307.98906606,183.63303227676278,3105.6939048227423,18616.308684567066,4,6
Atlanta,30305,454333.9696370853,181.63305456094807,2501.383741716631,19071.13788214067,3,1
Atlanta,30305,427196.8281911948,195.47869292335469,2185.3881965473065,12252.535042036929,5,3
Atlanta,30305,881625.1884512802,244.5049139584572,3605.7565231636754,6812.932809275261,1,4
Atlanta,30305,592751.7962320815,182.0804963204807,3255.438161750045,4880.703558111036,4,2
Atlanta,30305,494794.306166971,189.4683460092532,2611.48796930336,13288.864556539993,3,4
Atlanta,30305,625502.2182929944,213.65369694527755,2927.645190493485,8936.896693443356,2,1
Atlanta,30305,654027.0742819489,206.45068016608596,3167.957953714638,4385.454761872979,7,3
Atlanta,30305,390841.785631657,196.3689039023227,1990.344590536944,15097.21626141232,4,7
Atlanta,30305,509873.9439571926,222.80698237391064,2288.4109758352697,6116.188402150293,3,5
Atlanta,30305,447992.1816296674,193.44330273932906,2315.8836480028,4764.523057571025,3,2
Atlanta,30305,831339.1864438027,241.20298602148412,3446.6372085864423,14117.78665288404,2,2
Atlanta,30305,970621.7851146195,215.63522657354738,4501.220883701794,4984.263637665183,3,3
Atlanta,30305,846648.5845762603,239.96801617923407,3528.172620904161,8626.780115122816,4,4
Atlanta,30305,575225.113189371,183.5261885981021,3134.29444366132,17275.936357214734,4,2
Atlanta,30305,479278.9870950059,203.5903868311081,2354.133682611449,16266.76049813148,5,4
Atlanta,30305,545556.6749679499,148.95894516190663,3662.4633342762518,9820.005897383051,3,6
Atlanta,30305,694885.5584392028,249.98179558665512,2779.7446482390906,3958.4811102521235,2,1
Atlanta,30305,661445.4526464612,279.86505770489964,2363.44421869169,5935.784539023589,1,5
Atlanta,30305,726354.7293904074,199.22090315144607,3645.976490921932,34094.25482011735,5,3
Atlanta,30305,933032.9040126653,219.8614353986633,4243.731522633086,14126.873818890293,4,2
Atlanta,30305,775177.8685856488,211.75675795310661,3660.699550175921,6964.185441010733,3,5
Atlanta,30305,925895.8052130621,167.86517675333042,5515.711019526225,3757.529519046353,2,5
Atlanta,30305,622332.0107938866,247.18210711930953,2517.7065526571478,2558.5739131334026,3,3
Atlanta,30305,540393.3323756487,199.6436603806141,2706.78934329999,16585.664169581007,5,5
Atlanta,30305,352243.9800885239,144.24505729888097,2441.9830161574387,16784.809541253926,2,2
Atlanta,30305,453181.0866973459,185.86101935603745,2438.2793566262926,7818.892849626456,7,4
Atlanta,30305,710678.705172674,164.66915185562945,4315.797446966558,6251.646685889295,3,3
Atlanta,30305,489193.66714802006,212.03723283230076,2307.112107687809,15799.681434591223,7,2
Atlanta,30305,562285.4370942086,211.84997077773764,2654.1681126032827,3294.1480979142875,6,3
Atlanta,30305,1023027.0621945104,245.26746014075928,4171.067216203054,26533.08926572403,7,3
Atlanta,30305,889503.4097388978,265.37032480864474,3351.9324754201803,12455.068854268495,3,3
Atlanta,30305,632516.7760957485,267.92021668319444,2360.8400438242247,3772.220423036692,6,2
Atlanta,30305,525520.0769659657,176.19505098894746,2982.604074384195,12820.26515961137,5,7
Atlanta,30305,452922.31730319606,227.56148909771755,1990.3293791011622,5308.886142049189,4,3
Atlanta,30305,674672.9751077002,233.1079574203137,2894.251155447288,3589.358082238773,2,3
Atlanta,30305,595252.2155450601,191.86995107781743,3102.3733117211323,12793.879838894598,2,2
Atlanta,30305,684703.0019180533,217.18775624429483,3152.5856418346752,4123.433064885294,3,2
Atlanta,30305,1073965.7113167045,220.69195563200276,4866.356402711435,3588.091914213646,3,2
Atlanta,30305,707568.6444671239,193.06900868981842,3664.8483838433767,10700.18165090995,4,3
Atlanta,30305,563853.7634306301,248.2590183852649,2271.231744562867,7517.89221904585,5,1
Atlanta,30305,674124.7189932475,215.56350719956527,3127.267354994153,14678.049698939027,3,4
Atlanta,30305,607375.5341790117,202.8583209976867,2994.0873570867125,6681.32637161373,2,3
Atlanta,30305,824854.0823542105,170.00449238768735,4851.954620547139,6330.652102106197,4,5
Atlanta,30305,665504.1346656862,244.17944800705132,2725.4715337323064,2357.091421158714,2,4
Atlanta,30305,662051.6625207793,210.56160471593904,3144.218355544587,10813.926515422827,6,2
Atlanta,30305,685412.9032422785,210.66520516207223,3253.5648339029976,7914.96024167482,3,2
Atlanta,30305,423436.69170864986,181.79286867102246,2329.2260846321365,16320.227633620141,3,5
Atlanta,30305,490924.38294580154,236.13592257317936,2078.9906829769297,12621.368884334914,3,1
Atlanta,30305,496895.1874108331,172.77811976054107,2875.9150064805463,9763.956376526437,2,3
Atlanta,30305,500692.0857249621,139.25533504374152,3595.4966146732518,5160.314326058845,5,3
Atlanta,30305,407864.69628582575,186.0835087618503,2191.8368747432155,6235.362639567887,4,3
Atlanta,30305,650261.7685323765,219.05850006401707,2968.4388797620077,11122.82997961252,5,2
Atlanta,30305,563263.9601017992,218.78913314594288,2574.4604039638252,7756.027821732337,8,5
Atlanta,30305,398783.5604513432,212.60796880380167,1875.6755106359517,18734.239174090355,3,6
Atlanta,30305,654392.7640939449,202.84507643070725,3226.0717174345036,17605.44736314961,7,2
Atlanta,30305,718662.9050559258,213.17411614550832,3371.24843320744,6884.04910294436,4,4
Atlanta,30305,1070829.9871480798,297.5556684148741,3598.7551265702973,8460.635276245655,3,3
Atlanta,30305,799642.8534553779,216.02145364210153,3701.682587416546,4966.924404676513,2,3
Atlanta,30305,579013.544737172,195.0270584275393,2968.8882630217167,7524.138008435045,6,4
Atlanta,30305,689425.9913155808,204.9499399173374,3363.875059410349,14145.15645369975,3,3
Atlanta,30305,643513.66889478,201.7423991137636,3189.7790039261863,5772.530844799015,5,4
Atlanta,30305,336509.8003629892,210.3850409470466,1599.4949015775694,6419.107175249598,5,2
Atlanta,30305,376005.84577242716,179.75151324888895,2091.8090700677385,3968.1596350080704,5,2
Atlanta,30305,589722.9274565473,233.17319663793157,2529.119709982197,5705.337229267816,3,1
Atlanta,30305,670642.949975137,217.49186003651687,3083.5312634805555,11560.570748789061,2,3
Atlanta,30305,597367.8156521285,183.57365883560627,3254.1042077669917,6924.124659604667,5,2
Atlanta,30305,860010.4837720437,240.07043059110782,3582.3257435516025,4008.9747424868237,3,2
Atlanta,30305,536040.9436891597,148.79403478767182,3602.57011952184,9085.703768138048,8,3
Atlanta,30305,878219.5996367581,275.4513135561767,3188.2933804113095,7757.247729361831,5,3
Atlanta,30305,919341.327073459,267.1005127848158,3441.9302212800617,15671.481319988148,4,2
Atlanta,30305,1170245.791667825,262.10136869040196,4464.859521775855,7373.8741299553285,7,3
Atlanta,30305,649949.1793725984,192.71190571404088,3372.6467338091584,4403.587853620216,5,1
Atlanta,30305,651092.5348613872,215.7368633991701,3017.993886639087,14259.670295642287,4,3
Atlanta,30305,644325.4735519403,188.79859492218097,3412.7662539942016,4471.493580489989,6,1
Atlanta,30305,827236.3620670947,221.67137175639965,3731.8141513382516,3664.145553552429,3,2
Atlanta,30305,936072.4771712979,208.79360379497956,4483.243069507313,4286.411262710209,6,3
Atlanta,30305,448687.72129595134,193.8448877453259,2314.673997930958,5545.477567048415,3,2
Atlanta,30305,390902.68712537363,193.5120687826553,2020.0429336757247,2573.386775960419,3,3
Atlanta,30305,675668.4815506752,210.79628784294826,3205.314896503659,2839.01614130286,2,1
Atlanta,30305,635997.7451253714,299.9261624996503,2120.514395359268,12780.69442864201,5,2
Atlanta,30305,712029.4900515764,248.99574352214435,2859.605067860336,7219.258223999232,5,1
Atlanta,30305,1009372.2634321955,210.89564006349585,4786.122003889206,7245.382239219241,4,2
Atlanta,30305,617010.150830612,202.560993183221,3046.046235923184,7734.0566458765425,3,2
Atlanta,30305,695420.9597103975,227.6780315824192,3054.4051829552814,11222.65117630144,5,3
Atlanta,30305,520604.5718390985,189.07577945006653,2753.4175628062726,4894.087432859091,3,1
Atlanta,30305,891610.8552184122,201.09701897728598,4433.734819903621,11197.304262149944,3,1
Atlanta,30305,498227.1532151051,147.26727820049842,3383.1490559415993,8559.730181761346,2,4
Atlanta,30305,571412.3350061191,211.0576300321472,2707.3758713157376,4503.378595593674,2,3
Atlanta,30305,933419.7200584473,211.8516211370822,4406.006973411179,11528.759196281168,1,3
Atlanta,30305,609586.9610861973,191.23559156353582,3187.622952935877,8279.680194634722,3,5
Atlanta,30305,609930.3234067864,222.31825756433773,2743.500826648373,4269.55463722385,6,3
Atlanta,30305,383001.3687720187,212.10752097770938,1805.694428026759,4468.430106980277,5,5
Atlanta,30305,603531.8501077142,191.61047485495598,3149.785263903613,10668.562696275556,2,2
Atlanta,30305,635963.0340973124,233.9262413669751,2718.6476830516694,14704.10001513068,2,3
Atlanta,30305,569962.4457199136,202.60790095039667,2813.1304013630456,9478.39023965814,5,5
Atlanta,30305,486825.84692394687,175.5036692750937,2773.8784547055275,13640.793082946857,4,1
Atlanta,30305,295047.964972664,153.20976164867486,1925.777847296951,16760.814014331718,6,3
Atlanta,30305,1461940.2364867318,253.05211994347636,5777.229753353901,6988.9471915219365,4,4
Atlanta,30305,542850.7495909941,212.15271540763501,2558.7735162755207,8830.214436357443,5,2
Atlanta,30305,758320.6089320355,210.82845657059949,3596.8607903653606,11953.478490145879,4,3
Atlanta,30305,596011.1447503011,206.85206519444662,2881.3400735933396,4019.19420532172,2,2
Atlanta,30305,378053.57770624175,246.26282393587564,1535.1630086264383,14879.54599152987,3,5
Atlanta,30305,623708.3115965225,212.6739974817057,2932.6966106901436,18127.714461932323,3,4
Atlanta,30305,804517.7103678747,256.5696558013326,3135.669757419911,5137.404630123151,6,2
Atlanta,30305,565065.1359581633,212.7739553071563,2655.706311152821,44758.38121583314,5,3
Atlanta,30305,545370.346209034,124.68088750131265,4374.129484788054,12886.359043648017,2,5
Atlanta,30305,1180332.1412861345,247.7885040221476,4763.4661097136095,7299.96996953059,5,2
Atlanta,30305,713055.3706260009,218.06687251571523,3269.8931405760122,2300.4293540730173,3,3
Atlanta,30305,650873.681654659,192.38795039293115,3383.1312217076033,7571.429476185056,11,3
Atlanta,30305,456765.2910839917,200.20189019896608,2281.523369385004,10304.923755846505,3,2
Atlanta,30305,452707.8304964521,198.6082302716792,2279.4011601492357,9621.621883912097,3,3
Atlanta,30305,437854.9213591416,169.44334135493236,2584.078653418245,3643.894870681485,1,2
Atlanta,30305,1182315.612487401,235.61826409198116,5017.928542355469,5379.561679804646,3,3
Atlanta,30305,515538.7796584885,194.29436852320444,2653.3902324447354,12031.764409026175,4,1
Atlanta,30305,766111.5198760661,181.10556063420754,4230.193248585221,11416.113599315762,7,2
Atlanta,30305,870069.7094769687,342.4862185556072,2540.451738894426,14080.137058463453,3,3
Atlanta,30305,412039.76012125623,172.20703216571258,2392.6999666584798,8590.752397829632,9,8
Atlanta,30305,551823.7188123127,205.47817997045084,2685.558724004995,7849.185533023008,2,4
Atlanta,30305,363893.93975352903,136.36835849820403,2668.4631520171997,10873.742595550006,5,3
Atlanta,30305,628031.5754600742,247.39554729452712,2538.572671691604,8466.263213200322,4,4
Atlanta,30305,896653.7765745664,199.39835532922928,4496.796250370719,3194.4490505090107,1,3
Atlanta,30305,701781.1502773332,233.73485952502364,3002.4667766863445,19919.617010491103,2,2
Atlanta,30305,517638.209807599,178.75881765589958,2895.735251527691,13908.301449090315,4,6
Atlanta,30305,483177.94218893204,157.7576445116092,3062.7862357147173,10311.696651094313,3,2
Atlanta,30305,707427.6245639122,184.92057028827605,3825.5756158500394,3520.305427603268,3,3
Atlanta,30305,766385.1458378698,250.24333626335078,3062.559656059502,13224.317767717448,1,2
Atlanta,30305,743220.4739985252,226.24737943374907,3284.99042003781,6148.640228929964,3,6
Atlanta,30305,619124.4482043022,157.73343056232923,3925.131444850252,13164.497038546611,1,2
Atlanta,30305,309027.07321479823,132.64968136430699,2329.648062750269,11103.793313623302,4,1
Atlanta,30305,489195.14681288437,198.1873670905128,2468.3467669736356,6524.23802441254,5,2
Atlanta,30305,757805.4619233785,242.33805037224164,3127.0593320337307,15038.59226274188,3,3
Atlanta,30305,470523.07617848663,184.52923702162065,2549.856509314874,3913.054666002321,5,2
Atlanta,30305,694517.9175286503,241.8364013905729,2871.8501992881684,8274.417041816423,5,2
Atlanta,30305,490163.2100583499,212.18566204888342,2310.0675386135463,21642.369885902852,5,1
Atlanta,30305,645025.9952768951,262.96421736551196,2452.904055688799,10712.78426793043,3,3
Atlanta,30305,751297.8861459846,187.02175807269361,4017.168343877733,13839.452639104082,4,4
Atlanta,30305,572952.7494105131,206.3446456775776,2776.6785395816687,8389.980264783702,1,3
Atlanta,30305,509502.20585073164,187.75634056392144,2713.6351524558618,7897.807402721221,5,2
Atlanta,30305,591500.2988324607,238.99545871915552,2474.943674672643,3846.255330051835,3,2
Atlanta,30305,552881.1131064278,226.6730016347605,2439.113212067877,7285.706392051605,5,5
Atlanta,30305,364360.8182979435,155.17274757534514,2348.098000398077,11985.360334250186,2,1
Atlanta,30305,506528.77622344636,229.8386870120147,2203.8447173907143,4149.728363237308,5,3
Atlanta,30305,412758.1778284269,161.7138290678402,2552.3987664361816,4489.145075045462,4,1
Atlanta,30305,531491.5390839011,179.75955907087118,2956.680255731812,10288.321051921592,4,3
Atlanta,30305,826966.4650095211,231.51016619242102,3572.0524874151015,13137.45013668255,5,4
Atlanta,30305,503710.4409268852,169.0393727926999,2979.8409246620104,26802.403368455514,2,4
Atlanta,30305,465153.4430093661,196.61955626272464,2365.7537014671334,6786.466045019281,4,2
Atlanta,30305,616536.5671215507,231.9378991375919,2658.1967389288297,6897.75778387761,6,4
Atlanta,30305,579143.0022737795,221.1881234842812,2618.327752642363,13175.957535077847,4,4
Atlanta,30305,565897.7709501779,219.36157477084507,2579.748853195187,11266.053597432629,4,3
Atlanta,30305,644915.0298634582,232.95017327715368,2768.4676975799766,6851.66308605539,5,4
Atlanta,30305,946718.8249389431,249.04222637509713,3801.438971690826,7865.155429190477,3,4
Atlanta,30305,610407.8921736291,169.47455568507252,3601.76717800591,5487.57286988483,5,4
Atlanta,30305,991807.5260682933,218.6282603666358,4536.501934402484,3998.041899301844,8,5
Atlanta,30305,580224.6979432296,238.34480884462366,2434.392008602447,7376.951114312665,3,1
Atlanta,30305,534533.2924780847,232.20236699755108,2302.0148303816477,19945.992582646883,4,2
Atlanta,30305,564021.72168777,203.24371660811846,2775.100411961471,5198.131112793268,3,6
Atlanta,30305,820627.067399863,201.43924988852862,4073.819118438821,3381.888768822782,3,5
Atlanta,30305,420722.6958870897,233.9663391601699,1798.2189121618437,4380.734927000156,3,3
Atlanta,30305,672940.8806355234,214.90464363208255,3131.346392810387,11005.671676984137,3,3
Atlanta,30305,677841.0977677951,242.3929898488366,2796.4550385327425,10347.186244244593,3,1
Atlanta,30305,752803.7691313613,211.65156572968283,3556.8069933053425,17148.005982454022,5,2
Atlanta,30305,664457.5898846774,196.5527418408872,3380.5561991222044,15125.483258224904,3,6
Atlanta,30305,544094.6910410462,153.14161633650252,3552.8859108127153,9563.843956938697,1,2
Atlanta,30305,691548.8510624397,201.02277654718193,3440.151722808021,11819.766590490066,2,3
Atlanta,30305,1041063.8847075375,169.77360715716003,6132.0714222901615,5102.905222531871,3,5
Atlanta,30305,718273.2482284955,151.077840793027,4754.325614254128,12097.496478296423,8,4
Atlanta,30305,677802.5763788574,181.18643104089193,3740.9124540119906,7494.324643131173,4,3
Atlanta,30305,620506.9674603946,230.1803071338691,2695.7430684959418,13328.116712951442,2,1
Atlanta,30305,555954.82573881,200.66627651510376,2770.5443854038144,10284.656378485412,4,4
Atlanta,30305,867170.1184047498,213.78499536030148,4056.2721295910824,6022.047867199718,5,4
Atlanta,30305,938983.1027323186,229.25852202613373,4095.739143887884,4133.750014067057,6,4
Atlanta,30305,509530.64435109333,207.10162061869804,2460.292888239672,5925.547824593242,4,5
Atlanta,30305,344771.0143513252,186.7313062385657,1846.3482171053301,8937.220992323386,4,7
Atlanta,30305,374026.4311086301,194.2866891338523,1925.1263829553836,4902.812923064793,3,2
Atlanta,30305,948014.0327066521,232.3452994562702,4080.1945850644515,7298.889946855444,1,4
Atlanta,30305,886892.5141305979,207.40129947539555,4276.2148374861645,15364.275036244731,2,3
Atlanta,30305,393557.9067628588,128.75626339116553,3056.6117437504195,16189.832426518547,4,4
Atlanta,30305,650741.0376697738,197.19011871698206,3300.069201762349,10658.37037194929,3,5
Atlanta,30305,1068372.674425561,224.82579372709483,4752.002235661656,18127.129873489426,5,4
Atlanta,30305,1077244.58002085,213.93179785366894,5035.4579862769815,3744.2473324456478,1,1
Atlanta,30305,636090.6799959672,176.34532669346368,3607.0742101471533,17425.97399742776,5,2
Atlanta,30305,559735.910817251,184.91739739972198,3026.951053217086,3537.9306292241386,5,3
Atlanta,30305,402525.4807213414,147.35813571691287,2731.613553354299,8048.320266957443,4,1
Atlanta,30305,639309.2147284825,225.37842344698615,2836.6034554273197,4912.165258817689,5,3
Atlanta,30305,570836.036628007,227.64067158547735,2507.618839165401,12463.125564088252,4,2
Atlanta,30305,730913.0651433308,204.05373138634522,3581.963731697002,3126.441062383329,1,6
Atlanta,30305,581001.5097059909,197.2785109543458,2945.082598684285,2774.642515797139,2,4
Atlanta,30305,432537.80101554235,174.44243379399262,2479.544636062272,5401.997756934078,4,5
Atlanta,30305,882299.0342645699,218.60102139412567,4036.1157904831243,5177.489404925424,6,5
Atlanta,30305,548402.8621234263,156.92968727428374,3494.5769130663,5679.592245930263,5,1
Atlanta,30305,754622.5921691112,232.48261161330856,3245.931327648216,5335.928289358772,4,7
Atlanta,30305,661634.4739715833,226.30944302199595,2923.5831485267554,12083.30540258977,4,1
Atlanta,30305,834909.6279121863,244.70590029004234,3411.8900562781437,7603.449226710348,2,4
Atlanta,30305,585235.5654569165,209.79252065485778,2789.5921343150385,20265.039083381278,4,2
Atlanta,30305,1167529.7780906225,191.9790838154166,6081.546775237114,9188.61404435441,4,3
Atlanta,30305,1193967.9452501603,221.71837391389005,5385.0654060536635,13582.758918639334,5,3
Atlanta,30305,577106.5804890107,232.61038858681292,2481.0008873426896,11328.678867549874,6,1
Atlanta,30305,490736.9523199513,172.06187988011754,2852.095726618049,4666.881414378668,5,2
Atlanta,30305,500930.28944781446,206.0576936232551,2431.019587959131,5853.026649976251,3,3
Atlanta,30305,412276.3069993193,216.50810571620738,1904.2072611346905,14525.873170289868,3,5
Atlanta,30305,1041052.299168753,223.25244588941013,4663.117105039228,2755.954979113182,3,1
Atlanta,30305,578155.6936034275,197.2166807361169,2931.576028181008,10712.805344824568,4,2
Atlanta,30305,527662.3521975841,227.92855354346761,2315.0340051491403,7188.559423635846,8,2
Atlanta,30305,351715.7535816542,178.2303057601776,1973.3779397478813,5116.693859891606,6,2
Atlanta,30305,872821.2378550359,271.2495266071159,3217.779764531167,6818.71366743302,5,5
Atlanta,30305,628172.8154587933,188.71875683694486,3328.61887174014,21150.25813076885,1,5
Atlanta,30305,745324.496870715,220.95592680871786,3373.1817364462213,2843.9022963587954,1,5
Atlanta,30305,759468.2355324865,190.96258643611355,3977.052519586428,3850.6096421942025,7,4
Atlanta,30305,804519.400844785,211.28041878773035,3807.8275566704137,2500.842799633388,7,4
Atlanta,30305,384956.94475673727,174.51202798500435,2205.9049407747198,6151.0755456651295,3,4
Atlanta,30305,560604.6140114318,241.81338092744554,2318.335783823466,5499.591069841811,3,3
Atlanta,30305,709414.4450314448,182.69058630889592,3883.147234701828,8809.005942747403,3,3
Atlanta,30305,549657.5012621052,210.76841540964966,2607.8741456294124,5999.971892650652,4,3
Atlanta,30305,434998.95670905604,206.22488219906862,2109.3427333814748,10485.699975333426,1,1
Atlanta,30305,402201.65923574724,186.30494572141077,2158.8351166864645,4986.84328285685,1,2
Atlanta,30305,495170.53575881873,128.7264234727446,3846.689144312797,28160.122865079313,3,4
Atlanta,30305,924174.9589403451,241.3082682528204,3829.8520213658007,11569.959511958672,7,2
Atlanta,30305,668508.7688374914,212.7294543960783,3142.53035967837,10900.97003326475,5,2
Atlanta,30305,369949.2307620314,153.86512071397308,2404.373577620278,11650.466955724103,3,1
Atlanta,30305,444776.2480084741,148.46225462051083,2995.8877368889557,4271.096759638355,2,4
Atlanta,30305,579485.1901246347,198.1613064072984,2924.3105055714946,6899.113833411559,5,2
Atlanta,30305,560605.8249919435,205.64427214510326,2726.095014192169,7080.4988764223135,6,1
Atlanta,30305,727618.4665418407,201.50614058183422,3610.8997196854434,6026.989865245717,2,3
Atlanta,30305,683772.4310598735,253.31847694056594,2699.259996025878,6495.920693536003,4,2
Atlanta,30305,543682.8950435567,156.07440361607598,3483.485327811666,13157.742929556376,3,3
Atlanta,30305,710793.3602708231,214.85052623088674,3308.3156589850605,7723.084034061757,5,2
Atlanta,30305,484756.60665010824,228.38499512110937,2122.541397227294,9575.311124542035,6,3
Atlanta,30305,1140760.1133506638,227.7239194938002,5009.399609344599,2904.056001945323,6,3
Atlanta,30305,830166.2914288748,236.1376814377574,3515.60278890811,2802.357790814692,1,7
Atlanta,30305,433024.15670068964,211.87132115726234,2043.8073182130945,4540.692197579579,6,5
Atlanta,30305,458797.13618057006,215.90732902507477,2124.97249747037,21394.03560015732,2,3
Atlanta,30305,895044.3930363713,197.91801254954544,4522.298812051339,26697.942630410107,2,4
Atlanta,30305,512734.0112080369,161.06964604879985,3183.306251586919,14429.110550077245,6,1
Atlanta,30305,765025.4391834906,218.48913851475072,3501.434645145264,6314.398421467729,3,1
Atlanta,30305,656060.3962685628,195.6442712045931,3353.333027484837,10333.02580794876,2,1
Atlanta,30305,738841.2089284457,184.98275625042902,3994.1085531680856,17060.248141459717,4,2
Atlanta,30305,887937.6667000294,219.8541184081677,4038.7583963814527,24339.208943987553,2,4
Atlanta,30305,544089.2439147041,222.63287446959006,2443.885455869737,4012.5925969933464,5,5
Atlanta,30305,642575.1408276701,186.17846658870533,3451.393453826268,9042.20876537598,4,2
Atlanta,30305,462732.06614520546,216.02852356271856,2141.9952259723823,6592.1870539492065,1,3
Atlanta,30305,476914.28393752855,205.68301108714303,2318.685833199278,11371.096080340767,3,3
Atlanta,30305,604146.2227759368,214.15082378367399,2821.124906744321,8254.918401816753,4,4
Atlanta,30305,492133.5870448276,247.37267986853584,1989.4419517400543,4389.641429877233,2,2
Atlanta,30305,556369.589894015,222.04154482489795,2505.700409951517,10138.450607975972,4,2
Atlanta,30305,388408.6914798181,219.68116862877497,1768.056378724773,5267.259212775981,7,2
Atlanta,30305,546809.7336362739,180.57222561291934,3028.20509510933,7832.037341663693,3,3
Atlanta,30305,848808.5798616665,184.971749386776,4588.855231545696,8060.658898599785,3,3
Atlanta,30305,684936.8795005123,223.26039068933324,3067.883547931266,22013.785201651903,3,2
Atlanta,30305,487013.083101285,158.63264289511105,3070.0685193986287,9697.218563094913,4,3
Atlanta,30305,548284.7036367394,197.08883347793076,2781.9166310004784,7583.0698038625715,5,4
Atlanta,30305,716366.0541392069,184.38131943612294,3885.2420425778805,12354.245695517651,9,2
Atlanta,30305,612201.1233115003,203.77848042022762,3004.2481524498185,4706.5165893100175,7,2
Atlanta,30305,465849.3247098274,201.48471676322345,2312.0826839550036,8499.545729785981,7,2
Atlanta,30305,674106.2231305232,212.29837362974536,3175.2773778012283,11705.975065077087,3,4
Atlanta,30305,999380.390182557,222.74783819078345,4486.599727745003,11389.860229146141,7,6
Atlanta,30305,507817.3682022133,238.41003401225268,2130.0167600165473,5822.331101410951,4,2
Atlanta,30305,579130.2746081267,240.75851068855468,2405.440509462571,9952.269159340143,6,5
Atlanta,30305,595410.8515138475,200.81404966925916,2964.9860280916073,12032.739224985535,4,4
Atlanta,30305,529078.7865141917,189.76410317258356,2788.0867754688766,4647.689106977982,2,2
Atlanta,30305,620682.6530483435,183.61571546627587,3380.33512802635,5567.617276787769,3,3
Atlanta,30305,471662.8699958676,198.15057985454115,2380.3254592649037,6592.887055882765,5,6
Atlanta,30305,472846.50516001444,177.36705736931907,2665.9206741838148,32367.65410929527,5,1
Atlanta,30305,687294.8854199429,222.88864338692713,3083.5796520454487,5107.187371368681,2,3
Atlanta,30305,747006.7196860053,240.18585297295786,3110.1195613303234,9723.236331470824,6,3
Atlanta,30305,937062.8800155373,160.6015046199407,5834.707976323586,6472.7652473441,1,3
Atlanta,30305,771872.7047700413,208.51625368455763,3701.738790769407,4558.170594225201,2,3
Atlanta,30305,531765.9144109566,256.81709797849277,2070.6016795481796,12160.43422688461,2,4
Atlanta,30305,382371.65171135723,161.94493596479634,2361.1213863116864,3431.364859834444,7,3
Atlanta,30305,550774.759304286,254.35842805428854,2165.3489664857198,19021.26863120371,4,4
Atlanta,30305,826325.8900862178,181.3657242209361,4556.130402454678,4288.064615688463,1,3
Atlanta,30305,440885.0264611426,189.2558404015878,2329.5715763678154,5366.206180636663,6,1
Atlanta,30305,801919.4173504604,227.50838571165406,3524.79059108977,11274.616958458211,2,3
Atlanta,30305,770262.962030228,224.07318847665272,3437.5507719902216,12565.471617452722,4,3
Atlanta,30305,432338.72423663596,204.92782663174017,2109.712142770919,9202.03079400777,2,2
Atlanta,30305,505342.6997238321,184.3756106447319,2740.8326836544693,5811.0458269962255,4,5
Atlanta,30305,482487.1894264172,169.3687693029214,2848.737647514422,3075.2187086067484,6,2
Atlanta,30305,421899.5678478746,205.82620352879735,2049.785501625143,7579.807980095885,5,4
Atlanta,30305,958589.1010550921,201.58927759365207,4755.159165694026,4803.850246003795,4,5
Atlanta,30305,582686.7083695473,183.47499389135714,3175.8371863719985,34010.629850319914,6,5
Atlanta,30305,907573.4018178403,200.2387727341051,4532.4558746821585,8664.652849467708,4,1
Atlanta,30305,1141996.8205845023,216.05611856157196,5285.649062787614,3691.110750770787,4,2
Atlanta,30305,765333.606125481,241.63520000393436,3167.3100860843933,6554.214158017475,4,4
Atlanta,30305,716095.0056591893,214.31239660382644,3341.360635255029,12606.580294522151,6,2
Atlanta,30305,506706.65882093145,202.73501342144365,2499.3544542184945,16069.561336469485,3,2
Atlanta,30305,775210.9301250104,182.50143671964915,4247.697684242651,6644.800601693959,2,4
Atlanta,30305,556244.638850333,184.96806251511734,3007.2469338044316,7450.410366191262,4,3
Atlanta,30305,588562.743990407,214.98023749119363,2737.752785367151,11226.870103833518,3,3
Atlanta,30305,544281.3742531723,216.6763027734112,2511.956163578965,4563.254127437424,3,4
Atlanta,30305,623897.0350074201,201.2784847529091,3099.6707659704443,9853.164692582797,7,1
Atlanta,30305,840720.3655956631,236.4882615560985,3555.019433369346,9495.74771226607,4,1
Atlanta,30305,672682.8156191402,210.05765471296544,3202.372303634122,11018.764911382008,5,2
Atlanta,30305,659471.9401820039,193.02862496582625,3416.4463446743025,7815.69355806463,2,3
Atlanta,30305,541441.4231945459,187.76107554857037,2883.6723565448733,3128.9641911418494,5,2
Atlanta,30305,641065.5594724796,185.665255309783,3452.8030481678434,9171.457557143043,2,1
Atlanta,30305,764816.2433155276,223.21268327238317,3426.4013679824525,4729.52464713164,1,2
Atlanta,30305,778562.5140848423,188.81360328335793,4123.445030157236,22532.936264365646,8,1
Atlanta,30305,787723.7631790034,211.57966220231404,3723.0599339258615,22922.845499836716,3,3
Atlanta,30305,574843.8280584028,181.71911406861145,3163.364685133561,4025.101324474409,3,4
Atlanta,30305,685323.6318743791,203.00326467973738,3375.9241899659173,4789.484030886892,6,1
Atlanta,30305,471315.8022757861,206.5165761473483,2282.2177815862356,2003.1671456329714,1,3
Atlanta,30305,1181529.6130364088,282.0592304784012,4188.941489460969,12437.411139993097,3,2
Atlanta,30305,478640.8570405553,167.39528631931012,2859.3448929472097,5672.232129909089,3,3
Atlanta,30305,688755.7050960046,233.47702146033873,2949.9935402122865,9410.411719509064,3,2
Atlanta,30305,497444.7805527963,184.21539753949716,2700.3431157058435,5788.888945068689,4,2
Atlanta,30305,610497.3500159904,250.37645165871308,2438.3177649955533,3059.230049573351,4,1
Atlanta,30305,462473.01332706434,186.41850624426633,2480.832094647731,9077.70306819913,6,2
Atlanta,30305,559282.4782048174,240.5847885929953,2324.679301113142,17334.673911726946,8,2
Atlanta,30305,616733.3433412274,215.14567668789417,2866.584877909981,7866.703230619458,3,1
Atlanta,30305,624617.1029652283,166.63726383361188,3748.3638928979985,4320.101412626239,6,1
Atlanta,30305,648900.4875380537,214.42683838303253,3026.2092769325686,7319.427624348731,5,3
Atlanta,30305,805873.5001447375,224.32339103520954,3592.4630794220143,10885.35535412445,6,3
Atlanta,30305,777708.716089611,226.57394051722125,3432.4720411988405,7087.580566677604,4,5
Atlanta,30305,546355.9392114367,200.81979555656733,2720.6279027285336,4138.378452513375,1,1
Atlanta,30305,1199719.9236181078,289.25804483092963,4147.576688210487,26878.286430541644,2,4
Atlanta,30305,1051014.051837765,269.00211626522173,3907.084696692576,3228.161848932668,8,4
Atlanta,30305,817588.3045623174,218.7808891975319,3737.0188390821327,31318.347969466642,1,2
Atlanta,30305,564315.6193243351,167.11326184468578,3376.845219195154,7566.69138290792,2,5
Atlanta,30305,494755.89305301005,176.9780351271365,2795.577952357704,13705.07065033723,5,1
Atlanta,30305,558298.0920684296,199.8193686388428,2794.013893005076,9102.712645901553,5,2
Atlanta,30305,619925.4735490258,205.22122126840333,3020.7669056712316,4724.830682408257,2,5
Atlanta,30305,783492.10845803,182.4178044556544,4295.041872672557,17756.87138231607,2,3
Atlanta,30305,769643.8696606207,191.237573099195,4024.5431752127815,11576.835295483994,3,3
Atlanta,30305,310017.84056822135,146.10219797957328,2121.924549085602,7554.077755741608,3,2
Atlanta,30305,456979.9634648362,140.71612297553304,3247.5309424513734,12379.507033321526,8,5
Atlanta,30305,340986.22943864565,208.6497231427092,1634.252010032253,7367.2434459376755,4,2
Atlanta,30305,703052.1562373996,257.9551259813199,2725.4824014945602,2135.6189674920474,3,2
Atlanta,30305,410534.0664883809,159.77471897406022,2569.4557256898197,2866.3967946425005,1,3
Atlanta,30305,704904.7891645347,201.55569978471246,3497.3200456125237,7894.712695845001,4,2
Atlanta,30305,481438.65214251267,207.64247531214056,2318.594263619644,6611.731983383052,1,2
Atlanta,30305,456640.0225431084,219.86212239637038,2076.9381172436406,7581.514475795445,3,5
Atlanta,30305,516572.5730379574,192.27944745937594,2686.5719652491557,6523.142888950358,3,2
Atlanta,30305,528088.3630975294,173.85826509085345,3037.4648155010937,4081.469128442644,3,3
Atlanta,30305,450029.2505148528,228.38956105320514,1970.4457963821515,3489.899518525264,3,3
Atlanta,30305,595342.6548368548,147.18707609379922,4044.8025100889663,4816.113510489307,4,2
Atlanta,30305,637104.3717564272,220.1444279918951,2894.02905886804,12578.87843510302,7,5
Atlanta,30305,560817.7840099433,183.11118990444228,3062.7171627392595,4899.68189870565,4,1
Atlanta,30305,865368.0970232259,215.8360767393974,4009.3765143261003,14950.286883743313,2,1
Atlanta,30305,619458.2465252195,244.46620246294788,2533.9218275749454,4295.047173299351,2,3
Atlanta,30305,823245.0324594027,186.78353698044063,4407.481760802132,16289.362622773899,4,3
Atlanta,30305,599533.5590903233,196.72072275616262,3047.638045908622,5871.399270751698,1,3
Atlanta,30305,723718.4595548885,195.08358834866576,3709.7864852752914,6650.038996529177,6,3
Atlanta,30305,950090.2703106635,279.3835858579297,3400.6660319471926,6684.694566476115,4,2
Atlanta,30305,737998.8439907621,204.2228720750468,3613.693395319433,11344.266272854815,5,5
Atlanta,30305,629015.7957035551,202.78992686490977,3101.8098651545906,9306.262857994834,9,3
Atlanta,30305,556399.49287375,205.51870364020294,2707.2937062109263,8696.705647091258,1,4
Atlanta,30305,1237724.4213212999,250.4748797856981,4941.51119018512,7620.999968278731,3,4
Atlanta,30305,570180.8430344629,188.2944573143934,3028.1339725387534,5684.852710036946,2,2
Atlanta,30305,538934.6518270866,232.99810821657533,2313.043036925169,15449.61332517734,3,3
Atlanta,30305,810709.2225475735,184.51410054586847,4393.75213140439,8423.438382237682,4,3
Atlanta,30305,513474.4926429038,182.34723362181026,2815.9159996244,11290.316675235934,3,2
Atlanta,30305,434807.41708179715,219.80188056442262,1978.1787852099733,9020.69514425853,4,3
Atlanta,30305,609622.4131691076,246.1439748293939,2476.690374369903,6212.0964589238565,9,3
Atlanta,30305,366074.8680008066,196.247496244468,1865.3734442796788,33672.119784476854,2,2
Atlanta,30305,491112.53493762366,196.02751215978486,2505.3245308613145,16735.390189578855,2,3
Atlanta,30305,1077196.513417462,228.06019415596788,4723.299115849998,5785.627024037873,5,3
Atlanta,30305,709610.324282654,207.88737629333082,3413.4363371895556,27412.046741496444,3,3
Atlanta,30305,697508.9423786051,229.45847172360652,3039.804706878669,13955.373611925568,4,1
Atlanta,30305,414785.69324295723,157.45498013901238,2634.3129501318735,4152.272191334372,7,2
Atlanta,30305,516756.80385860224,175.7582784682533,2940.1562666758964,13580.569975809896,5,3
Atlanta,30305,829625.6616415881,206.29521415762665,4021.5458464668272,10269.155129045517,3,3
Atlanta,30305,428472.0930664015,222.33176144622178,1927.17446342025,8835.571714517526,5,1
Atlanta,30305,1295641.4835737108,204.1640344730574,6346.080919284982,14706.46101915723,4,2
Atlanta,30305,514305.3461653444,210.71377432201913,2440.777057978979,9815.349822894887,2,4
Atlanta,30305,649550.203524034,227.1645239766706,2859.3822316672195,2395.348501876969,5,2
Atlanta,30305,495020.8356193347,169.2822683641937,2924.2332372008827,3551.5696495389866,3,3
Atlanta,30305,659919.1651014587,227.158825366134,2905.100270869083,4787.943761009325,1,3
Atlanta,30305,620156.0675950951,241.03389230801466,2572.8998592554954,26490.691072134607,4,2
Atlanta,30305,748059.158352784,197.5120294906331,3787.410621428809,11827.788820053893,6,3
Atlanta,30305,733985.3914174204,181.32419418382062,4047.917569529247,11068.57368430028,6,3
Atlanta,30305,911915.4334697291,235.9792207108798,3864.3886979650724,8534.799434567747,2,4
Atlanta,30305,815104.3192987296,261.92589665663985,3111.9653676980806,4602.082432954535,6,3
Atlanta,30305,559010.1033426509,212.83575464438246,2626.485875348695,3344.3234517824294,4,2
Atlanta,30305,524854.0248872072,180.64415357738451,2905.4581313220842,14540.16999661041,4,3
Atlanta,30305,619605.0429127435,208.03742436248268,2978.3345223172387,21703.725657830855,7,2
Atlanta,30305,433922.5902712469,182.17956223261825,2381.840119459654,12012.712858560788,4,2
Atlanta,30305,733731.6962636311,230.58595086628412,3182.0312274320618,5959.288183794627,5,1
Atlanta,30305,986177.9380165449,206.6392293176013,4772.462330958488,6259.1948794302925,4,3
Atlanta,30305,522825.41521453887,179.23694266495392,2916.951201247903,12125.589573100335,4,4
Atlanta,30305,739541.848833149,214.44868611674826,3448.572533713422,7459.641858326714,2,3
Atlanta,30305,484862.5432738754,187.75065921969107,2582.481176305897,7279.352881568634,5,1
Atlanta,30305,634787.6054462607,167.14674652930637,3797.786188646881,5791.189078147382,3,2
Atlanta,30305,598837.866355079,231.934509691122,2581.926541042035,5373.269906668747,4,3
Atlanta,30305,597104.8237907166,217.54714773393223,2744.7145596273076,7442.777857283746,5,3
Atlanta,30305,670456.9452733495,193.56703251743366,3463.693876760572,3093.212670170905,3,4
Atlanta,30305,589060.3656540305,247.95066047047774,2375.716057929868,11600.259754801391,3,3
Atlanta,30305,626976.2447763227,184.89715777521823,3390.945822642366,2609.437030632262,6,2
Atlanta,30305,770414.8047114203,194.64357130383343,3958.079886999316,15159.87692132493,4,2
Atlanta,30305,697175.7767997186,219.93388984986458,3169.933370776272,5828.901164372852,6,3
Atlanta,30305,890910.5754319073,235.58838643605543,3781.6404658542992,7448.986209331978,4,5
Atlanta,30305,485730.60743689747,220.43116109804362,2203.547833334025,11181.527643502746,6,1
Atlanta,30305,648873.7941517122,190.6059314240228,3404.2686358391684,6730.803372939299,6,2
Atlanta,30305,545270.5202386986,200.80680266195677,2715.398646910487,5136.585229237917,3,3
Atlanta,30305,630238.4125280157,188.06520762588386,3351.169631449015,9500.099498069609,3,3
Atlanta,30305,894155.7810041326,197.84042857083182,4519.580691688618,29917.290472807887,4,6
Atlanta,30305,288903.1472968639,200.2050707739832,1443.036113820585,12834.321777085886,3,3
Atlanta,30305,576495.7471236718,221.22183951739774,2605.9621797798764,5076.817885555937,4,3
Atlanta,30305,320408.58159369667,186.66878547886864,1716.4550611487623,6476.805537842967,3,2
Atlanta,30305,532545.5328145933,238.04174995334444,2237.1938238522057,6007.878555534492,4,1
Atlanta,30305,560598.0474134446,207.43990827197558,2702.459965796174,4307.947740807663,2,2
Atlanta,30305,685052.9494113976,181.54990577721955,3773.3588815630023,11465.651767114387,4,2
Atlanta,30305,820722.6930039435,220.35728059284537,3724.509082685562,6578.557735805493,5,4
Atlanta,30305,756055.0803016955,204.46790452470847,3697.6711922546833,9680.353287146207,6,1
Atlanta,30305,678654.2542965377,193.85029919371004,3500.919302777936,1666.1937957293567,5,9
Atlanta,30305,549481.7243074266,252.46201477551298,2176.4926687922575,12103.027502507344,2,4
Atlanta,30305,738082.3520502127,198.4549780458334,3719.1425446619523,5608.249371819824,1,3
Atlanta,30305,498492.11206115555,194.037734246898,2569.047273180705,4376.6635459133495,5,2
Atlanta,30305,810924.9825524543,238.2255674211704,3404.0216225774843,3585.2792861307544,6,3
Atlanta,30305,541816.470822459,223.9573346140277,2419.284332688794,4606.780995117242,4,4
Austin,78701,827668.1420932411,249.26492705567748,3320.435617917348,5929.59970118266,2,3
Austin,78701,872547.1547015173,277.61568477731623,3143.003809029786,25335.887382138393,4,3
Austin,78701,644733.733709673,232.25928543872504,2775.922316697937,4644.920392617043,4,1
Austin,78701,775524.651039003,225.01434332027384,3446.5565154447117,11008.13946724538,5,7
Austin,78701,1095840.8579533359,295.6363207339998,3706.719307129126,28965.87126858,4,3
Austin,78701,724789.2291227243,284.6967672896322,2545.828798910703,13877.777285854758,1,4
Austin,78701,824099.2682261873,260.6576916719448,3161.615001422523,11428.74669891088,3,3
Austin,78701,729281.2305661025,240.9337278540839,3026.895557801585,7222.4391014833145,4,3
Austin,78701,777201.9763592586,231.03808738957963,3363.95606949745,11545.864043766049,2,4
Austin,78701,881194.3135627537,295.25639025193846,2984.5054761078736,5744.205972397613,3,5
Austin,78701,737219.7413299052,250.96908935123938,2937.492195694834,15740.396958158828,4,2
Austin,78701,825652.0284856727,349.2315093597492,2364.196833210587,5180.744492204179,5,3
Austin,78701,833259.8018491813,287.8383533038418,2894.8880240764624,6892.239962546223,5,2
Austin,78701,764603.0120073673,302.7028767146952,2525.919212614633,4834.573675160822,4,3
Austin,78701,715732.9643047891,340.0275900476303,2104.926144977032,6510.083822513501,2,2
Austin,78701,727581.9861641126,245.4744573620285,2963.98246067234,6077.925527958505,4,4
Austin,78701,637721.676239363,299.46194583328366,2129.5583132101706,2385.9669917728775,1,4
Austin,78701,820778.6325396891,301.71170695490815,2720.40697665854,8161.848062062107,4,3
Austin,78701,648984.80287884,258.6424173690074,2509.197097214444,5983.314753883066,3,4
Austin,78701,515160.5316125501,215.6228742284359,2389.1738455669456,3646.3906857592083,5,3
Austin,78701,739881.6900161905,189.35471367157206,3907.384588796056,5305.417399793584,5,3
Austin,78701,1003086.8502947814,242.19164865359807,4141.707015378869,9938.482148540608,4,2
Austin,78701,836666.0846543927,327.70115271371947,2553.1374477199543,2759.5646514093564,2,4
Austin,78701,873131.1063521615,247.45121598785153,3528.497941974257,7264.7407514979795,6,2
Austin,78701,594706.8630020991,321.1453419608156,1851.830885576606,15907.453233564866,3,4
Austin,78701,508198.5263982522,248.3247604558529,2046.507667883564,6171.768014349702,3,1
Austin,78701,764937.6971857288,282.4584946112482,2708.1419457344477,19238.123168280566,3,4
Austin,78701,638064.0489762181,302.9452938870964,2106.2022148923556,15255.361259508987,3,5
Austin,78701,979067.3329934659,324.13319009610865,3020.571058160267,9952.866934671869,2,2
Austin,78701,771463.001300938,261.0908618633336,2954.7682971177883,7884.937337949892,4,1
Austin,78701,688794.150734512,253.4744900414046,2717.4101449893387,8032.37099809884,2,2
Austin,78701,978516.5637419252,196.90078314020593,4969.592035828313,10733.811428518638,8,4
Austin,78701,791154.0354210841,262.42164544200205,3014.8200392864983,26544.540446679242,6,5
Austin,78701,1336864.909908404,420.96000044888103,3175.752823267933,10804.513763132532,2,3
Austin,78701,842538.5210758841,271.3733196875108,3104.721282276666,19541.184663626937,2,1
Austin,78701,484059.51082243654,220.50469113401786,2195.234524639822,3990.8194518499035,5,5
Austin,78701,1227745.833580763,274.1942090187384,4477.650487129213,5785.116888326404,3,4
Austin,78701,603774.2059495162,311.8852989928421,1935.8854293525808,8080.140794650782,3,3
Austin,78701,753819.0920956607,255.2758769641469,2952.9585837111176,17913.510926317773,4,4
Austin,78701,777166.6612566755,234.6355326053949,3312.2291949007486,2730.595420513178,2,2
Austin,78701,1364399.8813685102,388.0065923280978,3516.4347934964353,48915.47997686379,10,2
Austin,78701,756893.4893103266,297.5229151819843,2543.9838435549127,7998.573632298992,5,2
Austin,78701,1147579.0565755912,346.5420945165941,3311.5141702378082,16219.928000878554,3,3
Austin,78701,560447.0469992183,264.87923043261395,2115.858786224455,7923.345219967803,5,4
Austin,78701,1489524.5349999613,356.76149696861114,4175.1269339780065,4903.924425299956,5,3
Austin,78701,845231.5708230954,320.1570040624183,2640.0533491321266,22363.83788574425,8,3
Austin,78701,736887.1307793717,303.40735975597147,2428.705524388219,7123.875116799803,2,4
Austin,78701,538915.6279367113,229.86100114410462,2344.528324745501,5178.160874319421,3,4
Austin,78701,742597.9390240409,250.70130413404112,2962.08247336041,10076.740420235592,8,4
Austin,78701,557266.0720305605,300.8238724611939,1852.4662536629216,11439.643560442777,4,5
Austin,78701,916374.433781782,267.1203767558537,3430.5673154217743,9780.045599389903,4,2
Austin,78701,704742.9245812625,297.54728474489247,2368.5073287947716,10269.840509297384,7,2
Austin,78701,996891.3343902368,261.6464234086402,3810.0705578279158,10052.956209630558,1,3
Austin,78701,603912.4519025703,299.61666374139577,2015.6170366539338,16765.4898779512,8,2
Austin,78701,722188.3661004648,254.10254721143403,2842.11383957338,8276.359506054428,5,1
Austin,78701,950094.0886739611,300.8325739423682,3158.2154692329786,5422.414916141427,4,1
Austin,78701,776088.0753847115,239.17019439942771,3244.9196996871638,12340.7110394138,3,4
Austin,78701,645979.3759021751,267.3099110854539,2416.59343373792,1823.4876161961167,2,1
Austin,78701,550743.9785114437,272.7117064250275,2019.509854311485,11480.505439209168,6,2
Austin,78701,597741.370018415,243.68002141119865,2452.9765163216002,19765.70290790366,5,3
Austin,78701,937469.2427552544,254.67375775214146,3681.0594504504716,12638.037960914602,8,3
Austin,78701,1362332.7385210758,293.638036446727,4639.496827476693,3083.910573162081,2,3
Austin,78701,571304.427430674,311.7205332311193,1832.7455734431555,19008.79219477969,4,3
Austin,78701,668579.1682176834,292.3977974413172,2286.5396869203983,5743.522185831386,5,2
Austin,78701,540715.4178211768,303.22074128638235,1783.240208196999,9016.484673492003,4,2
Austin,78701,684321.5868767444,285.42698532282895,2397.536400080568,17352.817476799195,6,6
Austin,78701,591806.6580635458,252.42675125673418,2344.468861232701,5521.912315961898,2,3
Austin,78701,425836.89372796455,208.8056992226653,2039.3930592567901,8695.543931730317,4,3
Austin,78701,1081086.206280362,259.4160055011082,4167.384368562964,3657.9496742764195,3,5
Austin,78701,1013373.0652010151,276.65905688004676,3662.894960421958,7154.214022123942,3,3
Austin,78701,745965.292923823,255.26309045576258,2922.339033002892,3972.402735596531,5,1
Austin,78701,929423.8133257664,347.43932872490234,2675.067951393814,10691.303911923225,9,2
Austin,78701,1008766.0291309766,293.4832672654692,3437.218205079137,3351.0118678750887,3,2
Austin,78701,594983.3016556292,277.93143599337196,2140.755685045351,7580.9207249118435,6,2
Austin,78701,889976.3953967791,304.92468034263044,2918.67616093506,5692.717772405848,4,1
Austin,78701,868167.6915167769,367.28924914819464,2363.7165899361426,5206.952873509916,4,4
Austin,78701,1333361.58957226,269.8991202057292,4940.222067252061,15487.03918726624,4,3
Austin,78701,471992.8738302084,241.04147587784118,1958.139660866549,4199.641994056344,3,3
Austin,78701,758867.2772491111,295.4044408137862,2568.909509818363,5776.262639208049,4,3
Austin,78701,464002.8974936178,233.219491251102,1989.5545393932648,8976.817461364208,5,4
Austin,78701,801463.026701238,241.50152999669984,3318.6664561180633,11762.630655812702,7,2
Austin,78701,1134315.0528309,341.9926842286026,3316.7816305470296,2706.6812554124,1,7
Austin,78701,777380.2805408911,336.5737987585303,2309.6874546037097,7187.6508956995085,6,3
Austin,78701,623434.153019849,309.2857206805912,2015.7223930285757,12596.82896907068,2,3
Austin,78701,744801.3781655312,298.27988251962677,2496.9883046555224,21709.153274465476,7,1
Austin,78701,531636.4378784284,230.18800539916344,2309.574892734009,8154.4423225867,5,4
Austin,78701,691906.2377162024,247.61847020626095,2794.243245020693,3452.470835288473,1,2
Austin,78701,1392293.653096515,337.724284815085,4122.574880449716,7938.522145194898,5,3
Austin,78701,844704.0341530567,260.3724036409545,3244.214910416841,5992.279657073442,7,3
Austin,78701,824440.7819565628,247.9872606377185,3324.52876747156,9811.094194050469,3,2
Austin,78701,752024.5905805952,273.7712555862003,2746.908505680615,24140.25809067228,2,2
Austin,78701,1630492.9550107138,306.1914130199909,5325.07733946236,3959.1702798324527,1,5
Austin,78701,772975.6676281014,273.0289489082388,2831.1124908878714,15449.560606396544,10,5
Austin,78701,904223.1874302988,274.2765452095713,3296.7572445518194,13753.591827645287,10,6
Austin,78701,686641.4792536419,189.7329095786061,3618.989877816464,11847.05511894772,3,6
Austin,78701,756933.060712068,278.8067554630616,2714.902153123589,9360.932597757579,3,1
Austin,78701,938257.3544049722,323.9607543030768,2896.206845867506,27776.578615437345,3,3
Austin,78701,665095.7259851522,278.90043096387416,2384.706698683093,17350.028891852788,5,2
Austin,78701,1020079.5604307789,369.2962312563511,2762.225752915088,5635.520927801267,5,3
Austin,78701,996169.2357495873,251.26777215505348,3964.5722457986635,8239.412382160685,6,4
Austin,78701,960496.1364234734,261.1080688087996,3678.5387016393256,4171.6833212636375,4,3
Austin,78701,827673.0780671209,253.45682406033,3265.5387407131357,18393.343484660683,3,5
Austin,78701,870993.9138357117,252.27574131583742,3452.5472377673764,8229.88715052642,4,2
Austin,78701,829508.9901187925,304.49578351281656,2724.20517798033,2520.9922322228676,2,2
Austin,78701,941678.6654798599,270.1796867844537,3485.379218131675,1831.4741776872404,2,2
Austin,78701,963507.2958058587,363.9873542966168,2647.090027805437,5723.39308534695,3,5
Austin,78701,534208.7306710895,292.2482485855035,1827.9279114817182,4825.857845682124,2,3
Austin,78701,1064932.9659156532,244.94145762002603,4347.704044317674,6132.178011496678,2,3
Austin,78701,626688.2239407903,239.8422611506805,2612.918261086083,7065.87921443866,6,5
Austin,78701,1260737.175248014,352.25105457779625,3579.0870143997668,17413.464422444416,6,4
Austin,78701,731151.0737219321,291.12981043761033,2511.4263380411167,18808.59283510727,3,2
Austin,78701,472956.9870050867,336.972481228536,1403.5478068736581,30544.27895072469,5,1
Austin,78701,768855.2783814513,284.73805291119487,2700.219624741357,22296.969001079397,4,4
Austin,78701,490140.670204216,282.47112832893475,1735.1885592833125,11671.894866215303,6,2
Austin,78701,1124057.8535361043,338.4324803677562,3321.365172499553,3450.21078328243,2,5
Austin,78701,772665.2581237335,297.55794307275835,2596.6883967026306,12944.823322139622,2,1
Austin,78701,1107983.8157269852,297.0926344857013,3729.422029075282,3104.3420421775554,5,4
Austin,78701,771509.290500664,264.6690408744596,2914.9963590437987,9761.532876756264,3,3
Austin,78701,677262.4671569894,318.63490875850965,2125.5124549779953,3275.6532032313708,6,4
Austin,78701,905947.5899092264,278.6609045217097,3251.075322044849,25657.958804778587,5,2
Austin,78701,481016.9897983375,258.3372070581844,1861.9733304231308,10073.93312823913,3,4
Austin,78701,949338.9427645529,372.78560763491373,2546.6083542964584,7069.772781678369,6,3
Austin,78701,464410.0583297031,269.13554031958773,1725.5619892424265,6102.59124785984,4,3
Austin,78701,745507.1127840058,248.39135178811807,3001.340857551014,7832.350604232469,2,2
Austin,78701,964963.3651350025,329.879120552633,2925.202915293453,5171.54237330454,3,2
Austin,78701,881141.9863202083,310.4896928593503,2837.910586356757,6570.36937521572,3,3
Austin,78701,552270.9570958237,253.779893245688,2176.180902405701,2403.5501337298497,1,1
Austin,78701,1073776.2120086895,278.46695856220146,3856.0273633643287,4603.975113979498,3,2
Austin,78701,1070123.1115262618,310.0754458864351,3451.1701127028086,3983.096624732811,2,2
Austin,78701,847634.7161852455,290.73174661892784,2915.521700133662,10935.694909014694,1,3
Austin,78701,749176.227422272,315.024023109639,2378.1558626134783,8162.299101169466,3,4
Austin,78701,709300.2606445317,281.5216561954723,2519.5229036022533,13455.733512178705,7,2
Austin,78701,866658.039174256,316.3802269371205,2739.2926781941446,6214.682172326668,2,2
Austin,78701,561186.3947476879,268.74182953489594,2088.1989071776347,8561.682430485811,5,2
Austin,78701,866187.8556458678,254.49604279859764,3403.5415487043506,2361.7550819476423,8,3
Austin,78701,1229323.9579657565,326.3105321913718,3767.343792767293,13818.325077383055,4,3
Austin,78701,1239841.7041431763,294.10412275492666,4215.655641034046,17105.65743100032,4,2
Austin,78701,784374.553052358,310.83788823054266,2523.4200293839403,11822.312533676175,7,6
Austin,78701,1294207.0720342684,333.5524685031811,3880.070436420486,4716.755298433132,7,3
Austin,78701,1015018.6240065733,257.5975294146263,3940.32748028732,11153.822899140108,5,3
Austin,78701,714468.5124640678,304.3035981206341,2347.880593185866,8888.288523937072,4,5
Austin,78701,812738.0904412866,379.8660627383469,2139.538564152027,2467.6625387031004,6,2
Austin,78701,992344.1901413465,275.0312082855922,3608.1148620446634,16846.708464945164,3,5
Austin,78701,553346.1552975088,230.80580325093769,2397.4533894015544,4216.419554903334,2,1
Austin,78701,724537.0649556406,316.54770777005757,2288.871620836216,11296.579070963578,3,5
Austin,78701,713025.1296241962,211.42960231705567,3372.3997104008063,8137.547995753391,4,3
Austin,78701,457763.936083567,235.4025222258518,1944.6008129189686,17957.631771946977,4,2
Austin,78701,693818.4478808744,282.0627726957862,2459.8015585317244,4764.698348822903,5,4
Austin,78701,484152.51831233734,280.5846059573668,1725.5134744844179,5906.619033243912,2,2
Austin,78701,645737.5672051356,289.75601961086693,2228.5561765803536,12097.030598019861,6,2
Austin,78701,875088.1116573724,375.08492143379647,2333.0399641560316,5589.929877654516,1,2
Austin,78701,650533.3892678046,285.3765940936394,2279.5611228520997,18790.411945292493,3,1
Austin,78701,635635.721464412,257.3947006968432,2469.498088902216,5078.930195562408,5,3
Austin,78701,419073.80259672494,254.69895989108414,1645.3691164499915,11386.401793374516,5,3
Austin,78701,561281.9824920316,262.5206417181844,2138.0489504309808,7980.405961839066,2,1
Austin,78701,887128.8080447154,230.49689572092015,3848.766835970011,5392.957793649035,4,3
Austin,78701,905008.379843716,305.47354744046135,2962.6407504895583,17635.74017261695,4,1
Austin,78701,712588.4210539727,294.55294150630874,2419.220182999634,4253.081287936046,6,5
Austin,78701,703847.7460249079,301.5301287761141,2334.253458789567,11004.26000077005,1,4
Austin,78701,1050956.566586231,315.6447980171409,3329.5545283441024,1788.356730223806,6,3
Austin,78701,865259.9862827585,307.97658380702785,2809.499266427715,9709.818622095503,6,3
Austin,78701,464054.3253378552,223.4051659629296,2077.187084451115,16656.7104005632,6,2
Austin,78701,649525.6308994553,269.9125003351058,2406.4303435114957,7316.70003764253,3,3
Austin,78701,548323.0000703868,271.6533900336031,2018.465515937644,9086.59607519519,7,1
Austin,78701,786339.1467239516,340.0166854019133,2312.64870367896,22265.081186529136,3,2
Austin,78701,1121771.3847396795,343.7302258365163,3263.5226710414818,15087.601937241734,5,2
Austin,78701,839571.2770538115,263.79217576628474,3182.699693859218,2104.1045751833003,1,3
Austin,78701,853238.9960756433,239.89858621619763,3556.6653790393775,5770.436809908145,2,3
Austin,78701,822031.411411212,288.50097605912316,2849.3193424855212,6735.93903602513,4,3
Austin,78701,505963.3858680574,268.3280789735142,1885.6147586328427,9649.015564068866,1,6
Austin,78701,560429.6935215777,278.26793951869575,2013.99304027234,7699.521022711064,6,1
Austin,78701,1031480.7546102658,333.1834690426476,3095.834128788172,5843.001303133806,9,4
Austin,78701,826923.7711803496,293.16534676716367,2820.673658394916,5618.042392739832,5,2
Austin,78701,538205.9148846352,261.51670406974523,2058.0173522724513,3373.408042550575,4,2
Austin,78701,641038.992071054,253.95099364777522,2524.262586505811,4367.0680571991625,4,1
Austin,78701,977591.0540216352,221.0989843349513,4421.508569847816,13247.654332084057,3,3
Austin,78701,1060632.0854998801,305.57287870553864,3470.9627699712987,4265.268118824727,3,1
Austin,78701,1174788.9677258611,293.7279604877877,3999.5816733787083,4943.545713652239,9,5
Austin,78701,625824.3874947822,305.61918920542774,2047.7260905044889,3335.587414810617,4,2
Austin,78701,1173576.8989909778,281.09044075130015,4175.08648054425,10073.60897526498,1,3
Austin,78701,572604.744753106,237.15345330075826,2414.4904355532535,14232.244847383005,5,5
Austin,78701,1157601.164503972,284.15403550069163,4073.850869174633,16074.384052724074,5,3
Austin,78701,992376.3113641903,329.9662232806212,3007.50877316379,6333.681056386703,2,2
Austin,78701,914664.0523927183,284.2620513141523,3217.6790681844373,7695.858688441727,2,3
Austin,78701,1149013.1730076384,351.2363963642026,3271.338576814825,8139.276310789632,3,1
Austin,78701,824331.6116545202,292.4626031128746,2818.588095984269,6223.3440543632505,4,1
Austin,78701,1161218.9068513652,364.974321222175,3181.645500326811,9750.60160020523,4,4
Austin,78701,785273.6096738277,368.41122332767833,2131.513808349364,15773.318880488137,6,2
Austin,78701,649297.7538425559,243.8588214501679,2662.596948436572,14539.571179521578,4,2
Austin,78701,850537.5138471356,254.4637265825341,3342.4705566876455,7234.294062655895,2,4
Austin,78701,741687.9625492946,262.48037099728646,2825.689249566636,5804.807655824931,5,2
Austin,78701,527987.8756860222,209.60502739930803,2518.9657053414994,4007.10047612017,5,3
Austin,78701,878707.4992954095,301.41177929001867,2915.305769951069,2821.0852388377693,7,1
Austin,78701,587081.8284578574,300.2552493570727,1955.2758185409164,11091.709904531996,7,3
Austin,78701,1035532.106589084,289.92047972874514,3571.779777537436,7996.119024355736,7,4
Austin,78701,376245.356896114,230.0823184075765,1635.2641067777263,8040.625367597528,7,3
Austin,78701,953568.7445094021,348.94545965163695,2732.715724289347,34713.442515077855,3,2
Austin,78701,672775.516126588,202.3145631641808,3325.3934151078497,20734.625964347168,4,5
Austin,78701,633916.2448551967,225.87779390477732,2806.4566856998567,8209.5111282835,8,2
Austin,78701,780760.0261610269,319.25859665907194,2445.541120368892,9067.020951858292,2,2
Austin,78701,1068422.5114859927,295.15387923120846,3619.8830056678503,4112.102615627961,5,5
Austin,78701,592211.8089754585,255.84174725102216,2314.7583040636555,11784.665253503319,7,2
Austin,78701,1190494.2830586082,284.1240153483591,4190.051592784108,9178.433902090683,2,2
Austin,78701,749534.1229851285,287.26018429477415,2609.2516957240014,4710.807650441802,4,2
Austin,78701,857546.1389800599,331.57749943729414,2586.2615540420097,9292.34230402616,3,1
Austin,78701,760006.4260840632,230.38724494280376,3298.8216264869325,14951.503704909532,4,4
Austin,78701,748463.6111249995,294.1384184303533,2544.5965716383366,27661.596570388872,5,1
Austin,78701,922155.9380590437,327.39959763373383,2816.6068154142067,3227.8080337414544,4,4
Austin,78701,760048.0789167146,239.61219340116014,3171.992493905507,4025.8865106788494,2,2
Austin,78701,566018.0016403501,279.62053881294105,2024.2361453247952,7535.0138200856145,4,5
Austin,78701,895217.0703603406,279.3076627059068,3205.1289308984956,9185.331857265466,1,3
Austin,78701,384625.67073591857,213.5941881096872,1800.7309755937808,21934.921807225805,3,1
Austin,78701,806236.0866995723,294.14999743979894,2740.901219503078,16717.97667784005,6,1
Austin,78701,746229.7010286341,296.673713246896,2515.32126949047,2305.3263740342722,4,1
Austin,78701,683628.2378164093,345.0473371634699,1981.2592771655939,6207.464609565776,1,3
Austin,78701,1178963.5724565545,280.898673628713,4197.1133477649955,3216.2003261482496,2,3
Austin,78701,861069.7858894052,300.30398291294625,2867.327224690912,3655.894378328922,4,1
Austin,78701,803593.1941599653,344.0300065197456,2335.822977446716,11354.807877720421,7,1
Austin,78701,725606.2994349952,254.67212709670753,2849.1783050897366,8701.331576231014,3,4
Austin,78701,1187348.7951384091,231.88444951772314,5120.433032951867,21656.67663543891,1,4
Austin,78701,615253.6428647366,286.9600169905627,2144.0396098281894,3437.4819494227286,3,3
Austin,78701,886420.2411292171,273.4630116034318,3241.463026139265,7879.253693873411,5,4
Austin,78701,608126.8836955752,277.9616283662424,2187.8087535676214,5783.2232255994595,3,2
Austin,78701,818733.6920247632,263.91981319881586,3102.206242499859,20566.429110698085,7,4
Austin,78701,574386.574457377,246.29987115345085,2332.0620176026,4667.861000511968,10,4
Austin,78701,848095.3767731832,321.29091666844676,2639.649404244962,9108.867799491025,5,2
Austin,78701,803683.7299683917,280.9373296601578,2860.722464118905,3471.847595036266,4,5
Austin,78701,1440928.8518750165,376.7161460058866,3824.9723754938295,19069.522294517246,4,1
Austin,78701,452439.1785647967,237.83985305529814,1902.284973492663,24088.59970230069,7,4
Austin,78701,1541863.853447363,366.6085031932377,4205.750384994899,5265.079750520478,4,2
Austin,78701,500755.2098662853,294.16409605301874,1702.2988753054065,4899.097597885103,3,3
Austin,78701,843386.3533898445,282.58385123794767,2984.552548544882,9372.084510393488,1,3
Austin,78701,656802.7414075619,235.27478228353618,2791.6410549092793,4897.70728734341,5,4
Austin,78701,675344.4800701268,253.7931784213125,2661.0032794065605,15916.525848058815,2,3
Austin,78701,929589.4780051729,335.0024461863287,2774.8737019315204,10519.047093614186,1,3
Austin,78701,529881.5025168235,169.12877867394224,3133.0061428419845,17110.42725524071,5,4
Austin,78701,635513.6644632816,205.91602699327174,3086.2758656665756,4182.496144514872,2,2
Austin,78701,561755.2637847903,213.66581695456162,2629.1302548608123,3504.320072248949,4,3
Austin,78701,1086130.446959046,331.299758546882,3278.391906239039,9960.850279909917,2,3
Austin,78701,806384.9244519268,310.5747374779552,2596.4279355115436,22048.92616496398,3,1
Austin,78701,672685.4286202575,238.97946875335356,2814.825190336849,4563.011427189857,3,4
Austin,78701,961803.5041345776,261.86470960989817,3672.9023378804404,10549.512159952195,5,2
Austin,78701,1062827.3411996937,287.2880157146555,3699.518542588045,5375.734043798135,3,2
Austin,78701,1160961.6264464692,324.9016454577767,3573.2709965525382,15099.121998609966,4,2
Austin,78701,508593.4651492312,238.9774045236463,2128.2073347604164,4706.471898820658,7,3
Austin,78701,879270.4819305394,287.4304586263277,3059.0720487059784,9435.36363209906,4,5
Austin,78701,824749.5388597548,267.2466189360398,3086.0990576540926,15671.250327027794,2,6
Austin,78701,1186862.9497299425,277.44687983314634,4277.802476797395,3571.0278367154046,3,2
Austin,78701,817729.0926064154,243.9054331246903,3352.6481232108213,11482.198979760677,4,2
Austin,78701,683317.7058327481,290.66927010683406,2350.842610853215,6455.302383333441,4,2
Austin,78701,621692.6032316743,248.7259714349548,2499.508192268757,13301.381471915469,3,4
Austin,78701,416267.3592400289,285.83603701316724,1456.3151784141662,9982.394512436262,4,5
Austin,78701,938245.0101397465,347.8467796199031,2697.2939383396897,6226.650711195275,8,3
Austin,78701,817184.7226536593,325.9181271920901,2507.331303398248,7562.388752110702,3,2
Austin,78701,821327.6919543656,340.5472430670588,2411.787817036105,2656.4262534082845,4,4
Austin,78701,667939.4794664854,295.17513233154887,2262.8582367034815,13483.182365078072,7,2
Austin,78701,1331345.9830577413,329.68502068999646,4038.2361936595503,25011.362701923244,8,2
Austin,78701,288767.8536802045,205.6200815883982,1404.3757372796306,5773.881827768007,1,4
Austin,78701,420831.607984876,210.16971994993955,2002.3417649560276,7820.404574428863,6,2
Austin,78701,1195120.7749011198,239.31814731277,4993.857709165661,20550.64638362856,6,5
Austin,78701,851897.2155231294,242.23506023210956,3516.820458222859,2725.887283232559,5,1
Austin,78701,967968.3663482361,326.0953162680826,2968.3602249364117,10822.570475320652,5,4
Austin,78701,598827.7385376524,218.02608981362434,2746.5875256009476,21838.31646316612,2,4
Austin,78701,533200.4843333834,224.45046370987853,2375.582012709008,5482.39507805396,1,1
Austin,78701,552896.5772180981,276.6473489893072,1998.5609088177755,5779.105057782905,5,5
Austin,78701,866954.1353107457,287.5906112779245,3014.5425522008104,17752.399691040697,3,3
Austin,78701,1070609.4300481058,318.788313830471,3358.3710054611574,4156.634616106657,7,5
Austin,78701,625495.7375344442,270.4972105155646,2312.392561617388,13418.1298636084,6,5
Austin,78701,478539.61946502345,274.0766389425154,1746.0065962257804,10021.619988741248,3,1
Austin,78701,1036749.3562199821,319.3019166750066,3246.924938678684,15810.027787121297,7,4
Austin,78701,813653.8850063281,243.76143369198795,3337.910647647588,7410.839164340597,1,2
Austin,78701,971602.5390253072,286.98519151395914,3385.5493863628426,20103.90835763935,4,4
Austin,78701,808469.735823945,305.8922078284414,2642.9889847909185,6350.080752646103,4,5
Austin,78701,426640.3138208215,266.14371794600044,1603.0448402595218,3304.5955576894316,8,1
Austin,78701,644109.6908239492,318.1807958837409,2024.3512467022001,3173.689136261267,6,3
Austin,78701,931358.5471482552,245.58473696104,3792.412177862697,4155.495687852625,2,4
Austin,78701,682414.8491053032,347.8407213510236,1961.8601481010728,12003.743027676343,6,2
Austin,78701,879506.6133838485,268.49612308917057,3275.6771429871055,5097.718600550691,5,1
Austin,78701,560764.9206265492,263.24265960563287,2130.220540495367,7909.808905123277,3,4
Austin,78701,457111.7776890093,220.04997935203602,2077.3088869857233,8448.125154996284,6,2
Austin,78701,1017663.0069747069,234.45367121075745,4340.57185677378,5025.917149928683,4,4
Austin,78701,1084242.5450527458,247.49360967702964,4380.89107216806,8786.636534491752,3,4
Austin,78701,670608.270561573,234.12112222350444,2864.364668136926,14069.60174680881,5,2
Austin,78701,564714.0102584426,231.81476943216222,2436.057079718121,8173.461551462531,8,1
Austin,78701,1009594.7299302951,283.65426850927673,3559.2439177317615,13880.953611321554,4,3
Austin,78701,569163.8145935778,307.2103217717982,1852.6845429899447,6379.820220963796,2,5
Austin,78701,1093034.3051591783,293.61750817257064,3722.6468951461807,9381.872364214123,3,3
Austin,78701,668359.5350488053,146.66691930309298,4556.988980368599,8480.157880106453,4,4
Austin,78701,755994.2702545862,237.77624494661163,3179.4356514643887,15236.778997542733,5,2
Austin,78701,678253.0951784712,329.864888920973,2056.15425575337,10321.5252343077,8,2
Austin,78701,905782.1392798881,225.0027175250554,4025.6497754478182,5442.487270027343,3,2
Austin,78701,822702.4301582337,276.68317938868466,2973.445772800308,10720.4964957309,5,2
Austin,78701,625164.6948573125,235.4652470768264,2655.0189576525363,4507.183391242137,6,2
Austin,78701,727275.4764938024,336.97945728255735,2158.2190272328135,10193.794740090414,1,3
Austin,78701,513307.68654505233,248.21395472697242,2068.0049480283037,7854.487079936186,5,4
Austin,78701,1140548.176213089,310.8721739705585,3668.865442814145,8753.121785541052,6,5
Austin,78701,677668.1869591766,251.17947631573864,2697.944103153282,7810.083485107649,6,4
Austin,78701,482369.19596586126,179.2589578563124,2690.9070639165,5551.697008628098,5,3
Austin,78701,856210.2683080895,301.7078665034574,2837.878502244083,5153.960809353104,3,5
Austin,78701,338705.5646340425,200.67685517110505,1687.8157889471047,15299.276277975006,5,1
Austin,78701,665072.5681846685,243.19662027103377,2734.7113929604343,24748.11396961412,2,2
Austin,78701,990173.7641048884,360.6709938439288,2745.3656684500693,9411.403438498683,2,3
Austin,78701,1654769.7105291467,414.09384817593235,3996.1224196358976,8154.000250643535,5,4
Austin,78701,955898.2917946492,282.65028888314583,3381.911603811732,3829.3112388296345,2,4
Austin,78701,495531.5308438754,244.11922056501734,2029.875114695847,2783.914477883812,2,2
Austin,78701,705042.4498386355,282.89553405997003,2492.236055197591,3048.727338774757,2,3
Austin,78701,808168.2834620322,226.25516865923203,3571.9329120796024,10999.266448213266,5,3
Austin,78701,524072.63632663304,263.9533229036651,1985.4746686326187,2757.1177960510054,3,4
Austin,78701,1468703.279318381,349.5329618020436,4201.902080268397,11875.346272213086,3,1
Austin,78701,791189.8522196383,290.6541174855266,2722.100959946099,4141.474141973285,2,1
Austin,78701,697012.1415740817,221.67508051452953,3144.296327563064,8804.024235610075,2,4
Austin,78701,736154.270400681,298.98002427992407,2462.2189130316165,6264.175263329076,4,4
Austin,78701,513940.6274853097,209.4488420398476,2453.776408978822,4233.620147838116,3,4
Austin,78701,442147.95462138107,202.46502389576125,2183.8238828303506,3486.0412127831464,6,3
Austin,78701,1268599.1970526553,314.1685189092915,4037.9577223615215,2844.9523648176837,7,4
Austin,78701,795526.8728404458,249.5165874205756,3188.2724954855858,4179.589277083106,4,3
Austin,78701,752217.7888555705,348.3115291508546,2159.6120883204617,30380.470256458368,2,2
Austin,78701,778180.9789600892,237.23163472293567,3280.258047662706,17494.30656705949,3,3
Austin,78701,1160794.806709796,333.6872103217282,3478.691333691222,8922.354295728457,7,2
Austin,78701,1265506.223251252,351.1892220642499,3603.488215876193,6421.176439578921,7,2
Austin,78701,850789.3489441939,288.37780753098355,2950.259439963266,5626.376352121038,2,6
Austin,78701,772034.8393973269,269.009151385119,2869.9203555795243,8544.422860012673,5,1
Austin,78701,558629.9850713775,256.41887675972276,2178.5836991823403,5680.000580512275,7,3
Austin,78701,993787.343364308,259.06406668490115,3836.0678734077333,5657.087380020153,5,3
Austin,78701,695472.4695448675,214.08638090970774,3248.5600746279483,10712.98757419842,3,1
Austin,78701,1087595.8903429531,308.88297213714515,3521.061335359259,4365.799259130754,7,2
Austin,78701,527933.2264497614,307.3998435622192,1717.4154037684318,1806.07090628587,2,4
Austin,78701,950373.4965040914,272.1013807119704,3492.7183905402435,5632.059501490727,6,3
Austin,78701,783275.5480159207,283.0660778075247,2767.1120258659935,19117.899854000487,4,3
Austin,78701,888132.1026396307,262.61174746793984,3381.9206916783323,3011.5826627894735,3,1
Austin,78701,469556.44262335444,230.3818908171698,2038.1655908709972,3805.3670773678964,2,3
Austin,78701,980792.042744819,226.67846143870727,4326.79856974422,5460.324511502034,4,3
Austin,78701,602219.073139649,257.77400487768836,2336.2288739137875,3067.0310126867225,2,1
Austin,78701,972619.8783798746,265.20641998227103,3667.406989788912,19718.927931619262,3,3
Austin,78701,863850.7111094861,330.6429159222358,2612.639404960534,8483.567521625224,1,2
Austin,78701,1354060.911130271,310.05611232253506,4367.147936505482,2752.018806040086,3,4
Austin,78701,1027651.9801106352,346.91016458251346,2962.2999987543044,7408.561870761597,2,3
Austin,78701,1369809.509158451,310.9729098384894,4404.915881161133,7814.020064892313,6,1
Austin,78701,580421.8243861228,214.80339685073747,2702.1072892503935,6921.678950431996,5,3
Austin,78701,456054.9345221617,219.0478964814066,2081.9872815390077,7243.63529881335,6,2
Austin,78701,701743.6088444528,236.986070491232,2961.117534840158,7403.006723276845,9,5
Austin,78701,709862.5175608908,266.8913930223227,2659.7430120255626,9634.396505886267,2,3
Austin,78701,588703.3170479169,248.98979522055873,2364.3672485711113,10008.98442111767,2,3
Austin,78701,1167104.668153115,311.05119982794776,3752.1304171103584,3258.4032593487805,3,4
Austin,78701,650172.7225941531,331.61533432190953,1960.623214012805,8294.129468801559,2,6
Austin,78701,1023165.1421846888,230.72524086106537,4434.560945158154,8919.994593515778,4,1
Austin,78701,557542.2404417482,212.35425734013185,2625.5289035657156,5547.124926022383,1,3
Austin,78701,687237.0755595618,351.3085391988005,1956.2208112757096,22265.363940761206,5,3
Austin,78701,883873.9574111511,291.58238927131237,3031.3008944745347,7610.64800718553,4,2
Austin,78701,745993.4018077,259.1713831103265,2878.378750211549,10824.602778806027,3,1
Austin,78701,922572.6904280302,348.6530420913795,2646.105379990433,6110.651637472839,4,5
Austin,78701,785649.7836269161,334.4344061824152,2349.189464670056,6665.545880604943,2,2
Austin,78701,980752.7799207893,256.7915638568168,3819.256229412749,9825.430501157543,3,3
Austin,78701,1002547.71030901,318.5936508666158,3146.791242016126,3485.8586960269904,2,7
Austin,78701,804922.9565264059,330.5077211042556,2435.413471845943,12508.919950236581,5,1
Austin,78701,963691.429668399,317.2457667152623,3037.680974111599,3821.874986834558,3,1
Austin,78701,758902.6802738939,335.40368406046105,2262.6545751867516,13574.677354940388,6,1
Austin,78701,848707.9664674281,241.66300730937115,3511.9482121685783,6810.158558943979,2,4
Austin,78701,1313999.544093353,282.90372255768983,4644.688066362936,27546.40560508994,4,3
Austin,78701,1274240.4904144062,351.3542932465786,3626.654106429691,14428.102904035835,4,5
Austin,78701,618529.2814454726,265.322977123986,2331.231498116473,14471.617945951033,7,1
Austin,78701,550262.7178898733,254.53017113811373,2161.8761949886425,8726.748276460125,5,4
Austin,78701,807519.6988519214,286.49402979514105,2818.6266200009204,14660.92711602465,2,1
Austin,78701,395157.54106774705,214.8849346925474,1838.9262217620312,12622.543660994781,6,5
Austin,78701,1021745.1168543892,295.595736038732,3456.562434041706,2502.6972640718777,3,2
Austin,78701,686521.1040908786,211.3822524340399,3247.770785795283,4744.180219764847,3,2
Austin,78701,887440.7343989122,335.34609038807315,2646.3428673700582,4578.003250041699,4,3
Austin,78701,545444.9046024963,213.27394640008401,2557.4849333883826,5016.764415150902,2,5
Austin,78701,849791.9181921149,317.6969159548975,2674.851015276325,6857.354500219487,2,3
Austin,78701,1019695.8400269382,250.9552479683996,4063.257685511079,10906.561902819823,4,3
Austin,78701,589087.3489282278,237.09004978691317,2484.656565965866,16189.107636665649,3,6
Austin,78701,576902.4512260507,282.90922486708587,2039.1786499612601,11507.695082166952,5,4
Austin,78701,665946.6856428059,294.45240512461766,2261.6445783859876,16843.537169405015,2,2
Austin,78701,1006057.9654767598,285.69062317443763,3521.4945254345243,4244.602990481738,5,3
Austin,78701,640515.5790286588,296.16898261121776,2162.669342959071,5913.3367409868415,3,6
Austin,78701,1154018.9248622218,311.00940781946935,3710.5595388680063,6842.9918298741295,4,4
Austin,78701,514551.92791819107,196.79103451907474,2614.71224629553,5360.251704350877,4,1
Austin,78701,504933.88408389594,287.51610552559345,1756.193390143666,4079.146567248885,5,2
Austin,78701,743228.5792555092,224.1458679138533,3315.82547638646,10110.129059804172,6,4
Austin,78701,586299.3044085874,228.1795419107983,2569.4648148508777,5246.267211627132,2,6
Austin,78701,709985.9522105732,235.29023892292466,3017.4900389435506,12981.543503789035,3,6
Austin,78701,466904.64586683904,198.4215064190481,2353.094955749298,3841.9731440499713,5,1
Austin,78701,1052379.4294211066,281.3331257686128,3740.687935506941,13431.820606210815,4,2
Austin,78701,636613.1210271617,207.1018085542708,3073.9138661859533,9100.82300715863,8,5
Austin,78701,1412780.6572316783,298.9216837434048,4726.256856108214,9102.22128672454,7,3
Austin,78701,1136381.6899132035,345.99790277941196,3284.3600518517997,9260.58527625811,5,3
Austin,78701,902696.5829061905,347.9445730017993,2594.3689108826034,7619.362966411991,6,1
Austin,78701,522121.2420204832,235.68329233769842,2215.351104618662,7699.672746377993,1,2
Austin,78701,446890.71860481834,231.61775864777044,1929.4320142542322,6802.891156746306,7,3
Austin,78701,838290.6127425479,314.82541909717617,2662.7157843433074,9572.06886455291,5,2
Austin,78701,764129.0632317312,284.19558031204053,2688.7436546083304,11139.078966818133,2,2
Austin,78701,1140598.1272670813,278.6692530232547,4093.0174925753263,6097.832144720504,5,6
Austin,78701,562027.2940911409,226.51575938805937,2481.18407129587,18400.60999759212,3,2
Austin,78701,1016692.3250445033,286.8900224542416,3543.839957719909,6422.083717794376,5,2
Austin,78701,852399.8684627113,318.36746132784566,2677.40888125792,5249.1375563531565,4,1
Austin,78701,1099407.8738979155,249.1436288964134,4412.747292667143,7305.3751449752845,5,1
Austin,78701,560309.8283729205,301.4036213980583,1859.0016462772671,5052.939451981639,1,4
Austin,78701,1112556.1879345498,288.54959451440425,3855.6844614765573,10582.621035334734,2,1
Austin,78701,617041.8484574211,254.20772874426274,2427.313486908872,7349.652075291123,6,4
Austin,78701,960958.5830824684,279.6402153614782,3436.4105385925295,12423.954861134871,3,3
Austin,78701,967680.4097245507,237.56076847924678,4073.4015802322465,7713.359870949393,4,2
Austin,78701,800880.8316091397,317.97683686133524,2518.6766417152307,7563.011600689431,6,1
Austin,78701,498147.9881399596,238.27503770848702,2090.6427837791766,6262.640011717547,6,4
Austin,78701,523476.3911193499,256.5266201240655,2040.6318489136834,13138.372435704396,2,2
Austin,78701,710677.2522796943,319.95176325655547,2221.2012368559226,6913.483436071857,1,2
Austin,78701,389044.6835053031,259.6759230285677,1498.1931284499688,9376.01512847779,2,4
Austin,78701,629277.934029565,242.24119254490793,2597.732976041662,14985.735630655414,2,3
Austin,78701,936697.0824683325,289.5644004769976,3234.8489003666105,7589.038676891405,5,2
Austin,78701,1045961.8951096687,357.6873246584118,2924.2352831723992,7534.902362195308,7,2
Austin,78701,828122.3988674971,331.00601951056547,2501.8348611665174,6967.406569710033,5,2
Austin,78701,677624.3077704284,307.5915943292069,2203.000082782449,8966.27916419019,3,2
Austin,78701,772013.0829476303,323.82470380151665,2384.0462876508145,12982.608313504934,2,1
Austin,78701,896291.6853714851,303.6275666239643,2951.944368350195,12753.66073525789,2,2
Austin,78701,985135.131933631,291.46753862193106,3379.9137172921046,10742.428353789513,6,3
Austin,78701,606304.1681926093,320.43551214032107,1892.1253894203344,16533.4194627116,4,2
Austin,78701,847957.0156382029,296.47101739728254,2860.168333088384,8406.793040071956,3,4
Austin,78701,821374.8417907371,279.5489880497412,2938.214327016583,18582.56221517004,7,3
Austin,78701,629189.3029945492,289.6766355416879,2172.040219322422,15019.95502861498,7,4
Austin,78701,932698.2791615279,295.83765654861253,3152.7368423710636,5404.452162178105,4,2
Austin,78701,1023543.1487720505,294.74932100767535,3472.5886569401027,12831.333314277741,9,2
Austin,78701,708760.5382002554,297.2284003961431,2384.5653283993934,2626.156438295715,6,3
Austin,78701,531589.4589544974,240.08277091898506,2214.1924508772017,16457.182931018848,5,2
Austin,78701,1287033.0403203564,273.0565086800304,4713.431100917323,7665.00024174032,3,1
Austin,78701,766703.187116435,228.25043062046225,3359.043770617541,5019.017483890433,5,3
Austin,78701,842457.097596948,292.9030317394206,2876.2320847072515,2803.6899495717603,6,3
Austin,78701,688492.9321460356,296.34746485798377,2323.262432752636,7376.7432804687005,2,2
Austin,78701,765066.2635960936,337.51643068074765,2266.7526497984322,16587.844436971136,4,3
Austin,78701,934559.6504149133,294.4950020747511,3173.4312766968314,9254.250963617193,3,4
Austin,78701,595830.4578837864,266.1476072552161,2238.7218281937385,6307.742864563149,4,6
Austin,78701,584640.0055111801,263.9880525854046,2214.6457000058335,7138.1656650648765,3,2
Austin,78701,821758.5591421999,309.09415601516207,2658.602704548998,17768.132872861745,3,4
Austin,78701,816099.2877525204,253.01050888483067,3225.554904219435,12167.22239723451,5,4
Austin,78701,1232081.2093368666,288.278813351507,4273.922162412099,7802.684588904181,4,1
Austin,78701,940616.095776104,322.11096208433537,2920.1617035617405,14015.24222164714,3,2
Austin,78701,822677.8862273777,367.3894033991164,2239.2531701129524,12877.794467719596,5,2
Austin,78701,850351.1962280245,330.6451976909037,2571.7935786351763,4692.7564061395215,3,5
Austin,78701,988981.0981996655,259.59110851222886,3809.7649178653455,6499.575103097486,2,3
Austin,78701,929634.9290664733,250.251838449224,3714.7976007980287,18747.782518366403,2,2
Austin,78701,1158436.5411297216,308.4381966939168,3755.8141421742043,12002.928384110804,4,2
Austin,78701,966373.6424376859,272.760736339627,3542.9353044215623,23171.67629844697,5,3
Austin,78701,973057.2568806414,219.2869365920488,4437.369922727645,11460.560462890013,3,3
Austin,78701,1133499.3070645884,391.3776217952294,2896.17812552819,5225.076062321573,5,2
Austin,78701,959371.8129980844,289.1132157110135,3318.3256968683013,7900.301332971039,4,3
Austin,78701,752083.6834687772,334.6081244620089,2247.6551777635277,12830.951124878336,3,6
Austin,78701,780287.0281844415,267.7044056419726,2914.7336081872186,7957.721828470085,2,2
Austin,78701,825652.627999636,280.47448207536274,2943.770933777089,8296.240096944968,5,4
Austin,78701,965237.9267218456,288.20582354192766,3349.1270747394337,27125.16307914926,3,2
Austin,78701,635676.4860547251,270.26731390655993,2352.0287261762583,6939.030291738055,3,2
Austin,78701,464297.11414670903,249.70555284465655,1859.37841132252,9704.607011515664,3,4
Austin,78701,891084.5158813501,374.6894777007009,2378.194662282835,9353.033100270282,3,2
Austin,78701,1064288.1630080568,296.80402305246804,3585.8279549664844,13836.662065348875,3,2
Austin,78701,560918.843267539,215.09906029200224,2607.7233554906193,9354.516260692944,6,2
Austin,78701,884680.2237585484,286.0990537775582,3092.2165315736647,8646.228235036204,8,3
Austin,78701,523210.43283006107,220.98342713473318,2367.6455724033126,26809.016648574114,3,2
Austin,78701,877661.2099408561,246.05420427367173,3566.942546385774,7523.460621820694,3,3
Austin,78701,766767.5259505998,286.3146867573761,2678.058658584849,12420.682870763796,3,4
Austin,78701,812866.1265404461,304.5949013997997,2668.679360044536,3695.8307813400406,7,2
Austin,78701,671178.5763014001,175.14543104137724,3832.1215250133328,8010.660561357464,3,2
Austin,78701,1445039.6079749453,354.3286794191552,4078.2462496227326,7550.94163968951,5,4
Austin,78701,977995.875420102,253.9506723737995,3851.1253633562083,7661.363060871679,4,2
Austin,78701,689862.2170686774,272.30743901802776,2533.3946790304394,2849.2207877314204,4,3
Austin,78701,821449.963298103,346.6224264070218,2369.869635421438,6467.208089674794,1,4
Austin,78701,775344.9951015521,354.1445895111144,2189.3458718990787,4750.930725095286,1,3
Austin,78701,484433.5734279616,255.61174356151196,1895.192946451557,15353.036964929448,3,7
Austin,78701,711582.2779501621,326.74147048667277,2177.814395247347,4760.78242603042,3,2
Austin,78701,641679.4413944865,288.50924587671943,2224.1208923636277,11661.838577212533,3,3
Austin,78701,790324.5256711161,394.00601030884354,2005.8692126336252,11997.30075676671,3,2
Austin,78701,476735.64079485333,253.3379123319416,1881.817199828346,5595.903944602722,1,3
Austin,78701,697797.0785498145,351.53261709069153,1985.013750145952,4802.812630398077,4,3
Austin,78701,697921.6126719646,257.06389310947395,2714.9733252298706,6753.23512202543,4,5
Austin,78701,725820.0244628192,236.4181142301608,3070.0694268976767,6300.213938342066,4,3
Austin,78701,807738.4727757555,268.9784431472861,3002.9859022325345,4434.661596094756,8,1
Austin,78701,512778.14287528035,212.45315399325196,2413.6056972426377,6698.98684683252,3,5
Austin,78701,611021.1880473642,242.4465938405176,2520.230036513924,9646.797328533437,8,4
Austin,78701,808630.4615311235,268.2681703650719,3014.2616637326046,3915.3258170357226,3,4
Austin,78701,782226.3722160897,271.101489427265,2885.363610021614,7115.687806276444,3,5
Austin,78701,1014321.9190203223,320.53694565656326,3164.446198058895,5838.110940871529,4,2
Austin,78701,684295.1819090804,316.5396733252813,2161.799103159772,8460.875784591602,3,4
Austin,78701,1188994.5458414012,280.2970646555026,4241.908659666942,24784.15091529282,3,3
Austin,78701,670951.0059059783,208.36755572567952,3220.035881158485,3222.7789291518516,2,2
Austin,78701,634233.0850013715,191.55622873204297,3310.949945086692,7506.5560058190085,5,3
Austin,78701,547128.2574475347,259.40056102029126,2109.202290448155,9460.685989742162,3,4
Austin,78701,516881.4868952819,246.48331208327747,2097.0242671870906,5891.586236476106,3,2
Austin,78701,593152.0087814791,256.7875407092339,2309.894035914764,9976.14544203948,5,4
Austin,78701,1158347.0179000478,350.36268492693273,3306.136948178766,3332.7718451995734,4,5
Austin,78701,527388.0094589458,256.1292506989195,2059.0698173669025,6484.297867530196,6,1
Austin,78701,753938.760809115,245.21825992892627,3074.562069837848,1613.7742617376784,2,3
Austin,78701,1115283.9837271678,281.65283920540537,3959.782499880313,6915.447362978953,5,3
Austin,78701,598715.9605317429,259.82425921255094,2304.311238474308,3819.3036184080033,3,2
Austin,78701,668064.3268383788,307.0370933363243,2175.842402554893,9653.61453980386,7,4
Austin,78701,669234.3374945123,292.1798068067168,2290.487986862231,18688.101145323613,2,2
Austin,78701,950544.6514154009,360.153476699866,2639.276622081695,9439.388127363061,5,2
Austin,78701,939664.5818346213,269.4641723912828,3487.1596230988207,7651.316445960716,6,1
Austin,78701,1286905.7662315427,363.42214010177935,3541.076957697553,5855.4585373676655,9,2
Austin,78701,1045212.8769805591,311.3002642618953,3357.571441382481,6763.072444277574,3,2
Austin,78701,514585.75294164795,304.2254728698923,1691.4617572530494,6824.137336919456,6,3
Austin,78701,518890.71080722864,197.75170152411079,2623.9506755594875,8077.817551060652,2,3
Austin,78701,422088.1866750881,191.37520211533868,2205.553185624867,10650.698141840585,2,3
Austin,78701,650283.3509831568,213.74729806983578,3042.2997476707073,5046.148394683954,3,3
Austin,78701,1001522.4527444848,290.8274049025115,3443.700407395259,15924.880705742178,6,2
Santa Fe,87505,712599.3863318696,261.7877759750881,2722.049888225801,9101.598686947824,8,4
Santa Fe,87505,630929.7311419006,252.72100219995394,2496.5464905948193,2531.0543898275487,4,1
Santa Fe,87505,833918.0334049056,369.2323654473982,2258.5182433680984,4353.74064503147,3,3
Santa Fe,87505,815962.4070202962,343.7905742427443,2373.4286747610477,3681.8904998456082,4,4
Santa Fe,87505,1059627.602237517,421.4373684933776,2514.3180967213348,4199.7432078482825,6,3
Santa Fe,87505,507563.20832517097,319.353233985727,1589.3473255005638,4418.368291646041,4,2
Santa Fe,87505,549690.6745712484,341.76950112260965,1608.3666704187483,14899.887783508077,4,3
Santa Fe,87505,657303.7476691345,305.1184619648014,2154.2575412724827,17813.84767219925,4,4
Santa Fe,87505,501898.9443366229,378.38909963656533,1326.409626542324,11767.664061562533,5,2
Santa Fe,87505,601951.8922109682,306.0513336402303,1966.833096432689,4408.4726961415845,2,3
Santa Fe,87505,717722.2712208332,353.5231036591898,2030.1990557107852,4600.1287288993735,2,5
Santa Fe,87505,683444.3245550076,317.03579417343116,2155.7323719136157,5429.474932566813,1,2
Santa Fe,87505,822182.8329747848,393.5584212949837,2089.0998349608035,5155.0858795221075,3,1
Santa Fe,87505,375376.70841998386,286.14189992112927,1311.8550919087727,17668.68160468669,4,8
Santa Fe,87505,427250.8232818902,361.5498252766868,1181.7204529276808,3543.3413777392416,6,3
Santa Fe,87505,558355.5683800982,303.4292002263478,1840.1510730133555,9657.90064152033,3,2
Santa Fe,87505,899918.8228532617,269.75107849935324,3336.108340547077,3724.981295348271,3,2
Santa Fe,87505,435668.7680449234,306.0691016713255,1423.4327008701762,10773.1358297438,3,3
Santa Fe,87505,341399.1558496856,204.42782025477877,1670.0229715515197,6360.707642088725,5,4
Santa Fe,87505,685813.6311686349,351.69125571862713,1950.0445917180393,4080.705224267697,6,5
Santa Fe,87505,536677.8426686564,339.2571649145922,1581.9204372699535,5723.565736463614,3,4
Santa Fe,87505,844995.2203719277,396.2806286368641,2132.315231452426,10801.78805718062,4,3
Santa Fe,87505,570650.9920969488,263.93042685984835,2162.126583457444,3012.367232010789,3,7
Santa Fe,87505,729259.2121184388,274.04137908502736,2661.128091506831,5489.821845358924,2,5
Santa Fe,87505,519228.1854398262,250.00526338877273,2076.869016283054,7150.692120152016,2,2
Santa Fe,87505,542242.2580398672,325.35547202279906,1666.6148402811245,3503.2179441344197,3,4
Santa Fe,87505,650433.8859349331,289.2266211947391,2248.872815538614,4517.7891107169435,5,2
Santa Fe,87505,484298.74992789177,270.2668263696801,1791.9282082568714,19127.29733138195,3,2
Santa Fe,87505,538573.7030447485,326.95196143473026,1647.2563757726975,3617.5210705316754,3,4
Santa Fe,87505,586684.4965437227,359.4379035700975,1632.227683047644,5801.226402425485,4,3
Santa Fe,87505,501286.6772011062,313.35787907813915,1599.7257789586488,10698.716465108175,3,2
Santa Fe,87505,680402.3666495683,286.28775378492105,2376.6380421592644,7648.155082533141,3,3
Santa Fe,87505,858709.1791346777,362.65050717086024,2367.8697869023053,5678.348100317341,1,7
Santa Fe,87505,576264.670905887,296.68332744145187,1942.3561002753295,12810.084775803776,2,2
Santa Fe,87505,479291.0970192198,295.99648358065207,1619.2459154286685,2301.3254041346972,5,4
Santa Fe,87505,630161.9095997598,332.17218521006157,1897.0941507376763,12173.26066474167,3,2
Santa Fe,87505,416796.9967348598,276.714929357616,1506.2324165249754,4525.268735129471,3,3
Santa Fe,87505,629400.7052965146,355.8398302896145,1768.7753076552772,1726.14343919154,2,1
Santa Fe,87505,329940.6344828329,265.98775584821436,1240.4354231670468,29159.459218501514,2,2
Santa Fe,87505,492964.82437850174,280.21353388540933,1759.2470197392215,8181.477386653012,4,3
Santa Fe,87505,574191.3004678712,255.1165906799267,2250.7015280251244,12688.292567697004,2,3
Santa Fe,87505,552016.871696164,348.3773209629748,1584.5373348939434,15253.904898447485,3,3
Santa Fe,87505,868870.6270121669,371.1352698864278,2341.115753504248,4593.988106815374,2,2
Santa Fe,87505,635881.756369909,301.38130897046887,2109.891149328761,6843.9297505853665,4,3
Santa Fe,87505,664278.3750711468,329.1023270414955,2018.4554179326415,7831.181471824188,4,3
Santa Fe,87505,511715.8759073492,325.40926154950074,1572.530153169927,5247.476814371949,4,3
Santa Fe,87505,464518.88593451405,322.16941410597985,1441.8466359494553,16320.232234333665,4,1
Santa Fe,87505,592936.885090557,254.8867979860304,2326.2753888220377,17784.549727936854,4,4
Santa Fe,87505,375228.8772500423,278.1428202250048,1349.051098807797,7401.881616609965,7,3
Santa Fe,87505,564067.8000820938,343.6040630106442,1641.6214498156853,10791.4910274926,8,3
Santa Fe,87505,702079.7282861414,364.7126547792936,1925.0215726981178,13359.251815109134,4,4
Santa Fe,87505,1166417.0213000628,352.35277231059223,3310.3670893552344,9472.295034328356,3,2
Santa Fe,87505,669681.9346108512,309.2073339830993,2165.802233680055,5661.590802720978,5,2
Santa Fe,87505,530078.8778956882,345.55220338811904,1534.0052029716376,1802.8896447204613,4,3
Santa Fe,87505,427654.1559408699,237.30827864375945,1802.1038220198475,8466.45106630506,8,4
Santa Fe,87505,367096.45996771,214.9904514042231,1707.5012288685257,12890.999302692764,4,2
Santa Fe,87505,480967.4721688417,244.80640467457712,1964.6850040880063,4540.700250338228,5,4
Santa Fe,87505,1019669.5633599896,438.9790684491774,2322.820463768972,8867.720474463038,2,4
Santa Fe,87505,627357.2255449499,404.5861249108171,1550.6147811748071,10451.989226528654,3,2
Santa Fe,87505,445710.2183278808,234.53420283434562,1900.4060514051819,10486.496272145869,5,2
Santa Fe,87505,688881.4215744251,298.142627281315,2310.576745955972,8622.538736167651,4,3
Santa Fe,87505,387003.1916856071,288.46151558148114,1341.6111709233917,4392.194669828274,1,1
Santa Fe,87505,644100.5970477783,368.34046571139316,1748.6555429195016,16494.90850414129,5,4
Santa Fe,87505,559258.9471544527,338.7318786017714,1651.0372435655604,7787.527713967152,3,2
Santa Fe,87505,524111.57225833845,290.9648038665192,1801.2885589377877,5796.181076912669,2,4
Santa Fe,87505,347670.2155412804,334.46164560585765,1039.4920317739159,2987.1903357223364,4,3
Santa Fe,87505,522548.0560955391,344.2113927883504,1518.1021518856141,10195.879875897703,4,2
Santa Fe,87505,237392.00956232465,222.289669233761,1067.9399109307321,34926.920071359295,3,5
Santa Fe,87505,461797.719514962,333.05158864643835,1386.5651306206446,6946.1934431300715,5,3
Santa Fe,87505,575784.6429789478,307.55664380995097,1872.1255240863645,5971.983626065736,5,3
Santa Fe,87505,512304.3234904627,255.44733288072774,2005.5183889105838,7939.788730472003,2,3
Santa Fe,87505,461030.2354423535,281.0755416659165,1640.2360472556852,7645.724274597525,5,3
Santa Fe,87505,343235.91481962195,321.5589129145045,1067.4122253637574,6416.6425029178845,6,4
Santa Fe,87505,491148.6518116837,314.2121322275304,1563.111673409314,27791.954302453465,10,5
Santa Fe,87505,396356.56578371674,299.66645563554283,1322.6591042467874,8215.901908761052,4,3
Santa Fe,87505,500094.1024809556,294.48151229295433,1698.2190107182516,3660.6030501597984,5,3
Santa Fe,87505,576652.1752769242,311.01151213621864,1854.1184257654058,3946.5538760530326,5,5
Santa Fe,87505,283289.53234391747,234.15438975118846,1209.8407919874567,15846.983354090244,6,3
Santa Fe,87505,637793.1053107835,387.7958205674939,1644.6621430252853,9486.780168595358,7,2
Santa Fe,87505,304331.7307678318,291.65891810975046,1043.4507977339222,6478.4781919979,7,2
Santa Fe,87505,572442.9024627995,331.85164193069875,1724.9964445929843,6162.931210529129,7,2
Santa Fe,87505,660561.8478330367,383.2983466245286,1723.362111134045,12154.885849573178,4,3
Santa Fe,87505,447997.71408057713,360.9433891443608,1241.1855364426651,4982.415841048835,5,1
Santa Fe,87505,406547.5120906644,322.4007019597925,1261.000703842655,7313.165754654855,7,1
Santa Fe,87505,853779.5762162766,303.3614041588454,2814.397495896421,12387.461272543078,4,3
Santa Fe,87505,605865.8671595032,307.3666674668681,1971.1501971007026,5121.84691490899,5,5
Santa Fe,87505,354291.83487098775,233.10392640711441,1519.8878900573277,17159.158309703074,1,5
Santa Fe,87505,419894.51336205285,252.00127249614155,1666.2396550734954,2994.8186074319283,4,2
Santa Fe,87505,429522.4690482395,319.55422512771946,1344.13015154648,8185.342968651231,2,3
Santa Fe,87505,556858.5660738782,290.94796223258896,1913.9455791366418,8374.04404622901,6,2
Santa Fe,87505,420491.28757186455,239.13173716550094,1758.4085347937162,2236.857127852482,3,3
Santa Fe,87505,699093.2864273285,321.8471096140626,2172.128521724598,5123.480949044688,6,3
Santa Fe,87505,803313.7687196137,343.37642001312446,2339.4552505641173,11442.952674027623,4,6
Santa Fe,87505,918972.238293134,362.34861169216134,2536.154986220454,5191.284305347063,2,1
Santa Fe,87505,747370.7823296894,333.0318724180656,2244.1419102117975,6826.023811345039,4,4
Santa Fe,87505,478815.91745106195,279.24349897969796,1714.6895780942555,6268.332887708021,2,7
Santa Fe,87505,438359.2791222548,340.0973668359644,1288.922884644632,14350.414293418211,5,3
Santa Fe,87505,540668.2646857391,321.452116114342,1681.9558421989695,9825.916936721878,4,3
Santa Fe,87505,475035.3747346058,265.64060639680736,1788.2634028662385,6106.879281864204,6,4
Santa Fe,87505,527695.451643521,264.0996047470498,1998.0925459882412,5203.878159307721,2,1
Santa Fe,87505,547035.1582171235,347.7276243489504,1573.1714132328027,13452.819823515883,8,2
Santa Fe,87505,432932.4009625928,322.95271405001176,1340.5442410852438,8723.28942006546,4,2
Santa Fe,87505,618223.3114839456,320.360863134392,1929.7716501175728,14642.232371280279,4,2
Santa Fe,87505,1031393.3205357689,311.3730359625759,3312.404098663613,11588.770499182383,5,4
Santa Fe,87505,869578.8578055098,336.2861328294153,2585.8302585632127,1125.893198151649,3,3
Santa Fe,87505,694210.2997225177,284.7622397706595,2437.8593885257314,15222.44186452576,5,4
Santa Fe,87505,499349.42870311986,302.55084348536985,1650.4645068929262,8622.307411213176,3,2
Santa Fe,87505,514412.90485422016,342.909933627726,1500.1399913152802,9272.832450805881,2,2
Santa Fe,87505,679232.1209209132,310.144444674739,2190.050902356969,2400.732528484352,3,6
Santa Fe,87505,679150.791832064,273.7740546559854,2480.6981533931707,5972.226527372057,3,3
Santa Fe,87505,468885.7341311123,276.605420721759,1695.1429690265202,8284.618406356374,4,3
Santa Fe,87505,485656.73774023564,310.5122889481953,1564.0499749150372,3704.6125185853216,2,3
Santa Fe,87505,298900.61392865,188.83726096050353,1582.84764568348,17739.21354081907,6,4
Santa Fe,87505,743744.4439932067,389.450742892945,1909.726602312972,12520.066223030513,2,6
Santa Fe,87505,534777.7273842137,300.3977941686175,1780.2318717561404,6287.142849855947,3,4
Santa Fe,87505,601149.1042120233,330.90298928448897,1816.6928788158943,23753.06973838542,6,1
Santa Fe,87505,834464.6877819117,337.9186570408732,2469.424728096556,9987.446894750998,4,3
Santa Fe,87505,719433.382424518,320.09987877084006,2247.5278190891204,18225.90240896253,5,2
Santa Fe,87505,424940.6185417576,245.2421190111957,1732.739140630074,4903.003128335692,3,4
Santa Fe,87505,468838.78357878147,259.078838705407,1809.6375061796846,10657.604177900492,6,3
Santa Fe,87505,558692.3050540668,239.5285430856634,2332.4665104912356,17902.688723220002,3,1
Santa Fe,87505,741802.4643398785,359.0962043238311,2065.748552638348,16278.921469572082,4,3
Santa Fe,87505,647861.5139924538,237.05198692505508,2732.993392699458,14655.604930841713,1,2
Santa Fe,87505,595358.0274217275,277.73631488402333,2143.6088675344317,16878.45195045956,6,3
Santa Fe,87505,712328.4570853942,368.89245538587573,1930.9922083938288,20002.36423437005,5,1
Santa Fe,87505,410016.68464713095,256.1753752365679,1600.531215260236,2003.3218551103173,3,2
Santa Fe,87505,385582.9866096144,315.35294103512604,1222.7029985639667,6194.719401062701,2,2
Santa Fe,87505,810678.0655716584,343.57009741341915,2359.5710793077737,2812.3377709006545,4,2
Santa Fe,87505,723358.3231794233,305.71991367074105,2366.0817985133835,2835.3367291359677,5,1
Santa Fe,87505,803507.5664627746,315.6427173216554,2545.623650945702,5850.916985701337,7,4
Santa Fe,87505,444457.7727476039,333.100150839379,1334.306729155225,6185.574914415398,4,3
Santa Fe,87505,778946.8247709521,391.0785232602136,1991.791362709685,18099.30555308024,4,3
Santa Fe,87505,405926.3026988071,265.2144498252037,1530.5587722175135,3913.521166878387,4,4
Santa Fe,87505,508408.5361155365,288.1217272374512,1764.561600370177,8908.091715464776,4,3
Santa Fe,87505,413641.4213030446,337.71418831118604,1224.8268968844613,20861.194879453826,2,4
Santa Fe,87505,457230.6479997621,299.3333294933909,1527.4966164763734,7298.5420387198,3,2
Santa Fe,87505,498244.9860571937,282.48996308337587,1763.7617302181407,25805.777662590703,4,2
Santa Fe,87505,711467.3533447194,356.14048396755953,1997.7154672747797,2596.76449823454,5,3
Santa Fe,87505,448610.99060262187,205.47286560959228,2183.3101381620045,4806.07640709784,4,4
Santa Fe,87505,971629.2439108617,360.64206305520537,2694.1650557331945,20190.23705453496,2,1
Santa Fe,87505,671022.8230126164,381.9120401100475,1757.0088201965614,5328.7534547433515,4,3
Santa Fe,87505,481097.0888810737,298.943550124969,1609.3241974277687,6927.7425886349565,5,2
Santa Fe,87505,489001.4730007463,247.57380581045956,1975.1745197758187,21807.653403740576,6,2
Santa Fe,87505,618624.0653212507,316.646861076718,1953.6718703532922,11918.515799012857,7,2
Santa Fe,87505,452942.05864110275,330.7221022476507,1369.5548485052007,2982.6532598889703,2,4
Santa Fe,87505,310490.90382640203,232.52793931646525,1335.284287725231,11585.641633386784,3,2
Santa Fe,87505,1002449.9758812562,312.2387959191008,3210.523448665184,5234.996769615573,3,2
Santa Fe,87505,772547.777689189,398.64241458636303,1937.946764873967,5950.37985267406,3,2
Santa Fe,87505,810339.2442510278,366.8533234328144,2208.891653667773,7564.135617293204,8,3
Santa Fe,87505,693900.6838329317,332.70557010655864,2085.6298967603393,5653.992557458999,5,1
Santa Fe,87505,667208.0813022542,327.36006188075817,2038.147468170038,10733.582982018757,3,3
Santa Fe,87505,771041.0907928862,310.23973439056505,2485.3073456484203,4741.965465405113,4,6
Santa Fe,87505,998672.675037418,315.4152789790572,3166.2152774270885,9599.195060046739,3,2
Santa Fe,87505,632828.0427596943,304.045113026705,2081.362323044842,12597.443415673953,4,3
Santa Fe,87505,593054.0971653747,317.9067033854718,1865.497301094271,7688.037354594416,3,5
Santa Fe,87505,543768.0069575199,232.95060674212775,2334.2631065110795,8339.257265131104,2,1
Santa Fe,87505,356353.8473162725,208.27804385466206,1710.9525359520796,8445.759454340236,2,5
Santa Fe,87505,366671.64833968127,273.69662626327397,1339.7010162155702,8642.44809998581,6,3
Santa Fe,87505,759093.0665065678,356.19806784568055,2131.0982148152407,7519.8418526425085,4,3
Santa Fe,87505,484827.9047043336,335.9055499384445,1443.3459190929696,7305.5742300622205,7,1
Santa Fe,87505,516864.3169463731,347.5888027389496,1486.9993304547122,7435.935737672211,2,2
Santa Fe,87505,412668.23572208517,312.84521090620296,1319.0811984199147,8944.888192172577,4,4
Santa Fe,87505,352271.36747904215,364.6520875420601,966.0478563376114,6172.000482511445,5,4
Santa Fe,87505,481566.64604021877,370.0895390515273,1301.2165847064664,7326.938305176629,5,3
Santa Fe,87505,676240.0218502536,363.7154400245513,1859.2557462080972,14504.39976168875,3,1
Santa Fe,87505,676612.9642722515,276.8967340292197,2443.5570417412414,26668.39097185729,2,5
Santa Fe,87505,492546.27113185957,310.9847510962791,1583.8277259432891,35025.812646135506,4,2
Santa Fe,87505,436861.9978493372,287.00384002159353,1522.146873771684,8668.676715443267,4,5
Santa Fe,87505,671082.6620505094,376.68618234561427,1781.5430814894682,4309.241731479077,5,3
Santa Fe,87505,640710.1305460173,360.38497845238146,1777.8491581348635,6912.464348195169,3,1
Santa Fe,87505,588309.0653055491,329.59734663943993,1784.9326498041396,8731.179897838101,7,3
Santa Fe,87505,803257.027536248,340.3194441818438,2360.30306604239,15313.970375303163,5,4
Santa Fe,87505,539465.3752919878,321.93986006617376,1675.6712734518253,5201.59426693137,6,1
Santa Fe,87505,424865.0032893676,265.2769995254533,1601.5900513402855,7426.217326860307,4,4
Santa Fe,87505,650269.3189449963,358.04495596765423,1816.1666799287116,4361.81151961557,2,3
Santa Fe,87505,855982.1890509438,401.7901266798833,2130.4211632181973,21741.679285043298,2,3
Santa Fe,87505,1228937.9136777201,331.823563986014,3703.5884339109757,11078.971329013835,4,2
Santa Fe,87505,848210.3844427471,302.86695902622967,2800.603892778176,6466.107590981304,4,6
Santa Fe,87505,529065.2823607964,274.806418598992,1925.228985036294,8313.609249056897,7,3
Santa Fe,87505,472238.9348874008,296.5533722641823,1592.4247675278848,3559.1050430346786,2,1
Santa Fe,87505,441978.1007879923,249.46451938596314,1771.7072627237167,10509.227459913376,4,5
Santa Fe,87505,407195.7317099477,266.10703220608326,1530.1953065058426,10080.304921366034,7,3
Santa Fe,87505,574589.1766969785,300.69547762459257,1910.8673706570748,2763.888893247442,6,7
Santa Fe,87505,633932.8469411156,323.0783825543818,1962.1642337348571,5164.57960443042,3,3
Santa Fe,87505,506472.0706538004,240.17376301625922,2108.773515862819,6686.569828452097,5,3
Santa Fe,87505,351276.0584017672,317.3389988377851,1106.9426061349927,6725.949865211268,3,5
Santa Fe,87505,555084.3502215709,381.657467315276,1454.404532226883,5903.089786471341,3,1
Santa Fe,87505,855199.1584478047,328.58453300910804,2602.6762447278657,8635.698261660635,2,3
Santa Fe,87505,455351.6404216199,331.35693644929637,1374.2028318495663,18467.78744012188,4,2
Santa Fe,87505,488863.7107806055,327.2177589118044,1494.0011581473175,10662.931685847054,3,2
Santa Fe,87505,391229.0407169358,234.39759580224327,1669.0829928435282,16222.04860014643,7,2
Santa Fe,87505,615865.963027914,238.48443449566426,2582.4157636548425,9955.286377446379,6,5
Santa Fe,87505,718123.2716665905,336.111907212115,2136.5600452036174,6605.861226871359,4,4
Santa Fe,87505,576312.3216972412,341.2995158615526,1688.582300629518,7193.194882820727,5,2
Santa Fe,87505,575533.4056746482,356.77910100713046,1613.1365431719776,12950.042989185058,6,2
Santa Fe,87505,566074.6367895846,370.91101221625604,1526.1737132235382,11065.479174245875,5,4
Santa Fe,87505,376292.3668656243,284.5436381602577,1322.4416799425785,17802.57688598983,5,3
Santa Fe,87505,522144.586418448,353.35615008864835,1477.6722756557508,8033.532176972391,2,2
Santa Fe,87505,991609.581898602,352.7127203458374,2811.3802669955353,3463.1950381542806,5,2
Santa Fe,87505,996709.2238950635,379.51443571873557,2626.2748662181093,7117.627789505265,3,4
Santa Fe,87505,635628.2146952462,382.6101810330122,1661.2945661276146,3267.229851509868,6,3
Santa Fe,87505,464539.1149191101,290.4115244875719,1599.5891200901358,7379.572162531516,3,3
Santa Fe,87505,733625.74082411,304.7592230884213,2407.230643881972,3955.9392745236382,6,2
Santa Fe,87505,494974.72112563474,318.05701627058403,1556.245251022979,7565.1949806881175,7,6
Santa Fe,87505,577774.3198149888,270.17166773506983,2138.5451874308073,8739.792616622972,4,5
Santa Fe,87505,493722.9143828628,359.7021343471379,1372.5882257523258,7439.568809297813,4,2
Santa Fe,87505,563836.502102139,298.62390953178095,1888.115733888123,6780.930200599228,3,3
Santa Fe,87505,583208.9637417629,362.5310846861115,1608.7143651329095,6354.143802859717,6,4
Santa Fe,87505,768277.3242397318,378.4351661189965,2030.1425264430945,15793.227528636224,3,7
Santa Fe,87505,738237.9407276472,295.37855457617746,2499.2943099301992,9474.855389500475,2,3
Santa Fe,87505,354237.8740953798,227.68200314796024,1555.8448590474522,3212.794116841453,5,3
Santa Fe,87505,425855.7034239133,307.1144364117814,1386.635250362906,8664.096864854595,5,5
Santa Fe,87505,622138.6401313593,370.30611626361986,1680.06579639765,19887.484689308265,6,3
Santa Fe,87505,934902.657968911,369.7015763653606,2528.8035478782645,6065.139677116106,4,3
Santa Fe,87505,568364.9953264418,303.79092803234994,1870.9083875800204,6350.879335532028,2,5
Santa Fe,87505,557973.3798290598,314.0777920321945,1776.5451553221083,11687.786197698337,2,2
Santa Fe,87505,727928.7897860142,301.38112541001635,2415.309813432071,4789.059368816738,8,4
Santa Fe,87505,578959.6002439493,280.97390735624805,2060.5457840961863,3939.224613715318,2,2
Santa Fe,87505,740653.0592410688,229.0627887080465,3233.406278769587,3128.22091251313,2,1
Santa Fe,87505,458141.15043784224,332.4821070486059,1377.9422733592883,12028.900832091598,5,2
Santa Fe,87505,516624.6671002201,286.0678753858751,1805.9513547382714,13479.099046477933,3,5
Santa Fe,87505,407868.67301963194,318.37457269715253,1281.0968839763748,5630.9168532335125,7,6
Santa Fe,87505,468289.8393117401,339.8047668709479,1378.1143908719464,4001.5584614625996,6,3
Santa Fe,87505,880416.3961444428,350.2493502751555,2513.684594854462,13483.446589204334,2,4
Santa Fe,87505,399539.8362330924,276.60139065999726,1444.4606922609908,7418.802199934137,3,2
Santa Fe,87505,704814.7541029381,263.25125423900533,2677.3462338874106,2399.567975591079,2,2
Santa Fe,87505,460538.87213909044,335.6732131277818,1371.9857710653116,9999.660263108874,7,2
Santa Fe,87505,599628.8455126431,339.02724699601487,1768.674496889896,9528.165522705036,4,2
Santa Fe,87505,379211.10036277823,282.3665153557167,1342.9747499807465,18403.292462758895,3,1
Santa Fe,87505,755768.0163694205,354.46333492659005,2132.147226245392,13237.567112296338,8,3
Santa Fe,87505,584219.006861008,306.6794408026163,1904.9826272411283,13693.735239585136,2,3
Santa Fe,87505,679371.3462771726,274.0593697027582,2478.9203412895945,4725.2325206487985,3,3
Santa Fe,87505,587774.621691472,262.95489029156136,2235.2678858330196,3552.773297617371,7,2
Santa Fe,87505,617941.6837876071,331.0277312817374,1866.7369087023033,10880.624363679055,3,3
Santa Fe,87505,595290.6405339631,319.5535709849581,1862.8821411668227,8089.119441814907,3,1
Santa Fe,87505,430081.2362416528,326.01156471136045,1319.220797036547,11790.216533467386,2,3
Santa Fe,87505,512337.4434123977,257.2698831365649,1991.4396398292643,8626.470735123024,3,3
Santa Fe,87505,363082.70396822883,205.48689967321485,1766.9384498264271,19033.909223519386,4,3
Santa Fe,87505,718591.0667410186,336.6975860994168,2134.2329033770975,6176.3905383808005,6,3
Santa Fe,87505,794551.982905546,363.99612444452856,2182.8583590500075,8203.720266992459,3,3
Santa Fe,87505,359985.4161311843,233.52592891759332,1541.5222532236069,5471.444985734322,5,2
Santa Fe,87505,436503.2080633836,288.9705331265542,1510.5457409119902,4732.470484623146,3,1
Santa Fe,87505,794472.429287476,430.54494117156395,1845.2717784248541,17715.265506576157,5,1
Santa Fe,87505,567105.0497499756,334.49530361589456,1695.4051181573236,7474.017329507987,3,2
Santa Fe,87505,463543.45985767513,368.93945730913447,1256.4214823714883,35114.12285841038,6,2
Santa Fe,87505,540604.7289365939,383.8358782890211,1408.4267769505614,3572.7484455648773,7,3
Santa Fe,87505,677451.5259313296,286.03633682289257,2368.410718218618,8480.412291252625,2,3
Santa Fe,87505,843834.8810407866,416.75688022658994,2024.765327406221,8809.598108083612,4,4
Santa Fe,87505,409976.4878293238,228.02952084101807,1797.9097018546074,16904.574436540814,5,2
Santa Fe,87505,821404.0232457821,331.9846065831527,2474.223222877184,4713.08639671135,4,3
Santa Fe,87505,578237.7517127418,324.4187474252619,1782.3808158495942,5594.710307757427,6,2
Santa Fe,87505,555903.7971293699,257.3930468777577,2159.7467525740212,3423.5175106979073,7,5
Santa Fe,87505,491600.5737024903,274.11043704957655,1793.4398229921385,19268.471306955475,6,2
Santa Fe,87505,514651.65581982525,280.06153094520863,1837.6378008178208,2847.4832650941426,5,1
Santa Fe,87505,959026.7134318006,241.58304099745573,3969.760085278092,8602.708049037206,5,1
Santa Fe,87505,369845.3414566128,243.05008796640257,1521.6836354642153,35802.28487872763,4,3
Santa Fe,87505,609859.5396040535,293.58421374508356,2077.2899599213083,15832.698476080408,3,2
Santa Fe,87505,590894.681572377,285.9864259235605,2066.1633840282807,16748.70733969742,3,3
Santa Fe,87505,670972.2009799941,278.06825997499635,2412.9765872607227,22368.09163923174,6,3
Santa Fe,87505,616709.0157582707,346.9417606236882,1777.5577510462533,8875.9621141233,6,2
Santa Fe,87505,817040.5174751953,273.7030607609922,2985.1347485977362,8841.82710469146,4,4
Santa Fe,87505,530617.6886455301,320.8346235921198,1653.8666640920578,7985.939673940472,2,1
Santa Fe,87505,499005.70760872576,308.3920232212859,1618.08889346877,7638.276544974481,5,2
Santa Fe,87505,656728.7102206671,293.84733888758825,2234.9316237024004,5539.762076288264,7,2
Santa Fe,87505,603523.8653587997,245.14381623213265,2461.917557762535,18339.133184951344,5,5
Santa Fe,87505,398255.91968093556,300.5370414343577,1325.147535159726,5832.214368169521,5,4
Santa Fe,87505,416180.8567311214,278.7556742240529,1492.9951036498421,6753.0754008135555,3,1
Santa Fe,87505,666659.6754083198,352.9252480884814,1888.9543296182158,3613.874174199692,6,4
Santa Fe,87505,709862.2060451686,337.98336933407353,2100.2873823164896,13165.3620048306,3,3
Santa Fe,87505,713157.2040059183,281.235033291064,2535.8050014623777,20800.930439659198,2,2
Santa Fe,87505,497632.0244519443,267.1089669842048,1863.0300213072637,2097.7384612610163,3,1
Santa Fe,87505,645178.8978861897,267.07057845767713,2415.761787060463,20247.269068540867,5,6
Santa Fe,87505,342523.00281204964,297.04465920269547,1153.1027143575773,12457.62415597144,3,3
Santa Fe,87505,478545.9612325449,356.96890878088215,1340.5816289908046,17144.735664371816,6,3
Santa Fe,87505,655884.8992639602,363.04953145597625,1806.5989415647916,10008.968963109644,10,2
Santa Fe,87505,434949.4419754581,185.07565565292816,2350.1169856240713,11470.114045688935,3,4
Santa Fe,87505,632424.1779227571,378.69307869518684,1670.0177888167862,9764.50841089947,4,3
Santa Fe,87505,509926.2165409287,302.98248357939883,1683.022102521312,4392.384782339414,1,2
Santa Fe,87505,487445.2225138636,244.80753200476184,1991.136541110925,7439.343773165632,3,3
Santa Fe,87505,523378.9471986682,306.0719828453781,1709.9864624429526,5963.251189695078,7,3
Santa Fe,87505,694646.540393279,270.19449313260515,2570.9130202456154,15347.88216367052,5,3
Santa Fe,87505,714150.0926698202,384.886290540775,1855.4833212334509,6805.740054190468,2,1
Santa Fe,87505,942637.9765075301,281.63059825413404,3347.0723080200437,10725.17316542811,2,4
Santa Fe,87505,496689.9283182499,264.18790786788423,1880.0630669539798,4164.8105743511305,3,4
Santa Fe,87505,667749.6115890872,405.5562052324341,1646.5032539851873,24171.630517189544,7,3
Santa Fe,87505,605095.94428992,326.9366707293587,1850.8047535322958,9356.653381557442,1,3
Santa Fe,87505,677820.0082243716,284.84229132629105,2379.6326208032037,3550.98919854808,4,6
Santa Fe,87505,684721.3518567019,394.1662131615517,1737.1386206967065,14667.017093210306,2,2
Santa Fe,87505,330774.6614387876,368.99583854705196,896.4184060753556,9299.88801046062,3,2
Santa Fe,87505,450196.2641901268,279.99755882805306,1607.8578187411736,12860.226561710277,3,6
Santa Fe,87505,274999.1789041861,271.18234689015776,1014.0747805224003,52928.041966324636,5,2
Santa Fe,87505,644576.414747003,313.0085548894255,2059.2932834526146,15908.685714202984,5,2
Santa Fe,87505,411578.12919336313,300.9365684718535,1367.6574145951888,15422.69885717203,4,5
Santa Fe,87505,504640.6588528836,275.5147744823755,1831.6283030591708,6464.248996751706,2,1
Santa Fe,87505,385316.4719266582,307.5174542836843,1252.9905751990404,8531.871787156997,2,3
Santa Fe,87505,689850.5863103253,389.3213360332961,1771.9311079609745,6459.5257953667715,2,3
Santa Fe,87505,673959.0352643491,356.8579959238238,1888.591661004045,3644.5139681153496,2,5
Santa Fe,87505,522112.03742838104,326.4017975043321,1599.5991487193064,6184.151619717376,8,2
Santa Fe,87505,523802.6604798262,292.67327488857876,1789.7181103373337,15808.978320727252,3,5
Santa Fe,87505,359523.8893866413,302.5571227113212,1188.2843350862834,10060.831461631435,1,1
Santa Fe,87505,622548.6930367299,340.0950063388809,1830.5140664617807,3972.8674847853995,2,1
Santa Fe,87505,519024.60460684926,336.36381036030093,1543.045323606272,7498.689245154108,4,3
Santa Fe,87505,576396.7088899998,311.4654120997845,1850.596202654242,4993.2859059567345,3,4
Santa Fe,87505,629973.638533176,358.67181556311795,1756.4068633162933,10582.154561587875,5,5
Santa Fe,87505,434017.21246392216,254.5553722364697,1705.001189527994,5306.662258216718,6,5
Santa Fe,87505,572928.5725265518,353.9761608057469,1618.5512923311253,5734.167564438083,1,3
Santa Fe,87505,653495.1150778735,337.168343967173,1938.1864483146685,3699.2445322769604,6,3
Santa Fe,87505,665753.6071548341,242.43563968828806,2746.1045249404237,21719.620048675282,4,2
Santa Fe,87505,486796.48340137635,278.05509205072326,1750.7195419840546,7752.995997076052,2,2
Santa Fe,87505,782697.387425862,377.7436558428011,2072.033177313197,7474.423484625486,5,3
Santa Fe,87505,890727.5508532439,332.76999895664153,2676.7062945758576,9773.214025725685,2,7
Santa Fe,87505,606722.1771885203,303.09931608714294,2001.7273051651623,10209.714145650383,8,3
Santa Fe,87505,707452.9512866203,323.66022912500097,2185.788946634511,5302.901426154388,5,4
Santa Fe,87505,451435.8942190228,309.01779253191955,1460.8734679003715,9219.541710320347,3,2
Santa Fe,87505,644212.5457514593,325.11108809071766,1981.515147744518,8454.661946064221,3,4
Santa Fe,87505,695284.544479758,351.7529301045093,1976.6275842341445,14767.646600714279,4,2
Santa Fe,87505,1106925.0803609425,392.2203728775108,2822.2018969591663,12560.378615818076,3,2
Santa Fe,87505,348894.44910812576,263.2884211400929,1325.141635919047,7955.031290629748,2,3
Santa Fe,87505,1129286.8993031203,362.33951892767,3116.6539676522225,8116.809278844475,7,4
Santa Fe,87505,702763.6642515077,291.26231296591646,2412.8204472981206,7043.266918316149,5,2
Santa Fe,87505,579783.6057380352,251.60924179715107,2304.301708462125,8539.870162299103,5,5
Santa Fe,87505,501213.18273716484,369.01337909911615,1358.2520611062725,7845.243150055772,3,5
Santa Fe,87505,399122.4874879414,276.47481851830526,1443.6124404635993,8799.810120971659,4,4
Santa Fe,87505,750435.9773938964,354.61338102898316,2116.208856012013,3315.539625982551,4,3
Santa Fe,87505,385596.4891513919,358.35875618761725,1076.0068855399043,5448.805038156076,4,1
Santa Fe,87505,494888.9256410022,398.35299403325484,1242.3376579408575,18943.80669364974,3,3
Santa Fe,87505,807458.61279322,365.59553077493644,2208.6118259752416,5386.163371795719,4,4
Santa Fe,87505,898738.6139391639,368.7398372547406,2437.3244307700834,7359.48242921714,6,4
Santa Fe,87505,1122568.0343177898,363.0181464718498,3092.3193378291335,9080.281812168605,5,1
Santa Fe,87505,530917.251084823,318.88030515792406,1664.942119338128,7216.045601390395,5,2
Santa Fe,87505,540931.0402712635,371.14774773863604,1457.454729463129,5699.712509164699,2,3
Santa Fe,87505,442631.04565253493,296.2911639546808,1493.9056559926219,13899.357793695883,1,2
Santa Fe,87505,566612.6114175719,279.589871252391,2026.5849005169437,4293.899789952759,2,1
Santa Fe,87505,578340.4479171626,335.9593071076387,1721.459818738901,2326.2265677405326,2,3
Santa Fe,87505,471863.07799059816,365.7743434190452,1290.0387533469334,17334.10311434524,5,4
Santa Fe,87505,620229.5543628696,300.52512623735635,2063.8192956718335,3689.461274260575,4,8
Santa Fe,87505,406435.4925827133,290.18008547704164,1400.6319279786328,12353.99510403041,7,3
Santa Fe,87505,527704.2947416921,242.00924780480813,2180.5129329905217,6339.568729271105,4,3
Santa Fe,87505,583938.3707835737,270.39258498456496,2159.594616164889,19703.48070444522,4,2
Santa Fe,87505,464225.7190278695,276.2218932485603,1680.6260849502344,6894.019799397094,6,3
Santa Fe,87505,709867.8599783048,365.1562099506266,1944.0114686103443,5781.159825523499,4,3
Santa Fe,87505,487516.50319805095,289.7150500941639,1682.7448316530229,13626.282929516348,4,4
Santa Fe,87505,588107.1228362588,330.7075854486903,1778.3297048912245,16832.396618934818,3,2
Santa Fe,87505,314053.8574083684,239.00953833901576,1313.9804360565238,21141.11415230283,7,3
Santa Fe,87505,285553.32339909155,368.6065511672673,774.6832564283764,1772.2632481296178,2,2
Santa Fe,87505,560120.6228931899,319.33654259117947,1754.0135505577468,2438.7424275497015,5,4
Santa Fe,87505,347125.64896806877,245.8954432470955,1411.6798765532594,4161.894932290324,5,2
Santa Fe,87505,415798.0774069065,284.4566152201974,1461.7275716546014,4091.045420884359,4,2
Santa Fe,87505,392512.01465468004,272.5735190218778,1440.0225526793581,5950.905254667857,5,3
Santa Fe,87505,732714.8800882819,319.153695371673,2295.805722177188,8247.445734439698,1,5
Santa Fe,87505,691418.0622590488,291.90517713751836,2368.6392582661097,8974.261987830629,6,3
Santa Fe,87505,580818.4520908948,294.6503310307215,1971.2126236516472,11153.235723580241,2,5
Santa Fe,87505,449897.41340455855,269.7076250480452,1668.093044549314,5263.9696916275525,7,5
Santa Fe,87505,494724.87655632186,251.61933164562953,1966.1640197545407,7579.291220600776,5,4
Santa Fe,87505,825134.1561176557,346.41092691133196,2381.951872808154,7705.17225492016,6,4
Santa Fe,87505,972226.0573039341,354.55093577780195,2742.133665988209,8081.395989708153,1,2
Santa Fe,87505,415989.1159718001,277.6310520257743,1498.3522662053708,5906.838405450834,2,1
Santa Fe,87505,410528.26105353097,331.5205490483283,1238.319199916881,9089.072295329224,3,2
Santa Fe,87505,522418.47325033974,267.1150131178631,1955.7810216373923,4293.314379766151,3,5
Santa Fe,87505,398367.6209548742,344.76224290982225,1155.4850600594139,22460.89315337742,7,2
Santa Fe,87505,586176.5730658788,302.17747063028895,1939.8420796997798,4721.4502497350095,5,3
Santa Fe,87505,524803.1107035592,274.2297058998942,1913.7354539377845,10141.829832269175,2,2
Santa Fe,87505,457257.79335871397,261.1554416319204,1750.9027975882104,6584.74370299742,2,5
Santa Fe,87505,1016387.0990172551,358.9313640609011,2831.7032190165505,5956.716523583723,2,4
Santa Fe,87505,450427.25515096064,244.09410094495829,1845.3016824545432,3229.1187353139967,4,5
Santa Fe,87505,633502.0040274024,304.80643250706277,2078.374786308761,5779.871332380586,4,7
Santa Fe,87505,530913.6260337444,219.65399945182602,2417.0451134907885,6917.579604918181,3,2
Santa Fe,87505,469345.1075473008,263.8439488337355,1778.8738745835872,5652.84271310556,5,3
Santa Fe,87505,409422.56036836805,249.62621088284894,1640.1425111584635,11994.067031356197,3,4
Santa Fe,87505,322454.8789051843,195.09238788912234,1652.8316783351197,21809.424863732864,2,1
Santa Fe,87505,570637.863863803,283.68530615875943,2011.5171687618379,7667.431374029926,3,4
Santa Fe,87505,574818.9301707523,293.01738308956703,1961.7229671150487,10874.838496703616,3,3
Santa Fe,87505,705945.2928536508,254.21537304203588,2776.9575238745256,16826.19942330759,3,5
Santa Fe,87505,432758.1741201475,280.19893992532826,1544.4675637797757,4210.596774187582,5,5
Santa Fe,87505,508022.7111813854,297.6732214434402,1706.6456590147561,23177.633310037578,2,3
Santa Fe,87505,507325.1918378073,220.78525015236332,2297.8219400422063,3624.957311609746,3,3
Santa Fe,87505,661026.8954916036,309.9150629124111,2132.9292267359865,7994.122842463185,2,2
Santa Fe,87505,600201.366150946,336.3413780471484,1784.5005263277765,11988.808982758297,2,1
Santa Fe,87505,555122.9281973451,322.0395223833874,1723.7726726487701,20222.042765285478,3,1
Santa Fe,87505,515695.3336236495,322.95866503213625,1596.7843240011375,7950.948068900125,2,1
Santa Fe,87505,435066.3225951196,301.3347339028112,1443.7974572670423,8511.711142806971,3,1
Santa Fe,87505,583880.1754263587,324.5773440627236,1798.8938110034123,21276.692792294536,7,2
Santa Fe,87505,749515.9246961109,357.832491403881,2094.599967027985,3245.469045804083,5,3
Santa Fe,87505,843251.020966633,424.74772600223696,1985.2984944813852,4373.683380222025,3,4
Santa Fe,87505,462053.52348254656,260.5778512621334,1773.1880174947594,3836.685608829638,7,1
Santa Fe,87505,529320.3924693906,270.05169371855243,1960.0706264077266,4172.8111190476175,4,3
Santa Fe,87505,375838.08628857345,263.5250182979125,1426.1950865845008,4594.188991458483,3,4
Santa Fe,87505,766276.5075448878,367.4025857085988,2085.6589946611084,16762.002751163593,6,4
Santa Fe,87505,481347.31595157424,380.3706162160049,1265.4692434975752,19917.066139951257,3,5
Santa Fe,87505,662995.9709942769,343.6615822526007,1929.2117747015338,10052.020404371597,3,4
Santa Fe,87505,518281.3097592306,246.97017697739497,2098.5582797985708,14406.850557909316,4,3
Santa Fe,87505,547222.9017829654,294.49881180850593,1858.1497779990707,13064.891777420007,6,3
Santa Fe,87505,588479.9348168483,324.5864822597671,1813.0143027517913,8008.477022223892,2,3
Santa Fe,87505,450407.19146226696,324.24075809115817,1389.1134295202885,13949.903022074137,6,5
Santa Fe,87505,712632.9269568977,398.0432324201968,1790.340518098804,12600.980677221756,2,1
Santa Fe,87505,1062411.1750015644,357.5746746607518,2971.1588943191373,11790.423818246649,6,3
Santa Fe,87505,632376.7423144544,355.34344829882417,1779.6212237538161,8441.065091067054,4,3
Santa Fe,87505,488100.72623450187,288.9441070302193,1689.256552941063,8951.852212505404,3,3
Santa Fe,87505,395967.5930668895,327.6757020349886,1208.413045605099,7226.074603972801,5,3
Santa Fe,87505,460891.4275363265,232.40077598914831,1983.1750800946004,2783.012808460932,5,2
Santa Fe,87505,630609.3603636236,312.2925301026942,2019.2905675849954,7698.918595612858,4,3
Santa Fe,87505,508869.7177525984,316.647884528004,1607.0523209435637,8262.812026847141,3,2
Santa Fe,87505,426546.7846221538,250.51581881597403,1702.6740532321037,4678.522813069669,8,1
Santa Fe,87505,382472.1525208026,294.6054528011648,1298.252116124072,6000.723744896071,5,3
Santa Fe,87505,702614.9572945683,376.3852218118991,1866.7442730939754,12182.847495500615,3,1
Santa Fe,87505,628597.5536719981,306.6826476451381,2049.667819482722,13537.550163143293,5,4
Santa Fe,87505,347225.12152105995,337.3176680553324,1029.3712853016118,2954.117175671701,2,3
Santa Fe,87505,751483.0320610871,419.001300780301,1793.510021714991,5269.140868488974,5,4
Santa Fe,87505,801779.4824235357,287.3996491127107,2789.7719600523887,12899.01975270391,1,2
Santa Fe,87505,653663.8138253951,347.7859823735585,1879.5001723884654,3745.386154346988,1,4
Santa Fe,87505,613730.0717449302,299.83042867729847,2046.9239044629312,7397.939844444318,3,3
Santa Fe,87505,848192.8072237116,359.6259561983154,2358.541680890176,3789.857205492453,7,2
Santa Fe,87505,639362.9232186623,306.41774491867596,2086.5727713920446,4691.761589377521,4,3
Santa Fe,87505,591254.7565329152,357.29784509060204,1654.7951930216298,9885.879925710276,3,4
Santa Fe,87505,449165.4644580084,371.98600111149256,1207.4794834104077,11657.818563515057,7,1
Santa Fe,87505,1063804.4050714483,299.0256710442419,3557.5688246312966,15000.372937967833,5,2
Santa Fe,87505,779115.3332919918,357.2038236295875,2181.1505973685134,42836.43889747691,4,4
Santa Fe,87505,511782.16342387133,228.95135271262578,2235.3314682802857,7139.971261054702,6,5
Santa Fe,87505,738167.1709871305,314.41253740537735,2347.7663361604414,7361.727101243923,3,2
Santa Fe,87505,883528.819889874,368.99024878485045,2394.4503216534563,17249.328022937163,3,2
Santa Fe,87505,924346.3004523289,418.5718406782754,2208.333697160493,15723.47393860107,4,4
Santa Fe,87505,455844.1652228331,250.03542499496982,1823.1183250613537,11091.890095722234,3,5
Santa Fe,87505,428192.3604022126,256.24406980897044,1671.0332485798767,6349.044998294858,5,4
Santa Fe,87505,617692.9283102858,284.1776417645833,2173.6155049875147,12480.214428453293,5,3
Santa Fe,87505,593214.4266388186,316.05096426717404,1876.9581292507753,5618.3900184947315,2,3
Santa Fe,87505,518465.3758893604,278.4497091803171,1861.9713319708126,5385.487567154547,3,3
Santa Fe,87505,809953.4407584264,349.7551180713247,2315.7729477263993,9446.822461448372,8,4
Santa Fe,87505,903167.0700512867,295.4003369506899,3057.43412270396,27681.826836252618,5,4
Santa Fe,87505,394086.4659270458,275.4707552292817,1430.5927523923078,6745.816738613678,2,2
Santa Fe,87505,531016.9788475145,260.1864934525257,2040.9090871752157,8286.658312884068,4,1
Santa Fe,87505,437744.5341386726,310.9870589189627,1407.5972667812537,3107.3410181721165,5,3
Santa Fe,87505,626714.1529946619,329.72942010525946,1900.6922487978056,4647.667606036303,7,6
Santa Fe,87505,416653.12296583765,350.43679845947946,1188.953685222115,9950.596696717223,7,3
Santa Fe,87505,441873.47291576647,290.6068528724191,1520.519796929069,10662.77240280138,2,1
Santa Fe,87505,601040.8545115511,330.3494114591393,1819.4094908684087,25627.1029445837,7,2
Santa Fe,87505,901908.7816394264,381.3411633804882,2365.0968430584426,4268.594300489774,3,3
Santa Fe,87505,456726.2234434062,365.3313508097008,1250.1698045654794,8688.734935831317,3,2
Santa Fe,87505,583213.0563434608,289.11177567405826,2017.2580483230452,6093.818643469887,4,2
Santa Fe,87505,609793.8735316962,339.91138377784534,1793.9789681484658,9488.515974647877,3,2
Santa Fe,87505,783014.4965581526,300.028412091315,2609.801155498029,5802.486220025245,4,4
Santa Fe,87505,471526.67271141027,288.20968813350316,1636.054206800265,2826.6450459674966,4,3
Santa Fe,87505,535494.268156749,265.40933134165584,2017.616582845079,11757.37449066365,4,3
Santa Fe,87505,679775.0947603288,390.49694489882637,1740.7949118179436,5125.283760036811,3,1
Santa Fe,87505,391119.5531183014,275.8486944170952,1417.877122618937,6952.795503119943,6,3
Santa Fe,87505,472452.21714859974,301.1500481377192,1568.8266366556986,8331.434210656145,5,6
Santa Fe,87505,330006.24373904866,220.277443907596,1498.139064467639,7877.670265495851,1,2
Santa Fe,87505,420385.47941004136,359.33074574647674,1169.91235619632,1346.4609317448537,3,3
Santa Fe,87505,817707.8786953425,306.9128609720382,2664.2998149557543,3076.331259897171,4,6
Santa Fe,87505,601420.2917372105,363.40405406308935,1654.9630776347915,6773.807705913728,3,8
Santa Fe,87505,662479.1150080861,324.7828671707864,2039.7600426986894,31867.371495282005,5,1
Santa Fe,87505,431934.88271572907,314.66182182714095,1372.6955504408536,4570.1174841644415,5,1
Santa Fe,87505,635977.7779002824,347.3063000062423,1831.1725928635667,6391.795749477944,2,6
Santa Fe,87505,632611.7494560106,307.9272741986092,2054.4193465889093,17931.30301003971,3,2
Santa Fe,87505,413126.0234398441,223.3222388311889,1849.9099131463097,12206.58858665771,5,4
Santa Fe,87505,471697.3831067357,320.69874986270025,1470.842600130752,10314.28278690285,6,2
Santa Fe,87505,797402.3322116708,359.87823529383,2215.7559252245837,8603.920180537043,5,4
Santa Fe,87505,291240.7292843225,268.50795033161756,1084.66333650318,2553.207781837013,3,5
Santa Fe,87505,257492.65471921838,210.97633414131937,1220.4812249071535,3100.077382878311,4,4
Santa Fe,87505,483866.01055563136,275.18422367626437,1758.3348496201113,4618.960118025545,3,4
Santa Fe,87505,321863.00416312466,323.6524440534961,994.4711065117875,6296.23664967629,3,4
Santa Fe,87505,377769.6725466882,253.95033998766712,1487.573013546799,16502.078672872747,4,3
Santa Fe,87505,487625.980760173,303.0871831085076,1608.8637459327967,8156.88806962367,5,2
Santa Fe,87505,866736.0566587488,327.3841833434978,2647.4585540662865,5460.92368942551,2,7
Santa Fe,87505,411092.747307794,267.8609036671574,1534.7247085323647,6759.980995990832,3,5
Santa Fe,87505,584889.1624270139,368.1914707825754,1588.5462017462185,18249.50094566049,2,5
Santa Fe,87505,387381.08118929935,339.8104316280571,1139.9917281330293,8636.408886801015,3,4
Santa Fe,87505,483201.13629451743,261.9138851210541,1844.8855282001812,11940.726859252538,3,2
Santa Fe,87505,618118.6541184513,340.6414902824762,1814.5724221846194,5983.355191366886,6,3
Santa Fe,87505,372209.08314613363,270.22652686667846,1377.3965400879028,2516.6404236142603,6,5
Santa Fe,87505,647383.801539871,284.6070925310306,2274.658005823544,11844.385593443918,5,3
Santa Fe,87505,694682.4227242483,310.4160613612944,2237.90747063086,9709.510266024487,6,3
Santa Fe,87505,545464.6560676484,346.5735585137131,1573.8784528366311,14295.436778904692,5,2
Santa Fe,87505,342767.772369268,306.4041095421894,1118.6787699466922,8414.005328413861,5,3
Santa Fe,87505,453512.1654124983,327.56879561132735,1384.479142972481,34170.94605212293,1,4
Santa Fe,87505,995525.2240307465,374.7644271406848,2656.4026677404763,4546.091343278783,2,4
Santa Fe,87505,600735.2331517073,320.5274787330003,1874.2082130565798,4166.2821873863,3,1
Santa Fe,87505,417357.2057222382,279.24595755459916,1494.5863831910085,7165.77658820925,4,3
Santa Fe,87505,867810.5225577845,340.7150492172137,2547.027272647811,6702.187821727815,3,2
Santa Fe,87505,489331.7986727912,283.1526521180882,1728.1554490569151,7116.218537459409,10,3
Santa Fe,87505,535992.1609713498,295.12857326143484,1816.1310341731971,7542.127414727228,3,1
Santa Fe,87505,1100756.421865522,334.51325079733397,3290.6212810458114,6596.981721948784,4,4
Santa Fe,87505,764640.908928396,335.5427404791264,2278.8182150403672,5768.281561558721,7,2
Santa Fe,87505,505707.46087788465,300.0554595920962,1685.3799679744454,4415.2175050966825,8,2
Santa Fe,87505,583658.3462502687,293.96586906310364,1985.462965855328,11168.476085311127,4,7
Santa Fe,87505,816356.5368352657,392.97180036872936,2077.392159104725,16354.388314125608,5,4
Santa Fe,87505,460123.92601821903,207.00536496602305,2222.7632897038284,57760.36504532437,6,2
Santa Fe,87505,454421.8869101305,325.3192516070053,1396.8490480209416,9982.0902548524,2,4
Santa Fe,87505,841218.9420089497,309.2277230641937,2720.3865606652544,15748.877545883344,2,1
Santa Fe,87505,746628.0418808149,288.9104690594898,2584.2886355463847,9112.090245911588,4,4
Santa Fe,87505,461733.89579029084,321.7752733975168,1434.9576675516364,12220.854124344773,2,2
Santa Fe,87505,474927.64724328945,263.3281441093319,1803.5582518141434,7661.371958627698,4,3
Santa Fe,87505,457686.59757116664,248.1739429922609,1844.2169715836735,6727.976803770161,4,3
Santa Fe,87505,671884.8776290594,356.6075997266032,1884.1013992527546,6939.38921470521,4,6
Santa Fe,87505,609319.2756027752,277.3016571222911,2197.3156667219737,24963.032416792295,2,3
Santa Fe,87505,504409.8581899829,302.77245590433216,1665.970098513065,23315.642051889554,5,4
Santa Fe,87505,411549.20220558083,204.08956241716976,2016.5127375027278,4839.648975081596,4,3
Santa Fe,87505,483898.88802198257,228.2034984588648,2120.4709449676056,10799.326259449163,3,3
Santa Fe,87505,655903.8431315806,320.1321697812421,2048.853270759335,6836.3013013206,1,5
Santa Fe,87505,731002.1872603594,358.5728177459097,2038.6436201596268,23461.07648687434,3,6
Santa Fe,87505,575373.3711183326,276.69415540915793,2079.456178853892,3924.6424155253358,3,2
