SALE TYPE,SOLD DATE,PROPERTY TYPE,ADDRESS,CITY,STATE OR PROVINCE,ZIP OR POSTAL CODE,PRICE,BEDS,BATHS,LOCATION,SQUARE FEET,LOT SIZE,YEAR BUILT,DAYS ON MARKET,$/SQUARE FEET,HOA/MONTH,STATUS,NEXT OPEN HOUSE START TIME,NEXT OPEN HOUSE END TIME,URL (SEE https://www.redfin.com/buy-a-home/comparative-market-analysis FOR INFO ON PRICING),SOURCE,MLS#,FAVORITE,INTERESTED,LATITUDE,LONGITUDE
PAST SALE,November-7-2025,Townhouse,69 Willard St #69,Ayer,MA,01432,270000,2,1,Ayer,812,,1945,,333,175,Sold,,,https://www.redfin.com/MA/Ayer/69-Willard-St-01432/unit-69/home/198371937,MLS PIN,73437838,N,Y,42.5484886,-71.5674507
PAST SALE,May-15-2025,Townhouse,18 Westford Rd #36,Ayer,MA,01432,310000,2,1.5,Ayer,1050,,1976,,295,193,Sold,,,https://www.redfin.com/MA/Ayer/18-Westford-Rd-01432/unit-36/home/11369743,MLS PIN,73342048,N,Y,42.5620146,-71.5397858
PAST SALE,February-27-2025,Single Family Residential,32 Lakeside Dr,Groton,MA,01450,715000,3,2,Groton,2481,63162,1978,,288,,Sold,,,https://www.redfin.com/MA/Groton/32-Lakeside-Dr-01450/home/8526975,MLS PIN,73328681,N,Y,42.5877549,-71.53205
PAST SALE,December-22-2025,Single Family Residential,172 Shelters Rd,Groton,MA,01450,450000,1,1,Groton,1006,224184,1940,,447,,Sold,,,https://www.redfin.com/MA/Groton/172-Shelters-Rd-01450/home/8530642,MLS PIN,73460312,N,Y,42.5870244,-71.5247995
PAST SALE,December-12-2025,Single Family Residential,82 Martins Pond Rd,Groton,MA,01450,465000,2,1,Groton,776,9147,1955,,599,,Sold,,,https://www.redfin.com/MA/Groton/82-Martins-Pond-Rd-01450/home/11602186,MLS PIN,73452690,N,Y,42.61815,-71.5653971
PAST SALE,November-18-2025,Single Family Residential,44 E Bare Hill Rd,Harvard,MA,01451,575000,2,2,Harvard,1213,10890,1985,,474,,Sold,,,https://www.redfin.com/MA/Harvard/44-E-Bare-Hill-Rd-01451/home/14814836,MLS PIN,73435006,N,Y,42.477159,-71.5804857
PAST SALE,,Condo/Co-op,4 Chamomile Ln #45,Littleton,MA,01460,885000,3,2.5,,2092,,2016,,423,,,,,https://www.redfin.com/MA/Littleton/4-Chamomile-Ln-01460/unit-45/home/67979100,,,N,Y,42.5262004,-71.4332991
PAST SALE,August-15-2025,Single Family Residential,48 Hartwell Ave,Littleton,MA,01460,1541245,4,5,Littleton,4614,43124,2025,,334,,Sold,,,https://www.redfin.com/MA/Littleton/48-Hartwell-Ave-01460/home/189905839,MLS PIN,73322271,N,Y,42.544673,-71.4950784
PAST SALE,July-28-2025,Townhouse,53 Lancaster Rd #7,Clinton,MA,01510,425000,2,2.5,Clinton,1614,98881,2002,,263,360,Sold,,,https://www.redfin.com/MA/Clinton/53-Lancaster-Rd-01510/unit-7/home/16487409,MLS PIN,73397590,N,Y,42.42698,-71.658501
PAST SALE,May-23-2025,Single Family Residential,15 Juniper Brook Rd,Northborough,MA,01532,790000,3,2,Northborough,2063,20129,1970,,383,,Sold,,,https://www.redfin.com/MA/Northborough/15-Juniper-Brook-Rd-01532/home/16570969,MLS PIN,73350712,N,Y,42.3024185,-71.6255473
PAST SALE,March-5-2025,Condo/Co-op,11 Goodnow Cir #11,Northborough,MA,01532,470000,2,2,Northborough,1463,10019,1994,,321,175,Sold, ,,https://www.redfin.com/MA/Northborough/11-Goodnow-Cir-01532/unit-11/home/194608626,MLS PIN,73332512,N,Y,42.3320628,-71.6222873
PAST SALE,February-18-2026,Single Family Residential,71 Summer St,Northborough,MA,01532,675000,4,3,Northborough,2381,30928,1940,,283,,Sold,,,https://www.redfin.com/MA/Northborough/71-Summer-St-01532/home/16570806,MLS PIN,73454084,N,Y,42.3162262,-71.6406129
PAST SALE,December-12-2025,Single Family Residential,281 Whitney St,Northborough,MA,01532,705000,4,2,Northborough,2019,20913,1987,,349,,Sold,,,https://www.redfin.com/MA/Northborough/281-Whitney-St-01532/home/16568112,MLS PIN,73441843,N,Y,42.3393569,-71.642977
PAST SALE,August-27-2025,Townhouse,43 Lebeaux Dr #43,Shrewsbury,MA,01545,525000,2,2.5,Shrewsbury,1760,,1986,,298,540,Sold,,,https://www.redfin.com/MA/Shrewsbury/43-Lebeaux-Dr-01545/unit-43/home/77495184,MLS PIN,73404442,N,Y,42.2815247,-71.6809969
PAST SALE,June-20-2025,Single Family Residential,23 Warren St,Upton,MA,01568,690000,3,2,Upton,1924,15202,1987,,359,,Sold,,,https://www.redfin.com/MA/Upton/23-Warren-St-01568/home/16621939,MLS PIN,73356913,N,Y,42.1752322,-71.6078618
PAST SALE,May-29-2025,Single Family Residential,68 Glenview St,Upton,MA,01568,1165000,4,2.5,Upton,4875,88427,2003,,239,,Sold,,,https://www.redfin.com/MA/Upton/68-Glenview-St-01568/home/16620969,MLS PIN,73341961,N,Y,42.1636868,-71.5773562
PAST SALE,October-31-2025,Condo/Co-op,153 Milk St #30,Westborough,MA,01581,335000,2,1,Westborough,1098,,1970,,305,483,Sold,,,https://www.redfin.com/MA/Westborough/153-Milk-St-01581/unit-30/home/16632302,MLS PIN,73435248,N,Y,42.2817141,-71.6281811
PAST SALE,December-15-2025,Townhouse,52 Treetop Park #52,Westborough,MA,01581,444444,2,2.5,Westborough,1284,,1984,,346,436,Sold,,,https://www.redfin.com/MA/Westborough/52-Treetop-Park-01581/unit-52/home/196273849,MLS PIN,73448438,N,Y,42.2798919,-71.6255631
PAST SALE,August-15-2025,Single Family Residential,225 Flanders Rd,Westborough,MA,01581,630000,3,1.5,Westborough,1798,26898,1980,,350,,Sold,,,https://www.redfin.com/MA/Westborough/225-Flanders-Rd-01581/home/16633047,MLS PIN,73396987,N,Y,42.2687301,-71.5501167
PAST SALE,June-10-2025,Single Family Residential,78 Summer St Ext #1,Westborough,MA,01581,810000,4,3,close to Westborough Center,2687,43560,2009,,301,,Sold,,,https://www.redfin.com/MA/Westborough/78-Summer-Street-Ext-01581/unit-1/home/195256875,MLS PIN,73354927,N,Y,42.2755746,-71.6192891
PAST SALE,October-27-2025,Condo/Co-op,2 Codman Way #404,Westborough,MA,01581,494475,1,1,Westborough,972,,2024,,509,377,Sold,,,https://www.redfin.com/MA/Westborough/2-Codman-Way-01581/unit-404/home/195954338,MLS PIN,73382672,N,Y,42.3024877,-71.6089165
PAST SALE,January-8-2026,Condo/Co-op,2 Codman Way #409,Westborough,MA,01581,649999,2,2,Westborough,1375,,2025,,473,481,Sold,,,https://www.redfin.com/MA/Westborough/2-Codman-Way-01581/unit-409/home/195250937,MLS PIN,73454620,N,Y,42.3024877,-71.6089165
PAST SALE,August-15-2025,Single Family Residential,225 Flanders Rd,Westborough,MA,01581,630000,3,1.5,Westborough,1798,26898,1980,,350,,Sold,,,https://www.redfin.com/MA/Westborough/225-Flanders-Rd-01581/home/16633047,MLS PIN,73396987,N,Y,42.2687301,-71.5501167
PAST SALE,January-8-2026,Condo/Co-op,2 Codman Way #409,Westborough,MA,01581,649999,2,2,Westborough,1375,,2025,,473,481,Sold,,,https://www.redfin.com/MA/Westborough/2-Codman-Way-01581/unit-409/home/195250937,MLS PIN,73454620,N,Y,42.3024877,-71.6089165
PAST SALE,March-31-2025,Condo/Co-op,1 Codman Way #410,Westborough,MA,01581,594999,2,2,Westborough,1375,,2024,,433,432,Sold,,,https://www.redfin.com/MA/Westborough/1-Codman-Way-01581/unit-410/home/192992801,MLS PIN,73340300,N,Y,42.3027686,-71.6079507
PAST SALE,October-27-2025,Condo/Co-op,2 Codman Way #404,Westborough,MA,01581,494475,1,1,Westborough,972,,2024,,509,377,Sold,,,https://www.redfin.com/MA/Westborough/2-Codman-Way-01581/unit-404/home/195954338,MLS PIN,73382672,N,Y,42.3024877,-71.6089165
PAST SALE,November-17-2025,Condo/Co-op,2 Codman Way #208,Westborough,MA,01581,493420,1,1,Westborough,1058,,2024,,466,399,Sold,,,https://www.redfin.com/MA/Westborough/2-Codman-Way-01581/unit-208/home/195646772,MLS PIN,73371768,N,Y,42.3024877,-71.6089165
PAST SALE,October-28-2025,Condo/Co-op,2 Codman Way #412,Westborough,MA,01581,814276,2,2,Westborough,1512,,2024,,539,541,Sold,,,https://www.redfin.com/MA/Westborough/2-Codman-Way-01581/unit-412/home/195481442,MLS PIN,73362646,N,Y,42.3024877,-71.6089165
PAST SALE,November-18-2025,Condo/Co-op,2 Codman Way #209,Westborough,MA,01581,517825,1,1,Westborough,1030,,2025,,503,395,Sold,,,https://www.redfin.com/MA/Westborough/2-Codman-Way-01581/unit-209/home/196477556,MLS PIN,73406114,N,Y,42.3024877,-71.6089165
PAST SALE,November-19-2025,Condo/Co-op,2 Codman Way #210,Westborough,MA,01581,500000,1,1,Westborough,1058,,2024,,473,399,Sold,,,https://www.redfin.com/MA/Westborough/2-Codman-Way-01581/unit-210/home/195251394,MLS PIN,73402630,N,Y,42.3024877,-71.6089165
PAST SALE,December-8-2025,Condo/Co-op,2 Codman Way #203,Westborough,MA,01581,434999,1,1,Westborough,972,,2025,,448,377,Sold,,,https://www.redfin.com/MA/Westborough/2-Codman-Way-01581/unit-203/home/196333179,MLS PIN,73402651,N,Y,42.3024877,-71.6089165
PAST SALE,November-21-2025,Condo/Co-op,2 Codman Way #403,Westborough,MA,01581,467995,1,1,Westborough,972,,2025,,481,377,Sold,,,https://www.redfin.com/MA/Westborough/2-Codman-Way-01581/unit-403/home/196338020,MLS PIN,73444627,N,Y,42.3024877,-71.6089165
PAST SALE,December-19-2025,Condo/Co-op,2 Codman Way #410,Westborough,MA,01581,688999,2,2,Westborough,1375,,2025,,501,481,Sold,,,https://www.redfin.com/MA/Westborough/2-Codman-Way-01581/unit-410/home/198802328,MLS PIN,73448186,N,Y,42.3024877,-71.6089165
PAST SALE,November-5-2025,Condo/Co-op,2 Codman Way #307,Westborough,MA,01581,697473,2,2,Westborough,1512,,2025,,461,541,Sold,,,https://www.redfin.com/MA/Westborough/2-Codman-Way-01581/unit-307/home/195251006,MLS PIN,73371722,N,Y,42.3024877,-71.6089165
PAST SALE,November-13-2025,Condo/Co-op,2 Codman Way #206,Westborough,MA,01581,665440,2,2,Westborough,1496,,2024,,445,531,Sold,,,https://www.redfin.com/MA/Westborough/2-Codman-Way-01581/unit-206/home/195646639,MLS PIN,73371750,N,Y,42.3024877,-71.6089165
PAST SALE,October-29-2025,Condo/Co-op,2 Codman Way #405,Westborough,MA,01581,599999,2,2,Westborough,1166,,2025,,515,446,Sold,,,https://www.redfin.com/MA/Westborough/2-Codman-Way-01581/unit-405/home/196192773,MLS PIN,73397014,N,Y,42.3024877,-71.6089165
PAST SALE,December-12-2025,Condo/Co-op,2 Codman Way #111,Westborough,MA,01581,472000,1,1,Westborough,1030,,2025,,458,374,Sold,,,https://www.redfin.com/MA/Westborough/2-Codman-Way-01581/unit-111/home/195331487,MLS PIN,73414431,N,Y,42.3024877,-71.6089165
PAST SALE,November-10-2025,Condo/Co-op,2 Codman Way #312,Westborough,MA,01581,737630,2,2,Westborough,1512,,2025,,488,541,Sold,,,https://www.redfin.com/MA/Westborough/2-Codman-Way-01581/unit-312/home/196477431,MLS PIN,73406103,N,Y,42.3024877,-71.6089165
PAST SALE,November-20-2025,Condo/Co-op,2 Codman Way #211,Westborough,MA,01581,491200,1,1,Westborough,1030,,2024,,477,395,Sold,,,https://www.redfin.com/MA/Westborough/2-Codman-Way-01581/unit-211/home/195646753,MLS PIN,73371762,N,Y,42.3024877,-71.6089165
PAST SALE,November-3-2025,Condo/Co-op,2 Codman Way #309,Westborough,MA,01581,618985,2,2,Westborough,1375,,2025,,450,474,Sold,,,https://www.redfin.com/MA/Westborough/2-Codman-Way-01581/unit-309/home/195492023,MLS PIN,73383941,N,Y,42.3024877,-71.6089165
PAST SALE,September-29-2025,Single Family Residential,46 Flanders Rd,Westborough,MA,01581,600000,3,2,Westborough,1284,22281,1920,,467,,Sold,,,https://www.redfin.com/MA/Westborough/46-Flanders-Rd-01581/home/16632091,MLS PIN,73420067,N,Y,42.2783061,-71.5910099
PAST SALE,November-12-2025,Condo/Co-op,2 Codman Way #303,Westborough,MA,01581,438999,1,1,Westborough,972,,2025,,452,356,Sold,,,https://www.redfin.com/MA/Westborough/2-Codman-Way-01581/unit-303/home/196558791,MLS PIN,73408532,N,Y,42.3024877,-71.6089165
PAST SALE,December-10-2025,Condo/Co-op,2 Codman Way #110,Westborough,MA,01581,485390,1,1,Westborough,1058,,2025,,459,399,Sold,,,https://www.redfin.com/MA/Westborough/2-Codman-Way-01581/unit-110/home/195972184,MLS PIN,73383946,N,Y,42.3024877,-71.6089165
PAST SALE,May-30-2025,Single Family Residential,85 Cottage St,Framingham,MA,01701,1200000,4,2.5,Framingham,3446,10019,2017,,348,,Sold,,,https://www.redfin.com/MA/Framingham/85-Cottage-St-01701/home/144808247,MLS PIN,73363110,N,Y,42.326285,-71.3941172
PAST SALE,June-30-2025,Single Family Residential,2 Claudette Cir,Framingham,MA,01701,1111000,4,2.5,Framingham,3574,49920,1986,,311,,Sold,,,https://www.redfin.com/MA/Framingham/2-Claudette-Cir-01701/home/11642608,MLS PIN,73362752,N,Y,42.3231089,-71.4481632
PAST SALE,April-3-2025,Single Family Residential,12 Salvi Dr,Framingham,MA,01701,945000,4,2.5,Framingham,3355,8059,1970,,282,,Sold,,,https://www.redfin.com/MA/Framingham/12-Salvi-Dr-01701/home/53764414,MLS PIN,73334961,N,Y,42.3220951,-71.4162545
PAST SALE,August-26-2025,Single Family Residential,31 Livoli Rd,Framingham,MA,01701,710000,4,1.5,Framingham,1612,20038,1961,,440,,Sold,,,https://www.redfin.com/MA/Framingham/31-Livoli-Rd-01701/home/11630446,MLS PIN,73371681,N,Y,42.3273924,-71.4419298
PAST SALE,April-25-2025,Single Family Residential,117 Nobscot Dr,Framingham,MA,01701,1545000,4,3.5,Brimstone Estates,3700,28924,2017,,418,167,Sold,,,https://www.redfin.com/MA/Framingham/117-Nobscot-Dr-01701/home/67988708,MLS PIN,73348552,N,Y,42.3462188,-71.4568837
PAST SALE,January-30-2026,Single Family Residential,13 Edith Rd,Framingham,MA,01701,680000,3,2,Pinefield in North Framingham,1715,20038,1958,,397,,Sold,,,https://www.redfin.com/MA/Framingham/13-Edith-Rd-01701/home/11625187,MLS PIN,73461184,N,Y,42.3310398,-71.4093681
PAST SALE,August-8-2025,Single Family Residential,199 Brook St,Framingham,MA,01701,750000,3,3,Framingham,2401,20038,1960,,312,,Sold,,,https://www.redfin.com/MA/Framingham/199-Brook-St-01701/home/11633320,MLS PIN,73386212,N,Y,42.3219871,-71.4204953
PAST SALE,December-8-2025,Single Family Residential,17 Lilian Rd,Framingham,MA,01701,695000,3,2.5,Framingham,1984,11761,1955,,350,,Sold,,,https://www.redfin.com/MA/Framingham/17-Lilian-Rd-01701/home/11626786,MLS PIN,73405502,N,Y,42.3051884,-71.4273414
PAST SALE,February-20-2026,Single Family Residential,337 Edgell Rd,Framingham,MA,01701,710000,4,2,Nobscot south,2194,13939,1936,,324,,Sold,,,https://www.redfin.com/MA/Framingham/337-Edgell-Rd-01701/home/11614643,MLS PIN,73461734,N,Y,42.3103752,-71.4374108
PAST SALE,January-22-2026,Single Family Residential,14 Francine Rd,Framingham,MA,01701,780000,5,3.5,Framingham,2520,24394,1958,,310,,Sold,,,https://www.redfin.com/MA/Framingham/14-Francine-Rd-01701/home/11625167,MLS PIN,73438556,N,Y,42.3307126,-71.411524
PAST SALE,January-21-2026,Single Family Residential,78 Apple D Or Rd,Framingham,MA,01701,620000,4,2,Framingham,2482,24829,1965,,250,,Sold,,,https://www.redfin.com/MA/Framingham/78-Apple-D-Or-Rd-01701/home/11635760,MLS PIN,73426008,N,Y,42.334557,-71.432422
PAST SALE,January-5-2026,Single Family Residential,33 Highgate Rd,Framingham,MA,01701,840000,4,2.5,Framingham,2776,17424,2007,,303,,Sold,,,https://www.redfin.com/MA/Framingham/33-Highgate-Rd-01701/home/11610817,MLS PIN,73412032,N,Y,42.3096877,-71.4171113
PAST SALE,June-17-2025,Townhouse,119 Oxbow Rd #119,Framingham,MA,01701,950000,3,2.5,Framingham,2564,,2016,,371,715,Sold,,,https://www.redfin.com/MA/Framingham/119-Oxbow-Rd-01701/unit-119/home/175620490,MLS PIN,73366012,N,Y,42.3305769,-71.3935009
PAST SALE,,Condo/Co-op,54 Oxbow Rd,Framingham,MA,01701,808000,2,2.5,,1848,,2017,,437,,,,,https://www.redfin.com/MA/Framingham/54-Oxbow-Rd-01701/home/144458077,,,N,Y,42.3294599,-71.3953783
PAST SALE,,Condo/Co-op,21 Water St #21,Framingham,MA,01701,650000,4,3.5,,2244,,2013,,290,,,,,https://www.redfin.com/MA/Framingham/21-Water-St-01701/unit-21/home/81829094,,,N,Y,42.3256886,-71.4012107
PAST SALE,May-30-2025,Single Family Residential,85 Cottage St,Framingham,MA,01701,1200000,4,2.5,Framingham,3446,10019,2017,,348,,Sold,,,https://www.redfin.com/MA/Framingham/85-Cottage-St-01701/home/144808247,MLS PIN,73363110,N,Y,42.326285,-71.3941172
PAST SALE,June-30-2025,Single Family Residential,2 Claudette Cir,Framingham,MA,01701,1111000,4,2.5,Framingham,3574,49920,1986,,311,,Sold,,,https://www.redfin.com/MA/Framingham/2-Claudette-Cir-01701/home/11642608,MLS PIN,73362752,N,Y,42.3231089,-71.4481632
PAST SALE,April-3-2025,Single Family Residential,12 Salvi Dr,Framingham,MA,01701,945000,4,2.5,Framingham,3355,8059,1970,,282,,Sold,,,https://www.redfin.com/MA/Framingham/12-Salvi-Dr-01701/home/53764414,MLS PIN,73334961,N,Y,42.3220951,-71.4162545
PAST SALE,August-26-2025,Single Family Residential,31 Livoli Rd,Framingham,MA,01701,710000,4,1.5,Framingham,1612,20038,1961,,440,,Sold,,,https://www.redfin.com/MA/Framingham/31-Livoli-Rd-01701/home/11630446,MLS PIN,73371681,N,Y,42.3273924,-71.4419298
PAST SALE,January-30-2026,Single Family Residential,13 Edith Rd,Framingham,MA,01701,680000,3,2,Pinefield in North Framingham,1715,20038,1958,,397,,Sold,,,https://www.redfin.com/MA/Framingham/13-Edith-Rd-01701/home/11625187,MLS PIN,73461184,N,Y,42.3310398,-71.4093681
PAST SALE,August-8-2025,Single Family Residential,199 Brook St,Framingham,MA,01701,750000,3,3,Framingham,2401,20038,1960,,312,,Sold,,,https://www.redfin.com/MA/Framingham/199-Brook-St-01701/home/11633320,MLS PIN,73386212,N,Y,42.3219871,-71.4204953
PAST SALE,December-8-2025,Single Family Residential,17 Lilian Rd,Framingham,MA,01701,695000,3,2.5,Framingham,1984,11761,1955,,350,,Sold,,,https://www.redfin.com/MA/Framingham/17-Lilian-Rd-01701/home/11626786,MLS PIN,73405502,N,Y,42.3051884,-71.4273414
PAST SALE,February-20-2026,Single Family Residential,337 Edgell Rd,Framingham,MA,01701,710000,4,2,Nobscot south,2194,13939,1936,,324,,Sold,,,https://www.redfin.com/MA/Framingham/337-Edgell-Rd-01701/home/11614643,MLS PIN,73461734,N,Y,42.3103752,-71.4374108
PAST SALE,January-22-2026,Single Family Residential,14 Francine Rd,Framingham,MA,01701,780000,5,3.5,Framingham,2520,24394,1958,,310,,Sold,,,https://www.redfin.com/MA/Framingham/14-Francine-Rd-01701/home/11625167,MLS PIN,73438556,N,Y,42.3307126,-71.411524
PAST SALE,January-21-2026,Single Family Residential,78 Apple D Or Rd,Framingham,MA,01701,620000,4,2,Framingham,2482,24829,1965,,250,,Sold,,,https://www.redfin.com/MA/Framingham/78-Apple-D-Or-Rd-01701/home/11635760,MLS PIN,73426008,N,Y,42.334557,-71.432422
PAST SALE,January-5-2026,Single Family Residential,33 Highgate Rd,Framingham,MA,01701,840000,4,2.5,Framingham,2776,17424,2007,,303,,Sold,,,https://www.redfin.com/MA/Framingham/33-Highgate-Rd-01701/home/11610817,MLS PIN,73412032,N,Y,42.3096877,-71.4171113
PAST SALE,June-17-2025,Townhouse,119 Oxbow Rd #119,Framingham,MA,01701,950000,3,2.5,Framingham,2564,,2016,,371,715,Sold,,,https://www.redfin.com/MA/Framingham/119-Oxbow-Rd-01701/unit-119/home/175620490,MLS PIN,73366012,N,Y,42.3305769,-71.3935009
PAST SALE,,Condo/Co-op,54 Oxbow Rd,Framingham,MA,01701,808000,2,2.5,,1848,,2017,,437,,,,,https://www.redfin.com/MA/Framingham/54-Oxbow-Rd-01701/home/144458077,,,N,Y,42.3294599,-71.3953783
PAST SALE,,Condo/Co-op,21 Water St #21,Framingham,MA,01701,650000,4,3.5,,2244,,2013,,290,,,,,https://www.redfin.com/MA/Framingham/21-Water-St-01701/unit-21/home/81829094,,,N,Y,42.3256886,-71.4012107
PAST SALE,August-18-2025,Single Family Residential,20 Hardy St,Framingham,MA,01701,600000,3,1.5,Saxonville,1744,15682,1957,,344,,Sold,,,https://www.redfin.com/MA/Framingham/20-Hardy-St-01701/home/11609406,MLS PIN,73402695,N,Y,42.3100392,-71.4016521
PAST SALE,May-6-2025,Single Family Residential,10 Corrine Dr,Framingham,MA,01701,593000,4,2,Framingham,1887,26789,1959,,314,,Sold,,,https://www.redfin.com/MA/Framingham/10-Corrine-Dr-01701/home/11619855,MLS PIN,73354431,N,Y,42.3336647,-71.4212709
PAST SALE,May-8-2025,Single Family Residential,10 Woodmere Rd,Framingham,MA,01701,830000,3,2.5,Framingham,1527,20386,1960,,544,,Sold,,,https://www.redfin.com/MA/Framingham/10-Woodmere-Rd-01701/home/11630795,MLS PIN,73351226,N,Y,42.309394,-71.4605118
PAST SALE,December-29-2025,Single Family Residential,36 Ruthellen Rd,Framingham,MA,01701,700000,3,1.5,Nobscot,1452,20038,1960,,482,,Sold,,,https://www.redfin.com/MA/Framingham/36-Ruthellen-Rd-01701/home/11627677,MLS PIN,73447594,N,Y,42.3186286,-71.4407666
PAST SALE,,Condo/Co-op,9 Weld St #6,Framingham,MA,01702,160000,1,1.5,,663,,1968,,241,,,,,https://www.redfin.com/MA/Framingham/9-Weld-St-01702/unit-6/home/11643925,,,N,Y,42.2677159,-71.4017148
PAST SALE,June-24-2025,Single Family Residential,9 Thayer St,Framingham,MA,01702,610000,2,1,Framingham,981,7318,1907,,622,,Sold,,,https://www.redfin.com/MA/Framingham/9-Thayer-St-01702/home/11600062,MLS PIN,73349801,N,Y,42.2667544,-71.4189667
PAST SALE,October-31-2025,Multi-Family (2-4 Unit),96 Arlington St,Framingham,MA,01702,900000,5,3,Framingham,2509,9583,1867,,359,,Sold,,,https://www.redfin.com/MA/Framingham/96-Arlington-St-01702/home/11593682,MLS PIN,73438507,N,Y,42.2727471,-71.4164423
PAST SALE,September-17-2025,Condo/Co-op,137 Winthrop St Unit 3B,Framingham,MA,01702,166000,1,1,Framingham,330,,1970,,503,150,Sold,,,https://www.redfin.com/MA/Framingham/137-Winthrop-St-01702/unit-3B/home/11643335,MLS PIN,73419523,N,Y,42.269452,-71.4258953
PAST SALE,September-25-2025,Single Family Residential,19 Guild Rd,Framingham,MA,01702,630000,3,2,Framingham,1267,10019,1932,,497,,Sold,,,https://www.redfin.com/MA/Framingham/19-Guild-Rd-01702/home/11603262,MLS PIN,73418335,N,Y,42.2603883,-71.4215371
PAST SALE,February-9-2026,Townhouse,1 Orchard View Cir #1,Framingham,MA,01702,676000,3,2.5,Framingham,1678,,2022,,403,200,Sold,,,https://www.redfin.com/MA/Framingham/1-Orchard-View-Cir-01702/unit-1/home/200075330,MLS PIN,73468711,N,Y,42.2712829,-71.3930479
PAST SALE,February-24-2025,Single Family Residential,30 Pincushion Rd,Framingham,MA,01702,580000,3,1,Framingham,898,8102,1955,,646,,Sold,,,https://www.redfin.com/MA/Framingham/30-Pincushion-Rd-01702/home/11621412,MLS PIN,73324610,N,Y,42.2755468,-71.4405485
PAST SALE,June-5-2025,Single Family Residential,32 Fraser Rd,Framingham,MA,01702,925000,4,2.5,Framingham,2072,8950,2022,,446,,Sold,,,https://www.redfin.com/MA/Framingham/32-Fraser-Rd-01702/home/67988925,MLS PIN,73356954,N,Y,42.2959435,-71.4180048
PAST SALE,September-15-2025,Townhouse,38 Wilson Dr #38,Framingham,MA,01702,390000,2,1.5,Framingham,1034,,1960,,377,563,Sold,,,https://www.redfin.com/MA/Framingham/38-Wilson-St-01702/unit-38/home/137668868,MLS PIN,73402525,N,Y,42.2879534,-71.4044506
PAST SALE,October-6-2025,Single Family Residential,22 Arthur St,Framingham,MA,01702,410000,2,1,Framingham,672,7405,1949,,610,,Sold,,,https://www.redfin.com/MA/Framingham/22-Arthur-St-01702/home/11596747,MLS PIN,73390218,N,Y,42.2864182,-71.4096318
PAST SALE,,Condo/Co-op,139 Winter St #6,Framingham,MA,01702,266000,1,1.5,,566,,1897,,470,,,,,https://www.redfin.com/MA/Framingham/139-Winter-St-01702/unit-6/home/11643478,,,N,Y,42.29457,-71.4411693
PAST SALE,February-24-2025,Single Family Residential,30 Pincushion Rd,Framingham,MA,01702,580000,3,1,Framingham,898,8102,1955,,646,,Sold,,,https://www.redfin.com/MA/Framingham/30-Pincushion-Rd-01702/home/11621412,MLS PIN,73324610,N,Y,42.2755468,-71.4405485
PAST SALE,June-5-2025,Single Family Residential,32 Fraser Rd,Framingham,MA,01702,925000,4,2.5,Framingham,2072,8950,2022,,446,,Sold,,,https://www.redfin.com/MA/Framingham/32-Fraser-Rd-01702/home/67988925,MLS PIN,73356954,N,Y,42.2959435,-71.4180048
PAST SALE,September-15-2025,Townhouse,38 Wilson Dr #38,Framingham,MA,01702,390000,2,1.5,Framingham,1034,,1960,,377,563,Sold,,,https://www.redfin.com/MA/Framingham/38-Wilson-St-01702/unit-38/home/137668868,MLS PIN,73402525,N,Y,42.2879534,-71.4044506
PAST SALE,October-6-2025,Single Family Residential,22 Arthur St,Framingham,MA,01702,410000,2,1,Framingham,672,7405,1949,,610,,Sold,,,https://www.redfin.com/MA/Framingham/22-Arthur-St-01702/home/11596747,MLS PIN,73390218,N,Y,42.2864182,-71.4096318
PAST SALE,,Condo/Co-op,139 Winter St #6,Framingham,MA,01702,266000,1,1.5,,566,,1897,,470,,,,,https://www.redfin.com/MA/Framingham/139-Winter-St-01702/unit-6/home/11643478,,,N,Y,42.29457,-71.4411693
PAST SALE,,Condo/Co-op,9 Weld St #6,Framingham,MA,01702,160000,1,1.5,,663,,1968,,241,,,,,https://www.redfin.com/MA/Framingham/9-Weld-St-01702/unit-6/home/11643925,,,N,Y,42.2677159,-71.4017148
PAST SALE,July-30-2025,Condo/Co-op,1500 Worcester Rd #517,Framingham,MA,01702,313000,1,1,Framingham,918,,1966,,341,588,Sold,,,https://www.redfin.com/MA/Framingham/1500-Worcester-Rd-01702/unit-517/home/11647431,MLS PIN,73394708,N,Y,42.2927837,-71.4615882
PAST SALE,December-11-2025,Townhouse,16 Clarks Hill Ln #16,Framingham,MA,01702,810000,3,2.5,Framingham,2082,,2016,,389,423,Sold,,,https://www.redfin.com/MA/Framingham/16-Clarks-Hill-Ln-01702/unit-16/home/199064911,MLS PIN,73454727,N,Y,42.2819882,-71.4041235
PAST SALE,October-29-2025,Single Family Residential,70 Loring Ave,Boxborough,MA,01719,810000,3,2.5,Boxborough Meadow,2745,6752,2002,,295,349,Sold,,,https://www.redfin.com/MA/Boxborough/70-Loring-Ave-01719/home/8441605,MLS PIN,73428583,N,Y,42.4801668,-71.5099254
PAST SALE,August-13-2025,Condo/Co-op,23 Spencer Rd Unit 20F,Boxborough,MA,01719,184000,1,1,Boxborough,760,,1973,,242,400,Sold,,,https://www.redfin.com/MA/Boxborough/23-Spencer-Rd-01719/unit-20F/home/8440697,MLS PIN,73412980,N,Y,42.49483,-71.542215
PAST SALE,October-29-2025,Single Family Residential,70 Loring Ave,Boxborough,MA,01719,810000,3,2.5,Boxborough Meadow,2745,6752,2002,,295,349,Sold,,,https://www.redfin.com/MA/Boxborough/70-Loring-Ave-01719/home/8441605,MLS PIN,73428583,N,Y,42.4801668,-71.5099254
PAST SALE,January-5-2026,Single Family Residential,62 Waite Rd,Boxborough,MA,01719,1121250,4,2.5,Boxborough,3058,48352,1975,,367,,Sold,,,https://www.redfin.com/MA/Boxborough/62-Waite-Rd-01719/home/8436874,MLS PIN,73463908,N,Y,42.5042623,-71.5043496
PAST SALE,August-13-2025,Condo/Co-op,23 Spencer Rd Unit 20F,Boxborough,MA,01719,184000,1,1,Boxborough,760,,1973,,242,400,Sold,,,https://www.redfin.com/MA/Boxborough/23-Spencer-Rd-01719/unit-20F/home/8440697,MLS PIN,73412980,N,Y,42.49483,-71.542215
PAST SALE,November-21-2025,Single Family Residential,628 Stow Rd,Boxborough,MA,01719,680000,3,1.5,Boxborough,2495,40075,1968,,273,,Sold,,,https://www.redfin.com/MA/Boxborough/628-Stow-Rd-01719/home/8437267,MLS PIN,73452466,N,Y,42.4670301,-71.5116293
PAST SALE,April-18-2025,Single Family Residential,71 Fifers Ln,Boxborough,MA,01719,1435000,4,3.5,Boxborough,4376,40075,1994,,328,,Sold,,,https://www.redfin.com/MA/Boxborough/71-Fifers-Ln-01719/home/8437157,MLS PIN,73353088,N,Y,42.4661639,-71.5136755
PAST SALE,,Condo/Co-op,53 Swanson Ct Unit 12C,Boxborough,MA,01719,220000,2,1,,830,,1973,,265,,,,,https://www.redfin.com/MA/Boxborough/53-Swanson-Ct-01719/unit-12C/home/8441256,,,N,Y,42.4930649,-71.5427706
PAST SALE,May-19-2025,Townhouse,1148 Hill Rd #1148,Boxborough,MA,01719,850000,2,2.5,Boxborough,2794,,2014,,304,556,Sold,,,https://www.redfin.com/MA/Boxborough/1148-Hill-Rd-01719/home/76490307,MLS PIN,73367667,N,Y,42.5071479,-71.5147011
PAST SALE,May-7-2025,Single Family Residential,115 Prospect St,Acton,MA,01720,640000,3,1,Acton,1220,19834,1955,,525,,Sold,,,https://www.redfin.com/MA/Acton/115-Prospect-St-01720/home/11368228,MLS PIN,73353663,N,Y,42.471571,-71.4584374
PAST SALE,September-2-2025,Single Family Residential,202 Newtown Rd,Acton,MA,01720,1100000,4,2.5,Acton,4533,80000,1986,,243,,Sold,,,https://www.redfin.com/MA/Acton/202-Newtown-Rd-01720/home/11355408,MLS PIN,73367757,N,Y,42.5005096,-71.4606651
PAST SALE,,Condo/Co-op,19 Railroad St Unit E1,Acton,MA,01720,400000,2,1.5,,952,,2006,,420,,,,,https://www.redfin.com/MA/Acton/19-Railroad-St-01720/unit-E1/home/12403486,,,N,Y,42.46082,-71.456638
PAST SALE,,Condo/Co-op,187 Great Rd Unit B2,Acton,MA,01720,270000,2,1.5,,785,,1971,,344,,,,,https://www.redfin.com/MA/Acton/187-Great-Rd-01720/unit-B2/home/11365518,,,N,Y,42.487651,-71.415974
PAST SALE,May-7-2025,Single Family Residential,115 Prospect St,Acton,MA,01720,640000,3,1,Acton,1220,19834,1955,,525,,Sold,,,https://www.redfin.com/MA/Acton/115-Prospect-St-01720/home/11368228,MLS PIN,73353663,N,Y,42.471571,-71.4584374
PAST SALE,September-2-2025,Single Family Residential,202 Newtown Rd,Acton,MA,01720,1100000,4,2.5,Acton,4533,80000,1986,,243,,Sold,,,https://www.redfin.com/MA/Acton/202-Newtown-Rd-01720/home/11355408,MLS PIN,73367757,N,Y,42.5005096,-71.4606651
PAST SALE,,Condo/Co-op,37 Hartland Way #75,Acton,MA,01720,630000,3,2.5,,2343,,2006,,269,,,,,https://www.redfin.com/MA/Acton/37-Hartland-Way-01720/unit-75/home/11379190,,,N,Y,42.5185804,-71.4076644
PAST SALE,,Condo/Co-op,187 Great Rd Unit B2,Acton,MA,01720,270000,2,1.5,,785,,1971,,344,,,,,https://www.redfin.com/MA/Acton/187-Great-Rd-01720/unit-B2/home/11365518,,,N,Y,42.487651,-71.415974
PAST SALE,,Condo/Co-op,19 Railroad St Unit E1,Acton,MA,01720,400000,2,1.5,,952,,2006,,420,,,,,https://www.redfin.com/MA/Acton/19-Railroad-St-01720/unit-E1/home/12403486,,,N,Y,42.46082,-71.456638
PAST SALE,,Condo/Co-op,20 Mirasol Cir #20,Acton,MA,01720,1115000,3,2.5,,1904,,2022,,586,,,,,https://www.redfin.com/MA/Acton/20-Mirasol-Cir-01720/unit-20/home/184155416,,,N,Y,42.5131862,-71.4137716
PAST SALE,December-8-2025,Condo/Co-op,428 Great Rd #10,Acton,MA,01720,165000,1,1,North Acton,530,,1968,,311,340,Sold,,,https://www.redfin.com/MA/Acton/428-Great-Rd-01720/unit-10/home/11353710,MLS PIN,73448399,N,Y,42.5109018,-71.4225305
PAST SALE,June-23-2025,Townhouse,296 Central St #296,Acton,MA,01720,887000,3,2.5,West Acton,2300,5445,2017,,386,125,Sold,,,https://www.redfin.com/MA/Acton/296-Central-St-01720/unit-296/home/11363415,MLS PIN,73391817,N,Y,42.4772344,-71.4751137
PAST SALE,,Condo/Co-op,71 School St #71,Acton,MA,01720,500000,2,2.5,,1221,,1870,,410,,,,,https://www.redfin.com/MA/Acton/71-School-St-01720/unit-71/home/11373300,,,N,Y,42.4608996,-71.4488256
PAST SALE,July-30-2025,Single Family Residential,8 Piper Rd,Acton,MA,01720,950000,3,2,Acton,2013,21780,1862,,472,,Sold,,,https://www.redfin.com/MA/Acton/8-Piper-Rd-01720/home/11373211,MLS PIN,73391366,N,Y,42.4621326,-71.4462307
PAST SALE,September-9-2025,Single Family Residential,18 Oakwood Rd,Acton,MA,01720,665500,3,1.5,Acton,1832,22638,1950,,363,,Sold,,,https://www.redfin.com/MA/Acton/18-Oakwood-Rd-01720/home/11369859,MLS PIN,73413446,N,Y,42.4675527,-71.4381692
PAST SALE,September-5-2025,Townhouse,263 America Blvd #263,Ashland,MA,01721,645000,2,2.5,Ashland,2142,,2011,,301,367,Sold,,,https://www.redfin.com/MA/Ashland/263-America-Blvd-01721/unit-263/home/77522323,MLS PIN,73397337,N,Y,42.256263,-71.447646
PAST SALE,November-19-2025,Single Family Residential,8 Cedar St,Ashland,MA,01721,661000,3,1,Ashland,1980,16553,1955,,334,,Sold,,,https://www.redfin.com/MA/Ashland/8-Cedar-St-01721/home/12456015,MLS PIN,73441802,N,Y,42.260306,-71.4372701
PAST SALE,February-9-2026,Single Family Residential,60 Frankland Rd,Ashland,MA,01721,495000,3,1.5,Ashland,1600,30492,1981,,309,,Sold,,,https://www.redfin.com/MA/Ashland/60-Frankland-Rd-01721/home/11360901,MLS PIN,73452308,N,Y,42.2459746,-71.4821239
PAST SALE,February-27-2025,Townhouse,429 Captain Eames Cir #429,Ashland,MA,01721,700000,2,2.5,Ashland,2209,,1999,,317,416,Sold,,,https://www.redfin.com/MA/Ashland/429-Captain-Eames-Cir-01721/unit-429/home/137806000,MLS PIN,73331893,N,Y,42.2518964,-71.4388687
PAST SALE,September-29-2025,Single Family Residential,12 Windsor Dr,Ashland,MA,01721,810000,3,3,Ashland,2128,14810,2009,,381,,Sold,,,https://www.redfin.com/MA/Ashland/12-Windsor-Dr-01721/home/21509332,MLS PIN,73403859,N,Y,42.2429187,-71.420786
PAST SALE,June-12-2025,Single Family Residential,28 Holly Ln,Ashland,MA,01721,824145,3,2,Ashland,2106,38333,2004,,391,,Sold,,,https://www.redfin.com/MA/Ashland/28-Holly-Ln-01721/home/11355950,MLS PIN,73367629,N,Y,42.2618075,-71.5046742
PAST SALE,June-4-2025,Single Family Residential,171 Cherry St,Ashland,MA,01721,600000,4,1.5,Ashland,1384,29621,1920,,434,,Sold,,,https://www.redfin.com/MA/Ashland/171-Cherry-St-01721/home/12456416,MLS PIN,73363777,N,Y,42.2563042,-71.4678345
PAST SALE,February-25-2025,Townhouse,221 Leland Farm Rd #221,Ashland,MA,01721,450000,2,1.5,Ashland,1516,,1981,,297,301,Sold,,,https://www.redfin.com/MA/Ashland/221-Leland-Farm-Rd-01721/unit-221/home/77500940,MLS PIN,73326851,N,Y,42.2375029,-71.4340052
PAST SALE,September-5-2025,Townhouse,263 America Blvd #263,Ashland,MA,01721,645000,2,2.5,Ashland,2142,,2011,,301,367,Sold,,,https://www.redfin.com/MA/Ashland/263-America-Blvd-01721/unit-263/home/77522323,MLS PIN,73397337,N,Y,42.256263,-71.447646
PAST SALE,November-19-2025,Single Family Residential,8 Cedar St,Ashland,MA,01721,661000,3,1,Ashland,1980,16553,1955,,334,,Sold,,,https://www.redfin.com/MA/Ashland/8-Cedar-St-01721/home/12456015,MLS PIN,73441802,N,Y,42.260306,-71.4372701
PAST SALE,May-22-2025,Single Family Residential,24 Woodridge Ln,Ashland,MA,01721,940000,4,3,Ashland,2520,33977,1985,,373,,Sold,,,https://www.redfin.com/MA/Ashland/24-Woodridge-Ln-01721/home/11353839,MLS PIN,73354434,N,Y,42.2748616,-71.4692584
PAST SALE,February-9-2026,Single Family Residential,60 Frankland Rd,Ashland,MA,01721,495000,3,1.5,Ashland,1600,30492,1981,,309,,Sold,,,https://www.redfin.com/MA/Ashland/60-Frankland-Rd-01721/home/11360901,MLS PIN,73452308,N,Y,42.2459746,-71.4821239
PAST SALE,February-19-2026,Multi-Family (2-4 Unit),50-52 Summer,Bedford,MA,01730,2200000,10,9,Bedford,7904,12197,2025,,278,,Sold,,,https://www.redfin.com/MA/Bedford/50-52-Summer-St-01730/home/196604603,MLS PIN,73475966,N,Y,42.4741684,-71.2654087
PAST SALE,February-19-2026,Multi-Family (2-4 Unit),50-52 Summer,Bedford,MA,01730,2200000,10,9,Bedford,7904,12197,2025,,278,,Sold,,,https://www.redfin.com/MA/Bedford/50-52-Summer-St-01730/home/196604603,MLS PIN,73475966,N,Y,42.4741684,-71.2654087
PAST SALE,,Condo/Co-op,15 Mickelson Ln #14,Bedford,MA,01730,789000,3,2,,1357,,2019,,581,,,,,https://www.redfin.com/MA/Bedford/15-Mickelson-Ln-01730/unit-14/home/168968171,,,N,Y,42.5006232,-71.2766417
PAST SALE,June-16-2025,Single Family Residential,118 Vaughn Hill Rd,Bolton,MA,01740,630000,3,2,Bolton,1828,44867,1972,,345,,Sold,,,https://www.redfin.com/MA/Bolton/118-Vaughn-Hill-Rd-01740/home/16476075,MLS PIN,73368697,N,Y,42.458584,-71.624088
PAST SALE,October-2-2025,Single Family Residential,2 Wheeler Rd,Bolton,MA,01740,715000,3,2.5,Bolton,2100,65340,1941,,340,,Sold,,,https://www.redfin.com/MA/Bolton/2-Wheeler-Rd-01740/home/16477165,MLS PIN,73406308,N,Y,42.4058847,-71.6037822
PAST SALE,October-3-2025,Single Family Residential,15 Woodside Dr,Bolton,MA,01740,790000,4,2.5,Bolton,2828,93523,1983,,279,,Sold,,,https://www.redfin.com/MA/Bolton/15-Woodside-Dr-01740/home/16476082,MLS PIN,73411721,N,Y,42.4621384,-71.6237858
PAST SALE,August-28-2025,Single Family Residential,429 School St,Carlisle,MA,01741,1660000,4,3.5,Carlisle,4754,328443,1984,,349,,Sold,,,https://www.redfin.com/MA/Carlisle/429-School-St-01741/home/8461958,MLS PIN,73412491,N,Y,42.5172249,-71.3512755
PAST SALE,,Condo/Co-op,319 Stearns St #53,Carlisle,MA,01741,800000,2,2.5,,1424,,1997,,562,,,,,https://www.redfin.com/MA/Carlisle/319-Stearns-St-01741/unit-53/home/8460054,,,N,Y,42.5156078,-71.341425
PAST SALE,July-15-2025,Single Family Residential,148 Rutland St,Carlisle,MA,01741,1100000,4,2.5,Carlisle,2606,87729,1956,,422,,Sold,,,https://www.redfin.com/MA/Carlisle/148-Rutland-St-01741/home/8467665,MLS PIN,73386569,N,Y,42.5439841,-71.3335252
PAST SALE,June-24-2025,Single Family Residential,709 Monument St,Concord,MA,01742,7900000,7,8.5,Concord,9443,228690,1903,,837,,Sold,,,https://www.redfin.com/MA/Concord/709-Monument-St-01742/home/40352770,MLS PIN,73390671,N,Y,42.4789728,-71.3459508
PAST SALE,February-13-2026,Townhouse,394 Plainfield Rd #394,Concord,MA,01742,935000,2,2,Concord,2200,23958,1816,,425,622,Sold,,,https://www.redfin.com/MA/Concord/394-Plainfield-Rd-01742/unit-394/home/77466569,MLS PIN,73476290,N,Y,42.4225283,-71.3797369
PAST SALE,June-24-2025,Single Family Residential,709 Monument St,Concord,MA,01742,7900000,7,8.5,Concord,9443,228690,1903,,837,,Sold,,,https://www.redfin.com/MA/Concord/709-Monument-St-01742/home/40352770,MLS PIN,73390671,N,Y,42.4789728,-71.3459508
PAST SALE,February-13-2026,Townhouse,394 Plainfield Rd #394,Concord,MA,01742,935000,2,2,Concord,2200,23958,1816,,425,622,Sold,,,https://www.redfin.com/MA/Concord/394-Plainfield-Rd-01742/unit-394/home/77466569,MLS PIN,73476290,N,Y,42.4225283,-71.3797369
PAST SALE,June-7-2025,Townhouse,5 Thornton Ln #5,Concord,MA,01742,1195000,3,3.5,Concord,2902,45738,1985,,412,1005,Sold,,,https://www.redfin.com/MA/Concord/5-Thornton-Ln-01742/unit-5/home/77474255,MLS PIN,73384277,N,Y,42.442379,-71.378956
PAST SALE,June-5-2025,Condo/Co-op,21-1 Concord Greene #1,Concord,MA,01742,725000,2,2,West Concord,1106,1107295,1977,,656,803,Sold,,,https://www.redfin.com/MA/Concord/21-Concord-Greene-01742/unit-1/home/11592453,MLS PIN,73361982,N,Y,42.457241,-71.384479
PAST SALE,February-13-2026,Single Family Residential,73 Ridge Rd,Concord,MA,01742,1985000,4,2.5,The Ridge,3197,21742,1968,,621,,Sold,,,https://www.redfin.com/MA/Concord/73-Ridge-Rd-01742/home/11594483,MLS PIN,73463808,N,Y,42.4600993,-71.3394132
PAST SALE,September-4-2025,Single Family Residential,535 Prentice St,Holliston,MA,01746,940000,3,2,Holliston,2124,652529,1978,,443,,Sold,,,https://www.redfin.com/MA/Holliston/535-Prentice-St-01746/home/11605511,MLS PIN,73406242,N,Y,42.2057302,-71.4694325
PAST SALE,October-30-2025,Single Family Residential,199 Mohawk Path,Holliston,MA,01746,1375000,4,2.5,Highlands at Holliston,4700,47045,2014,,293,,Sold,,,https://www.redfin.com/MA/Holliston/199-Mohawk-Path-01746/home/50266361,MLS PIN,73425806,N,Y,42.2342864,-71.4157146
PAST SALE,June-30-2025,Condo/Co-op,49 Windsor Dr #105,Holliston,MA,01746,293000,2,1,Holliston,851,,1970,,344,295,Sold,,,https://www.redfin.com/MA/Holliston/49-Windsor-Dr-01746/unit-105/home/11611986,MLS PIN,73360927,N,Y,42.2248708,-71.4260285
PAST SALE,May-28-2025,Single Family Residential,365 Highland St,Holliston,MA,01746,835000,4,2.5,Holliston,2617,40511,1999,,319,,Sold,,,https://www.redfin.com/MA/Holliston/365-Highland-St-01746/home/11611275,MLS PIN,73363157,N,Y,42.2206779,-71.453025
PAST SALE,January-9-2026,Single Family Residential,59 Turner Rd,Holliston,MA,01746,743800,3,2,Holliston,1960,22216,1956,,379,,Sold,,,https://www.redfin.com/MA/Holliston/59-Turner-Rd-01746/home/11614636,MLS PIN,73456212,N,Y,42.2296882,-71.4328883
PAST SALE,March-28-2025,Single Family Residential,192 Adams St,Holliston,MA,01746,855000,4,2,Holliston,2669,105851,1760,,320,,Sold,,,https://www.redfin.com/MA/Holliston/192-Adams-St-01746/home/11602943,MLS PIN,73328852,N,Y,42.1722492,-71.4826
PAST SALE,,Single Family Residential,301 Willowgate Rise,Holliston,MA,01746,1080000,4,2.5,,2572,192971,1986,,420,,,,,https://www.redfin.com/MA/Holliston/301-Willowgate-Rise-01746/home/11604901,,,N,Y,42.1872549,-71.4059293
PAST SALE,November-25-2025,Single Family Residential,148 Union St,Holliston,MA,01746,1150000,3,2.5,Holliston,2700,12347,2025,,426,,Sold,,,https://www.redfin.com/MA/Holliston/148-Union-St-01746/home/193946917,MLS PIN,73359053,N,Y,42.1955404,-71.4292494
PAST SALE,April-28-2025,Townhouse,14 Sawyer Cir #14,Holliston,MA,01746,732000,32,2.5,Holliston,1700,,2024,,431,190,Sold,,,https://www.redfin.com/MA/Holliston/14-Sawyer-Cir-01746/unit-14/home/195538004,MLS PIN,73365182,N,Y,42.2156486,-71.4205207
PAST SALE,April-23-2025,Single Family Residential,78 Chamberlain St,Holliston,MA,01746,1599900,4,4.5,Holliston,3841,50896,2024,,417,,Sold,,,https://www.redfin.com/MA/Holliston/78-Chamberlain-St-01746/home/185283110,MLS PIN,73356883,N,Y,42.1991668,-71.460558
PAST SALE,June-30-2025,Single Family Residential,1 Norfolk Ln,Holliston,MA,01746,1700000,4,3.5,"End of Norfolk Lane, last house on left",3346,108825,2004,,508,,Sold,,,https://www.redfin.com/MA/Holliston/1-Norfolk-Ln-01746/home/11604345,MLS PIN,73351271,N,Y,42.1841091,-71.4218215
PAST SALE,August-8-2025,Single Family Residential,2 Rich Rd,Holliston,MA,01746,692434,3,1.5,Holliston,1278,21780,1952,,542,,Sold,,,https://www.redfin.com/MA/Holliston/2-Rich-Rd-01746/home/11610214,MLS PIN,73396587,N,Y,42.1966393,-71.4117639
PAST SALE,July-30-2025,Single Family Residential,4 Roberta Cir,Holliston,MA,01746,625000,3,1.5,Holliston,1340,23522,1964,,466,,Sold,,,https://www.redfin.com/MA/Holliston/4-Roberta-Cir-01746/home/11610491,MLS PIN,73389809,N,Y,42.1895332,-71.4114003
PAST SALE,August-18-2025,Single Family Residential,143 Oak St,Holliston,MA,01746,650000,3,1,Holliston,1755,23958,1957,,370,,Sold,,,https://www.redfin.com/MA/Holliston/143-Oak-St-01746/home/11603913,MLS PIN,73402266,N,Y,42.1863698,-71.4489948
PAST SALE,December-19-2025,Single Family Residential,32 Colonial Way,Holliston,MA,01746,487500,3,1,Holliston,1098,23958,1958,,444,,Sold,,,https://www.redfin.com/MA/Holliston/32-Colonial-Way-01746/home/11612471,MLS PIN,73445930,N,Y,42.2231109,-71.430377
PAST SALE,May-16-2025,Single Family Residential,25 High St,Holliston,MA,01746,642000,3,2,Holliston,1584,13939,1900,,405,,Sold,,,https://www.redfin.com/MA/Holliston/25-High-St-01746/home/11613720,MLS PIN,73357780,N,Y,42.2142853,-71.421054
PAST SALE,October-30-2025,Single Family Residential,199 Mohawk Path,Holliston,MA,01746,1375000,4,2.5,Highlands at Holliston,4700,47045,2014,,293,,Sold,,,https://www.redfin.com/MA/Holliston/199-Mohawk-Path-01746/home/50266361,MLS PIN,73425806,N,Y,42.2342864,-71.4157146
PAST SALE,September-4-2025,Single Family Residential,535 Prentice St,Holliston,MA,01746,940000,3,2,Holliston,2124,652529,1978,,443,,Sold,,,https://www.redfin.com/MA/Holliston/535-Prentice-St-01746/home/11605511,MLS PIN,73406242,N,Y,42.2057302,-71.4694325
PAST SALE,June-30-2025,Condo/Co-op,49 Windsor Dr #105,Holliston,MA,01746,293000,2,1,Holliston,851,,1970,,344,295,Sold,,,https://www.redfin.com/MA/Holliston/49-Windsor-Dr-01746/unit-105/home/11611986,MLS PIN,73360927,N,Y,42.2248708,-71.4260285
PAST SALE,May-28-2025,Single Family Residential,365 Highland St,Holliston,MA,01746,835000,4,2.5,Holliston,2617,40511,1999,,319,,Sold,,,https://www.redfin.com/MA/Holliston/365-Highland-St-01746/home/11611275,MLS PIN,73363157,N,Y,42.2206779,-71.453025
PAST SALE,January-9-2026,Single Family Residential,59 Turner Rd,Holliston,MA,01746,743800,3,2,Holliston,1960,22216,1956,,379,,Sold,,,https://www.redfin.com/MA/Holliston/59-Turner-Rd-01746/home/11614636,MLS PIN,73456212,N,Y,42.2296882,-71.4328883
PAST SALE,March-28-2025,Single Family Residential,192 Adams St,Holliston,MA,01746,855000,4,2,Holliston,2669,105851,1760,,320,,Sold,,,https://www.redfin.com/MA/Holliston/192-Adams-St-01746/home/11602943,MLS PIN,73328852,N,Y,42.1722492,-71.4826
PAST SALE,April-23-2025,Single Family Residential,78 Chamberlain St,Holliston,MA,01746,1599900,4,4.5,Holliston,3841,50896,2024,,417,,Sold,,,https://www.redfin.com/MA/Holliston/78-Chamberlain-St-01746/home/185283110,MLS PIN,73356883,N,Y,42.1991668,-71.460558
PAST SALE,,Single Family Residential,301 Willowgate Rise,Holliston,MA,01746,1080000,4,2.5,,2572,192971,1986,,420,,,,,https://www.redfin.com/MA/Holliston/301-Willowgate-Rise-01746/home/11604901,,,N,Y,42.1872549,-71.4059293
PAST SALE,November-25-2025,Single Family Residential,148 Union St,Holliston,MA,01746,1150000,3,2.5,Holliston,2700,12347,2025,,426,,Sold,,,https://www.redfin.com/MA/Holliston/148-Union-St-01746/home/193946917,MLS PIN,73359053,N,Y,42.1955404,-71.4292494
PAST SALE,April-28-2025,Townhouse,14 Sawyer Cir #14,Holliston,MA,01746,732000,32,2.5,Holliston,1700,,2024,,431,190,Sold,,,https://www.redfin.com/MA/Holliston/14-Sawyer-Cir-01746/unit-14/home/195538004,MLS PIN,73365182,N,Y,42.2156486,-71.4205207
PAST SALE,June-30-2025,Single Family Residential,1 Norfolk Ln,Holliston,MA,01746,1700000,4,3.5,"End of Norfolk Lane, last house on left",3346,108825,2004,,508,,Sold,,,https://www.redfin.com/MA/Holliston/1-Norfolk-Ln-01746/home/11604345,MLS PIN,73351271,N,Y,42.1841091,-71.4218215
PAST SALE,June-27-2025,Multi-Family (2-4 Unit),312-312A S Main St,Hopedale,MA,01747,700000,4,3,Hopedale,2758,19998,1949,,254,,Sold,,,https://www.redfin.com/MA/Hopedale/312-312A-S-Main-St-01747/home/195601626,MLS PIN,73369467,N,Y,42.1106104,-71.5072021
PAST SALE,May-19-2025,Single Family Residential,229 S Main St,Hopedale,MA,01747,500000,3,1,Hopedale,1334,76796,1950,,375,,Sold,,,https://www.redfin.com/MA/Hopedale/229-S-Main-St-01747/home/16524453,MLS PIN,73359161,N,Y,42.1179268,-71.5125575
PAST SALE,May-29-2025,Single Family Residential,29 Hammond Rd,Hopedale,MA,01747,715000,4,2.5,Hopedale,2886,21893,1986,,248,,Sold,,,https://www.redfin.com/MA/Hopedale/29-Hammond-Rd-01747/home/16524804,MLS PIN,73357936,N,Y,42.124956,-71.5456153
PAST SALE,September-8-2025,Townhouse,142 Laurelwood Dr #142,Hopedale,MA,01747,425000,2,1.5,Hopedale,1620,,1985,,262,445,Sold,,,https://www.redfin.com/MA/Hopedale/142-Laurelwood-Dr-01747/unit-142/home/77522027,MLS PIN,73393300,N,Y,42.1151771,-71.5326164
PAST SALE,August-11-2025,Condo/Co-op,192 Laurelwood Dr #192,Hopedale,MA,01747,430000,2,2,Hopedale,1276,,1986,,337,445,Sold,,,https://www.redfin.com/MA/Hopedale/192-Laurelwood-Dr-01747/unit-192/home/196284422,MLS PIN,73400669,N,Y,42.1148368,-71.5318492
PAST SALE,May-19-2025,Single Family Residential,229 S Main St,Hopedale,MA,01747,500000,3,1,Hopedale,1334,76796,1950,,375,,Sold,,,https://www.redfin.com/MA/Hopedale/229-S-Main-St-01747/home/16524453,MLS PIN,73359161,N,Y,42.1179268,-71.5125575
PAST SALE,July-1-2025,Single Family Residential,3 Emerson Way,Hopkinton,MA,01748,1280000,4,3,Emerson Woods,4766,53095,2001,,269,,Sold,,,https://www.redfin.com/MA/Hopkinton/3-Emerson-Way-01748/home/8536718,MLS PIN,73374572,N,Y,42.2210818,-71.4691044
PAST SALE,August-26-2025,Single Family Residential,39 Blueberry Ln,Hopkinton,MA,01748,1185000,4,2.5,Hopkinton,3000,50765,1993,,395,,Sold,,,https://www.redfin.com/MA/Hopkinton/39-Blueberry-Ln-01748/home/8559518,MLS PIN,73396377,N,Y,42.2191136,-71.5097822
PAST SALE,June-9-2025,Condo/Co-op,16 Waterville Ln #16,Hopkinton,MA,01748,929000,2,2.5,Hopkinton,2354,,2025,,395,476,Sold,,,https://www.redfin.com/MA/Hopkinton/16-Waterville-Ln-01748/unit-16/home/196188411,MLS PIN,73396778,N,Y,42.2513322,-71.509774
PAST SALE,July-1-2025,Condo/Co-op,18 Waterville Ln #18,Hopkinton,MA,01748,989000,2,2.5,Hopkinton,2274,,2024,,435,476,Sold,,,https://www.redfin.com/MA/Hopkinton/18-Waterville-Ln-01748/unit-18/home/190192197,MLS PIN,73349296,N,Y,42.2516686,-71.5096307
PAST SALE,August-15-2025,Condo/Co-op,8 Waterville Ln #8,Hopkinton,MA,01748,1049000,2,2.5,Hopkinton,2510,,2025,,418,476,Sold,,,https://www.redfin.com/MA/Hopkinton/8-Waterville-Ln-01748/unit-8/home/191875866,MLS PIN,73413186,N,Y,42.2511986,-71.5094607
PAST SALE,July-9-2025,Condo/Co-op,22 Waterville Ln #22,Hopkinton,MA,01748,989000,2,2.5,Hopkinton,2274,,2025,,435,476,Sold,,,https://www.redfin.com/MA/Hopkinton/22-Waterville-Ln-01748/unit-22/home/190286762,MLS PIN,73413178,N,Y,42.2519486,-71.5098307
PAST SALE,June-12-2025,Condo/Co-op,20 Waterville Ln #20,Hopkinton,MA,01748,1049000,2,2.5,Hopkinton,2510,,2025,,418,476,Sold,,,https://www.redfin.com/MA/Hopkinton/20-Waterville-Ln-01748/unit-20/home/196167293,MLS PIN,73395415,N,Y,42.2516686,-71.5096307
PAST SALE,May-2-2025,Single Family Residential,3 Briarcliff Dr,Hopkinton,MA,01748,775000,3,2.5,Hopkinton,1622,30610,1972,,478,,Sold,,,https://www.redfin.com/MA/Hopkinton/3-Briarcliff-Dr-01748/home/8559959,MLS PIN,73357229,N,Y,42.2094052,-71.5080901
PAST SALE,April-30-2025,Townhouse,6 Teaberry Ln #6,Hopkinton,MA,01748,1110000,3,2.5,Hopkinton,2350,,2016,,472,270,Sold,,,https://www.redfin.com/MA/Hopkinton/6-Teaberry-Ln-01748/unit-6/home/194832019,MLS PIN,73337719,N,Y,42.231422,-71.4909132
PAST SALE,October-8-2025,Townhouse,20 Davenport Ln #20,Hopkinton,MA,01748,1155000,2,3.5,Hopkinton,3491,,2016,,331,671,Sold,,,https://www.redfin.com/MA/Hopkinton/20-Davenport-Ln-01748/unit-20/home/195971302,MLS PIN,73383825,N,Y,42.2042532,-71.5065966
PAST SALE,August-8-2025,Condo/Co-op,31 Waterville Ln #31,Hopkinton,MA,01748,1149000,2,2.5,Hopkinton,2510,,2025,,458,532,Sold,,,https://www.redfin.com/MA/Hopkinton/31-Waterville-LN-01748/unit-31/home/196798308,MLS PIN,73413139,N,Y,42.273175,-71.673509
PAST SALE,April-18-2025,Townhouse,15 Weybridge Ln #15,Hopkinton,MA,01748,587000,2,1.5,Hopkinton,1626,,1987,,361,548,Sold,,,https://www.redfin.com/MA/Hopkinton/15-Weybridge-Ln-01748/unit-15/home/77519421,MLS PIN,73344350,N,Y,42.2215598,-71.5414423
PAST SALE,July-1-2025,Single Family Residential,3 Emerson Way,Hopkinton,MA,01748,1280000,4,3,Emerson Woods,4766,53095,2001,,269,,Sold,,,https://www.redfin.com/MA/Hopkinton/3-Emerson-Way-01748/home/8536718,MLS PIN,73374572,N,Y,42.2210818,-71.4691044
PAST SALE,August-26-2025,Single Family Residential,39 Blueberry Ln,Hopkinton,MA,01748,1185000,4,2.5,Hopkinton,3000,50765,1993,,395,,Sold,,,https://www.redfin.com/MA/Hopkinton/39-Blueberry-Ln-01748/home/8559518,MLS PIN,73396377,N,Y,42.2191136,-71.5097822
PAST SALE,July-9-2025,Single Family Residential,49 Elm St,Hopkinton,MA,01748,630000,3,1,Hopkinton,1568,15838,1955,,402,,Sold,,,https://www.redfin.com/MA/Hopkinton/49-Elm-St-01748/home/8556763,MLS PIN,73354301,N,Y,42.2199776,-71.5398881
PAST SALE,November-7-2025,Single Family Residential,6 Fruit St,Hopkinton,MA,01748,850000,4,1.5,Woodville,2251,41761,1987,,378,,Sold,,,https://www.redfin.com/MA/Hopkinton/6-Fruit-St-01748/home/8540829,MLS PIN,73389885,N,Y,42.2425198,-71.5699051
PAST SALE,August-15-2025,Condo/Co-op,8 Waterville Ln #8,Hopkinton,MA,01748,1049000,2,2.5,Hopkinton,2510,,2025,,418,476,Sold,,,https://www.redfin.com/MA/Hopkinton/8-Waterville-Ln-01748/unit-8/home/191875866,MLS PIN,73413186,N,Y,42.2511986,-71.5094607
PAST SALE,June-12-2025,Condo/Co-op,20 Waterville Ln #20,Hopkinton,MA,01748,1049000,2,2.5,Hopkinton,2510,,2025,,418,476,Sold,,,https://www.redfin.com/MA/Hopkinton/20-Waterville-Ln-01748/unit-20/home/196167293,MLS PIN,73395415,N,Y,42.2516686,-71.5096307
PAST SALE,March-21-2025,Single Family Residential,7 Honeybee Pass,Hopkinton,MA,01748,1910000,4,5.5,Turkey Ridge Estates,5069,43522,2025,,377,,Sold,,,https://www.redfin.com/MA/Hopkinton/7-Honeybee-Pass-01748/home/189641773,MLS PIN,73346594,N,Y,42.2640286,-71.5325607
PAST SALE,,Condo/Co-op,14 Weybridge Ln,Hopkinton,MA,01748,565000,2,1.5,,1112,,1987,,508,,,,,https://www.redfin.com/MA/Hopkinton/14-Weybridge-Ln-01748/home/8557315,,,N,Y,42.2215586,-71.5413707
PAST SALE,,Condo/Co-op,15 Weybridge Ln Unit 26C,Hopkinton,MA,01748,587000,2,1.5,,1112,,1987,,528,,,,,https://www.redfin.com/MA/Hopkinton/15-Weybridge-Ln-01748/unit-26C/home/11604789,,,N,Y,42.2215172,-71.5413742
PAST SALE,June-9-2025,Condo/Co-op,16 Waterville Ln #16,Hopkinton,MA,01748,929000,2,2.5,Hopkinton,2354,,2025,,395,476,Sold,,,https://www.redfin.com/MA/Hopkinton/16-Waterville-Ln-01748/unit-16/home/196188411,MLS PIN,73396778,N,Y,42.2513322,-71.509774
PAST SALE,July-1-2025,Condo/Co-op,18 Waterville Ln #18,Hopkinton,MA,01748,989000,2,2.5,Hopkinton,2274,,2024,,435,476,Sold,,,https://www.redfin.com/MA/Hopkinton/18-Waterville-Ln-01748/unit-18/home/190192197,MLS PIN,73349296,N,Y,42.2516686,-71.5096307
PAST SALE,,Condo/Co-op,5 Nazneen Cir Unit C,Hopkinton,MA,01748,1010000,3,3.5,,4100,,2010,,246,,,,,https://www.redfin.com/MA/Hopkinton/5-Nazneen-Cir-01748/unit-C/home/18585525,,,N,Y,42.1964428,-71.5698342
PAST SALE,July-9-2025,Condo/Co-op,22 Waterville Ln #22,Hopkinton,MA,01748,989000,2,2.5,Hopkinton,2274,,2025,,435,476,Sold,,,https://www.redfin.com/MA/Hopkinton/22-Waterville-Ln-01748/unit-22/home/190286762,MLS PIN,73413178,N,Y,42.2519486,-71.5098307
PAST SALE,May-2-2025,Single Family Residential,3 Briarcliff Dr,Hopkinton,MA,01748,775000,3,2.5,Hopkinton,1622,30610,1972,,478,,Sold,,,https://www.redfin.com/MA/Hopkinton/3-Briarcliff-Dr-01748/home/8559959,MLS PIN,73357229,N,Y,42.2094052,-71.5080901
PAST SALE,October-14-2025,Single Family Residential,11 Whirty Cir,Hopkinton,MA,01748,1520000,5,3.5,Hopkinton,4503,75742,1999,,338,,Sold,,,https://www.redfin.com/MA/Hopkinton/11-Whirty-Cir-01748/home/8536919,MLS PIN,73426725,N,Y,42.1953125,-71.5267015
PAST SALE,April-30-2025,Townhouse,6 Teaberry Ln #6,Hopkinton,MA,01748,1110000,3,2.5,Hopkinton,2350,,2016,,472,270,Sold,,,https://www.redfin.com/MA/Hopkinton/6-Teaberry-Ln-01748/unit-6/home/194832019,MLS PIN,73337719,N,Y,42.231422,-71.4909132
PAST SALE,April-30-2025,Single Family Residential,58 Elm St,Hopkinton,MA,01748,725000,4,2,Hopkinton,1701,14157,1930,,426,,Sold,,,https://www.redfin.com/MA/Hopkinton/58-Elm-St-01748/home/8547632,MLS PIN,73342516,N,Y,42.2191404,-71.5409228
PAST SALE,October-14-2025,Townhouse,48 Deer Path #48,Hudson,MA,01749,715000,2,2.5,Hudson,2863,,2002,,250,342,Sold,,,https://www.redfin.com/MA/Hudson/48-Deer-Path-01749/unit-48/home/11403107,MLS PIN,73400068,N,Y,42.3774986,-71.5847907
PAST SALE,December-11-2025,Single Family Residential,10 Town Line Rd #5,Hudson,MA,01749,1911534,4,5.5,Lakemont,4211,36418,2025,,454,150,Sold,,,https://www.redfin.com/MA/Hudson/10-Town-Line-Rd-01749/unit-5/home/194462426,MLS PIN,73329609,N,Y,42.3952096,-71.489206
PAST SALE,,Other,23 Barnes Blvd #26,Hudson,MA,01749,1125000,,,,,,,,,,,,,https://www.redfin.com/MA/Hudson/23-Barnes-Blvd-01749/unit-26/home/181857051,,,N,Y,42.3847886,-71.5141507
PAST SALE,March-21-2025,Condo/Co-op,37 Barnes Blvd #7,Hudson,MA,01749,1004098,2,2,Hudson,2150,,2023,,467,600,Sold,,,https://www.redfin.com/MA/Hudson/37-Barnes-Blvd-01749/unit-7/home/189740538,MLS PIN,73202398,N,Y,42.3830186,-71.5143507
PAST SALE,December-22-2025,Single Family Residential,130 Hudson St,Marlborough,MA,01752,530000,3,2,Marlborough,1483,9530,1890,,357,,Sold,,,https://www.redfin.com/MA/Marlborough/130-Hudson-St-01752/home/11631890,MLS PIN,73457918,N,Y,42.353942,-71.5570273
PAST SALE,July-29-2025,Single Family Residential,85 Huntington Ave,Marlborough,MA,01752,435000,3,1,Marlborough,1125,3947,1890,,387,,Sold,,,https://www.redfin.com/MA/Marlborough/85-Huntington-Ave-01752/home/11632199,MLS PIN,73399428,N,Y,42.3507813,-71.5510235
PAST SALE,May-30-2025,Single Family Residential,160 Worster Dr,Marlborough,MA,01752,875000,4,2.5,Marlborough,3050,12517,1999,,287,,Sold,,,https://www.redfin.com/MA/Marlborough/160-Worster-Dr-01752/home/11616717,MLS PIN,73356902,N,Y,42.3657586,-71.5405179
PAST SALE,August-25-2025,Single Family Residential,80 Tremont St,Marlborough,MA,01752,589000,4,1.5,Marlborough,1801,7050,1880,,327,,Sold,,,https://www.redfin.com/MA/Marlborough/80-Tremont-St-01752/home/11632224,MLS PIN,73405274,N,Y,42.3503985,-71.5502462
PAST SALE,December-17-2025,Single Family Residential,36 Whitelock Dr,Marlborough,MA,01752,575000,3,2,Marlborough,1436,10346,1959,,400,,Sold,,,https://www.redfin.com/MA/Marlborough/36-Whitelock-Dr-01752/home/11625728,MLS PIN,73453866,N,Y,42.342087,-71.528254
PAST SALE,August-29-2025,Condo/Co-op,275 W Main St #21,Marlborough,MA,01752,265000,2,1,Marlborough,909,,2014,,292,558,Sold,,,https://www.redfin.com/MA/Marlborough/275-W-Main-St-01752/unit-21/home/11645034,MLS PIN,73386066,N,Y,42.3399774,-71.5615595
PAST SALE,,Condo/Co-op,202 Elm St #202,Marlborough,MA,01752,370000,2,1.5,,1256,,1988,,295,,,,,https://www.redfin.com/MA/Marlborough/202-Elm-St-01752/unit-202/home/11645933,,,N,Y,42.3469459,-71.5663871
PAST SALE,June-18-2025,Condo/Co-op,18 Lilac Cir #18,Marlborough,MA,01752,652500,3,2.5,Marlborough,1784,,2010,,366,51,Sold,,,https://www.redfin.com/MA/Marlborough/18-Lilac-Cir-01752/unit-18/home/179692801,MLS PIN,73445999,N,Y,42.3444539,-71.4992486
PAST SALE,,Condo/Co-op,302 Boston Post Rd E Unit A18,Marlborough,MA,01752,195000,1,1,,675,,1970,,289,,,,,https://www.redfin.com/MA/Marlborough/302-Boston-Post-Rd-E-01752/unit-A18/home/11642846,,,N,Y,42.350014,-71.518311
PAST SALE,September-9-2025,Condo/Co-op,149 Dicenzo Blvd,Marlborough,MA,01752,345900,2,2,Marlborough,1359,,1995,,255,35,Sold,,,https://www.redfin.com/MA/Marlborough/149-Dicenzo-Blvd-01752/unit-C260/home/45069026,RIS,1394733,N,Y,42.3451857,-71.5012952
PAST SALE,February-25-2025,Single Family Residential,66 Nolan Way,Marlborough,MA,01752,949900,3,2.5,Marlborough,2196,15649,2013,,433,,Sold,,,https://www.redfin.com/MA/Marlborough/66-Nolan-Way-01752/home/55159628,MLS PIN,73332032,N,Y,42.3472209,-71.5302876
PAST SALE,September-9-2025,Condo/Co-op,149 Dicenzo Blvd #149,Marlborough,MA,01752,345900,2,2,Marlborough,1359,,1995,,255,35,Sold,,,https://www.redfin.com/MA/Marlborough/149-Dicenzo-Blvd-01752/unit-149/home/11644295,MLS PIN,73427960,N,Y,42.3464565,-71.5027083
PAST SALE,January-6-2026,Multi-Family (2-4 Unit),87 E Main St,Marlborough,MA,01752,480000,4,2.5,Marlborough,3126,,1890,,154,,Sold,,,https://www.redfin.com/MA/Marlborough/87-E-Main-St-01752/home/11623482,MLS PIN,73459451,N,Y,42.3498058,-71.5411309
PAST SALE,May-16-2025,Multi-Family (2-4 Unit),10 Charles St,Marlborough,MA,01752,725000,4,2,Marlborough,2128,8436,1880,,341,,Sold,,,https://www.redfin.com/MA/Marlborough/10-Charles-St-01752/home/11625456,MLS PIN,73354032,N,Y,42.3424316,-71.5566667
PAST SALE,,Single Family Residential,147 W Main St,Marlborough,MA,01752,190000,4,1,,1406,3485,1850,,135,,,,,https://www.redfin.com/MA/Marlborough/147-W-Main-St-01752/home/11635778,,,N,Y,42.3436137,-71.5584757
PAST SALE,,Condo/Co-op,624 Boston Post Rd E #5,Marlborough,MA,01752,205000,1,1,,714,,1964,,287,,,,,https://www.redfin.com/MA/Marlborough/624-Boston-Post-Rd-E-01752/unit-5/home/11643243,,,N,Y,42.3501186,-71.5059207
PAST SALE,September-16-2025,Condo/Co-op,272 Lincoln St #202,Marlborough,MA,01752,545000,2,2.5,Marlborough,1250,,2025,,436,454,Sold,,,https://www.redfin.com/MA/Marlborough/272-Lincoln-St-01752/unit-202/home/193785686,MLS PIN,73317652,N,Y,42.348747,-71.5526474
PAST SALE,June-25-2025,Single Family Residential,1 Prospect St,Maynard,MA,01754,440000,2,2,Maynard,960,1873,1880,,458,,Sold,,,https://www.redfin.com/MA/Maynard/1-Prospect-St-01754/home/11406566,MLS PIN,73376030,N,Y,42.4355275,-71.4516231
PAST SALE,June-25-2025,Single Family Residential,1 Prospect St,Maynard,MA,01754,440000,2,2,Maynard,960,1873,1880,,458,,Sold,,,https://www.redfin.com/MA/Maynard/1-Prospect-St-01754/home/11406566,MLS PIN,73376030,N,Y,42.4355275,-71.4516231
PAST SALE,December-9-2025,Single Family Residential,47 Summer Hill Rd,Maynard,MA,01754,575000,3,1.5,Maynard,1444,15507,1965,,398,,Sold,,,https://www.redfin.com/MA/Maynard/47-Summer-Hill-Rd-01754/home/11408128,MLS PIN,73446386,N,Y,42.4320106,-71.463917
PAST SALE,January-21-2026,Single Family Residential,22 Washington St,Mendon,MA,01756,700000,3,2.5,Mendon,1910,65513,2017,,366,,Sold,,,https://www.redfin.com/MA/Mendon/22-Washington-St-01756/home/49743402,MLS PIN,73446418,N,Y,42.1072169,-71.5611983
PAST SALE,June-6-2025,Single Family Residential,13. Rawson Farm,Mendon,MA,01756,976157,4,2.5,Miscoe Springs,2751,88862,2024,,355,,Sold,,,https://www.redfin.com/MA/Mendon/13-Rawson-Farm-Rd-01756/home/186028826,MLS PIN,73302354,N,Y,42.123498,-71.589637
PAST SALE,May-20-2025,Single Family Residential,Lot 17 Rawson Farm,Mendon,MA,01756,1121741,4,2.5,Miscoe Springs,3174,96007,2025,,353,,Sold,,,https://www.redfin.com/MA/Mendon/17-Rawson-Farm-Rd-01756/home/85687418,MLS PIN,73299359,N,Y,42.124324,-71.588414
PAST SALE,December-5-2025,Single Family Residential,16 North Ave,Mendon,MA,01756,450000,3,1,Mendon,1189,17729,1945,,378,,Sold,,,https://www.redfin.com/MA/Mendon/16-North-Ave-01756/home/16550483,MLS PIN,73449036,N,Y,42.110127,-71.556233
PAST SALE,June-30-2025,Single Family Residential,4 Leonard Rd,Mendon,MA,01756,1000000,4,3.5,Mendon,4154,112729,1999,,241,,Sold,,,https://www.redfin.com/MA/Mendon/4-Leonard-Rd-01756/home/16550720,MLS PIN,73383539,N,Y,42.1218416,-71.5764058
PAST SALE,November-18-2025,Townhouse,26 Zain Cir #26,Milford,MA,01757,525000,2,2.5,Milford,1477,,2008,,355,225,Sold,,,https://www.redfin.com/MA/Milford/26-Zain-Cir-01757/unit-26/home/40022381,MLS PIN,73443659,N,Y,42.1578702,-71.4810074
PAST SALE,December-29-2025,Single Family Residential,4 E Charles St,Milford,MA,01757,595000,3,2.5,Milford,2783,10799,2020,,214,,Sold,,,https://www.redfin.com/MA/Milford/4-E-Charles-St-01757/home/16555434,MLS PIN,73429417,N,Y,42.1546566,-71.5038279
PAST SALE,March-13-2025,Townhouse,18 Stallbrook Rd #18,Milford,MA,01757,470000,2,2.5,Milford,1645,,1988,,286,495,Sold,,,https://www.redfin.com/MA/Milford/18-Stall-Brook-Rd-01757/unit-18/home/183802776,MLS PIN,73328976,N,Y,42.1451802,-71.4970298
PAST SALE,August-7-2025,Single Family Residential,3 Panda Ct,Milford,MA,01757,674900,2,2.5,South Milford,2736,,2024,,247,250,Sold,,,https://www.redfin.com/MA/Milford/3-Panda-Ct-01757/home/196143346,MLS PIN,73394338,N,Y,42.1302299,-71.4938659
PAST SALE,June-27-2025,Townhouse,5 Governors Way Unit D,Milford,MA,01757,485000,2,2.5,Milford,1655,,2004,,293,491,Sold,,,https://www.redfin.com/MA/Milford/5-Governors-Way-01757/unit-D/home/16558108,MLS PIN,73367881,N,Y,42.16687276,-71.52239062
PAST SALE,March-5-2025,Single Family Residential,1 Northbrook Cir,Milford,MA,01757,578000,3,1.5,Milford,1717,10001,1973,,337,,Sold,,,https://www.redfin.com/MA/Milford/1-Northbrook-Cir-01757/home/16558285,MLS PIN,73328882,N,Y,42.180708,-71.537922
PAST SALE,June-12-2025,Single Family Residential,70 Camp St,Milford,MA,01757,835000,4,2.5,Milford,3762,47768,2000,,222,,Sold,,,https://www.redfin.com/MA/Milford/70-Camp-St-01757/home/16558880,MLS PIN,73356870,N,Y,42.1749115,-71.5542434
PAST SALE,February-27-2025,Single Family Residential,348 Main St,Milford,MA,01757,350000,2,1,Milford,842,7601,1880,,416,,Sold,,,https://www.redfin.com/MA/Milford/348-Main-St-01757/home/16551782,MLS PIN,73328155,N,Y,42.1333258,-71.5267355
PAST SALE,March-27-2025,Single Family Residential,18 West St,Milford,MA,01757,525000,4,1.5,Milford,2436,14000,1891,,216,,Sold,,,https://www.redfin.com/MA/Milford/18-West-St-01757/home/16552371,MLS PIN,73332627,N,Y,42.1404874,-71.5242965
PAST SALE,June-27-2025,Townhouse,105 Depot St Unit A,Milford,MA,01757,582900,3,2.5,Milford,1700,,2023,,343,,Sold,,,https://www.redfin.com/MA/Milford/105-Depot-St-01757/unit-A/home/185572969,MLS PIN,73376302,N,Y,42.1327264,-71.5164196
PAST SALE,November-18-2025,Single Family Residential,250 Congress St,Milford,MA,01757,725000,4,2.5,Milford,2842,32339,1984,,255,,Sold,,,https://www.redfin.com/MA/Milford/250-Congress-St-01757/home/16556820,MLS PIN,73447027,N,Y,42.165296,-71.5433008
PAST SALE,November-18-2025,Townhouse,26 Zain Cir #26,Milford,MA,01757,525000,2,2.5,Milford,1477,,2008,,355,225,Sold,,,https://www.redfin.com/MA/Milford/26-Zain-Cir-01757/unit-26/home/40022381,MLS PIN,73443659,N,Y,42.1578702,-71.4810074
PAST SALE,July-29-2025,Townhouse,25 Country Club Ln Unit B,Milford,MA,01757,435000,2,2.5,Milford,1564,,1985,,278,635,Sold,,,https://www.redfin.com/MA/Milford/25-Country-Club-Ln-01757/unit-B/home/172384153,MLS PIN,73374467,N,Y,42.1463644,-71.545799
PAST SALE,December-29-2025,Single Family Residential,4 E Charles St,Milford,MA,01757,595000,3,2.5,Milford,2783,10799,2020,,214,,Sold,,,https://www.redfin.com/MA/Milford/4-E-Charles-St-01757/home/16555434,MLS PIN,73429417,N,Y,42.1546566,-71.5038279
PAST SALE,March-13-2025,Townhouse,18 Stallbrook Rd #18,Milford,MA,01757,470000,2,2.5,Milford,1645,,1988,,286,495,Sold,,,https://www.redfin.com/MA/Milford/18-Stall-Brook-Rd-01757/unit-18/home/183802776,MLS PIN,73328976,N,Y,42.1451802,-71.4970298
PAST SALE,October-15-2025,Single Family Residential,7 Hancock St,Milford,MA,01757,550000,3,1.5,Milford,1784,10018,1970,,308,,Sold,,,https://www.redfin.com/MA/Milford/7-Hancock-St-01757/home/16554265,MLS PIN,73427754,N,Y,42.1455746,-71.5405187
PAST SALE,January-22-2026,Single Family Residential,15 Wyndemere Ln,Natick,MA,01760,2827399,5,4.5,WYNDEMERE SOUTH NATICK,6700,26032,2026,,422,125,Sold,,,https://www.redfin.com/MA/Natick/15-Wyndemere-Ln-01760/home/183824084,MLS PIN,73433424,N,Y,42.256511,-71.344854
PAST SALE,September-16-2025,Single Family Residential,15A Moccasin Path,Natick,MA,01760,2400000,5,5,Hamlet Estates,4170,40141,1998,,576,14,Sold,,,https://www.redfin.com/MA/Natick/15A-Moccasin-Path-01760/home/11669905,MLS PIN,73411252,N,Y,42.2743812,-71.3322609
PAST SALE,July-10-2025,Single Family Residential,215 Eliot St,Natick,MA,01760,2465000,4,4.5,South Natick,4726,57673,2017,,522,,Sold,,,https://www.redfin.com/MA/Natick/215-Eliot-St-01760/home/11673719,MLS PIN,73350667,N,Y,42.2599729,-71.3316584
PAST SALE,August-8-2025,Single Family Residential,4 Bear Hill Rd,Natick,MA,01760,1550000,4,3.5,Natick,3092,15002,1999,,501,,Sold,,,https://www.redfin.com/MA/Natick/4-Bear-Hill-Rd-01760/home/11647439,MLS PIN,73392713,N,Y,42.2718254,-71.3555077
PAST SALE,May-9-2025,Single Family Residential,6 Course Brook Ln,Natick,MA,01760,1425000,4,2.5,Natick,3212,63859,1995,,444,,Sold,,,https://www.redfin.com/MA/Natick/6-Course-Brook-Ln-01760/home/11680931,MLS PIN,73344660,N,Y,42.2707855,-71.3727535
PAST SALE,June-26-2025,Single Family Residential,2 Woodcock Path,Natick,MA,01760,1460000,4,2.5,Eliot Hill,3613,58806,1990,,404,,Sold,,,https://www.redfin.com/MA/Natick/2-Woodcock-Path-01760/home/11672488,MLS PIN,73360051,N,Y,42.2639603,-71.3364344
PAST SALE,May-5-2025,Condo/Co-op,48 Silver Hill Ln #20,Natick,MA,01760,334900,1,1,West Natick,759,,1989,,441,475,Sold,,,https://www.redfin.com/MA/Natick/48-Silver-Hill-Ln-01760/unit-20/home/11667571,MLS PIN,73361308,N,Y,42.2779151,-71.3844283
PAST SALE,October-24-2025,Single Family Residential,233 Speen St,Natick,MA,01760,680000,3,1.5,Natick,2111,13229,1954,,322,,Sold,,,https://www.redfin.com/MA/Natick/233-Speen-St-01760/home/11654058,MLS PIN,73429436,N,Y,42.2939718,-71.3765228
PAST SALE,July-2-2025,Condo/Co-op,2 Post Oak Ln #2,Natick,MA,01760,425000,2,2,Natick,925,,1989,,459,556,Sold,,,https://www.redfin.com/MA/Natick/2-Post-Oak-Ln-01760/unit-2/home/11678998,MLS PIN,73378161,N,Y,42.2777454,-71.3864356
PAST SALE,June-4-2025,Townhouse,7 Washington Ave Unit B,Natick,MA,01760,890000,3,2.5,Natick,2000,,2016,,445,300,Sold,,,https://www.redfin.com/MA/Natick/7-Washington-Ave-01760/unit-B/home/108468700,MLS PIN,73364501,N,Y,42.2840766,-71.3523113
PAST SALE,July-25-2025,Single Family Residential,133 Hartford St,Natick,MA,01760,785000,4,2,Natick,1870,10350,1949,,420,,Sold,,,https://www.redfin.com/MA/Natick/133-Hartford-St-01760/home/11658061,MLS PIN,73389185,N,Y,42.2916388,-71.3909528
PAST SALE,April-10-2025,Townhouse,17 Parker Ct #17,Natick,MA,01760,1080000,4,4,Natick,3758,,2007,,287,500,Sold,,,https://www.redfin.com/MA/Natick/17-Parker-Ct-01760/unit-7/home/12441100,MLS PIN,73331141,N,Y,42.2836721,-71.3547026
PAST SALE,,Single Family Residential,14 Reynolds Ave,Natick,MA,01760,575000,2,1,,971,7405,1910,,592,,,,,https://www.redfin.com/MA/Natick/14-Reynolds-Ave-01760/home/11668769,,,N,Y,42.2797779,-71.3546392
PAST SALE,,Condo/Co-op,44 Pond St #44,Natick,MA,01760,624900,3,2,,1542,,1870,,405,,,,,https://www.redfin.com/MA/Natick/44-Pond-St-01760/unit-44/home/28618569,,,N,Y,42.2819183,-71.3508291
PAST SALE,,Condo/Co-op,53 Village Brook Ln #4,Natick,MA,01760,275000,1,1,,778,,1987,,353,,,,,https://www.redfin.com/MA/Natick/53-Village-Brook-Ln-01760/unit-4/home/11677526,,,N,Y,42.2765326,-71.3928236
PAST SALE,,Condo/Co-op,10 Village Way #24,Natick,MA,01760,315000,1,1,,778,,1987,,405,,,,,https://www.redfin.com/MA/Natick/10-Village-Way-01760/unit-24/home/11677444,,,N,Y,42.2800311,-71.3901568
PAST SALE,May-5-2025,Condo/Co-op,48 Silver Hill Ln #20,Natick,MA,01760,334900,1,1,West Natick,759,,1989,,441,475,Sold,,,https://www.redfin.com/MA/Natick/48-Silver-Hill-Ln-01760/unit-20/home/11667571,MLS PIN,73361308,N,Y,42.2779151,-71.3844283
PAST SALE,October-24-2025,Single Family Residential,233 Speen St,Natick,MA,01760,680000,3,1.5,Natick,2111,13229,1954,,322,,Sold,,,https://www.redfin.com/MA/Natick/233-Speen-St-01760/home/11654058,MLS PIN,73429436,N,Y,42.2939718,-71.3765228
PAST SALE,July-2-2025,Condo/Co-op,2 Post Oak Ln #2,Natick,MA,01760,425000,2,2,Natick,925,,1989,,459,556,Sold,,,https://www.redfin.com/MA/Natick/2-Post-Oak-Ln-01760/unit-2/home/11678998,MLS PIN,73378161,N,Y,42.2777454,-71.3864356
PAST SALE,June-4-2025,Townhouse,7 Washington Ave Unit B,Natick,MA,01760,890000,3,2.5,Natick,2000,,2016,,445,300,Sold,,,https://www.redfin.com/MA/Natick/7-Washington-Ave-01760/unit-B/home/108468700,MLS PIN,73364501,N,Y,42.2840766,-71.3523113
PAST SALE,July-25-2025,Single Family Residential,133 Hartford St,Natick,MA,01760,785000,4,2,Natick,1870,10350,1949,,420,,Sold,,,https://www.redfin.com/MA/Natick/133-Hartford-St-01760/home/11658061,MLS PIN,73389185,N,Y,42.2916388,-71.3909528
PAST SALE,April-10-2025,Townhouse,17 Parker Ct #17,Natick,MA,01760,1080000,4,4,Natick,3758,,2007,,287,500,Sold,,,https://www.redfin.com/MA/Natick/17-Parker-Ct-01760/unit-7/home/12441100,MLS PIN,73331141,N,Y,42.2836721,-71.3547026
PAST SALE,,Condo/Co-op,53 Village Brook Ln #4,Natick,MA,01760,275000,1,1,,778,,1987,,353,,,,,https://www.redfin.com/MA/Natick/53-Village-Brook-Ln-01760/unit-4/home/11677526,,,N,Y,42.2765326,-71.3928236
PAST SALE,,Condo/Co-op,10 Village Way #24,Natick,MA,01760,315000,1,1,,778,,1987,,405,,,,,https://www.redfin.com/MA/Natick/10-Village-Way-01760/unit-24/home/11677444,,,N,Y,42.2800311,-71.3901568
PAST SALE,,Single Family Residential,14 Reynolds Ave,Natick,MA,01760,575000,2,1,,971,7405,1910,,592,,,,,https://www.redfin.com/MA/Natick/14-Reynolds-Ave-01760/home/11668769,,,N,Y,42.2797779,-71.3546392
PAST SALE,January-22-2026,Single Family Residential,15 Wyndemere Ln,Natick,MA,01760,2827399,5,4.5,WYNDEMERE SOUTH NATICK,6700,26032,2026,,422,125,Sold,,,https://www.redfin.com/MA/Natick/15-Wyndemere-Ln-01760/home/183824084,MLS PIN,73433424,N,Y,42.256511,-71.344854
PAST SALE,,Condo/Co-op,44 Pond St #44,Natick,MA,01760,624900,3,2,,1542,,1870,,405,,,,,https://www.redfin.com/MA/Natick/44-Pond-St-01760/unit-44/home/28618569,,,N,Y,42.2819183,-71.3508291
PAST SALE,,Condo/Co-op,11 Curve St,Natick,MA,01760,875000,3,2.5,,1800,,2010,,486,,,,,https://www.redfin.com/MA/Natick/11-Curve-St-01760/home/11668929,,,N,Y,42.277518,-71.3515212
PAST SALE,February-6-2026,Single Family Residential,17 Harvard St,Natick,MA,01760,650000,3,3,Natick,1098,4674,1989,,592,,Sold,,,https://www.redfin.com/MA/Natick/17-Harvard-St-01760/home/11676754,MLS PIN,73465200,N,Y,42.2875875,-71.344941
PAST SALE,June-26-2025,Single Family Residential,133 Bacon St,Natick,MA,01760,1100000,4,2.5,Natick,2023,43560,1901,,544,,Sold,,,https://www.redfin.com/MA/Natick/133-Bacon-St-01760/home/11655806,MLS PIN,73378073,N,Y,42.293801,-71.3407394
PAST SALE,December-12-2025,Single Family Residential,22 Fox Hill Dr,Natick,MA,01760,1450000,3,3,Natick,2888,19998,1960,,502,,Sold,,,https://www.redfin.com/MA/Natick/22-Fox-Hill-Dr-01760/home/11648865,MLS PIN,73430389,N,Y,42.3150944,-71.3283502
PAST SALE,September-16-2025,Single Family Residential,15A Moccasin Path,Natick,MA,01760,2400000,5,5,Hamlet Estates,4170,40141,1998,,576,14,Sold,,,https://www.redfin.com/MA/Natick/15A-Moccasin-Path-01760/home/11669905,MLS PIN,73411252,N,Y,42.2743812,-71.3322609
PAST SALE,June-30-2025,Townhouse,27 Union St #27,Natick,MA,01760,580000,3,2,Natick,1470,11927,1900,,395,333,Sold,,,https://www.redfin.com/MA/Natick/27-Union-St-01760/unit-27/home/189405187,MLS PIN,73389060,N,Y,42.2834286,-71.3377506
PAST SALE,May-2-2025,Multi-Family (2-4 Unit),4 Harrison St,Natick,MA,01760,850000,7,3,Natick,2459,4691,1860,,346,,Sold,,,https://www.redfin.com/MA/Natick/4-Harrison-St-01760/home/11664075,MLS PIN,73346177,N,Y,42.2855957,-71.3516728
PAST SALE,July-10-2025,Single Family Residential,215 Eliot St,Natick,MA,01760,2465000,4,4.5,South Natick,4726,57673,2017,,522,,Sold,,,https://www.redfin.com/MA/Natick/215-Eliot-St-01760/home/11673719,MLS PIN,73350667,N,Y,42.2599729,-71.3316584
PAST SALE,February-19-2026,Townhouse,38 Washington St #38,Natick,MA,01760,799000,3,2.5,Natick,1683,,2002,,475,325,Sold,,,https://www.redfin.com/MA/Natick/38-Washington-St-01760/unit-38/home/200165198,MLS PIN,73471169,N,Y,42.2864712,-71.3469146
PAST SALE,October-15-2025,Single Family Residential,8 Vernon Rd,Natick,MA,01760,615000,3,1,West Natick,1165,13229,1949,,528,,Sold,,,https://www.redfin.com/MA/Natick/8-Vernon-Rd-01760/home/11657723,MLS PIN,73424138,N,Y,42.2893667,-71.3874233
PAST SALE,July-23-2025,Single Family Residential,25 Cider Hill Ln,Sherborn,MA,01770,1650000,4,3.5,Sherborn,4955,63597,1993,,333,,Sold,,,https://www.redfin.com/MA/Sherborn/25-Cider-Hill-Ln-01770/home/8679548,MLS PIN,73370024,N,Y,42.2234182,-71.358268
PAST SALE,September-22-2025,Single Family Residential,206 Cordaville Rd,Southborough,MA,01772,770000,4,2.5,Southborough,2300,48352,1963,,335,,Sold,,,https://www.redfin.com/MA/Southborough/206-Cordaville-Rd-01772/home/16600074,MLS PIN,73386087,N,Y,42.2809396,-71.524985
PAST SALE,August-22-2025,Condo/Co-op,8 Fiddle Neck Ln #8,Southborough,MA,01772,495000,2,1.5,Southborough,1109,,2003,,446,325,Sold,,,https://www.redfin.com/MA/Southborough/8-Fiddle-Neck-Ln-01772/unit-8/home/77500073,MLS PIN,73345216,N,Y,42.2689151,-71.5419091
PAST SALE,September-22-2025,Single Family Residential,206 Cordaville Rd,Southborough,MA,01772,770000,4,2.5,Southborough,2300,48352,1963,,335,,Sold,,,https://www.redfin.com/MA/Southborough/206-Cordaville-Rd-01772/home/16600074,MLS PIN,73386087,N,Y,42.2809396,-71.524985
PAST SALE,August-22-2025,Condo/Co-op,8 Fiddle Neck Ln #8,Southborough,MA,01772,495000,2,1.5,Southborough,1109,,2003,,446,325,Sold,,,https://www.redfin.com/MA/Southborough/8-Fiddle-Neck-Ln-01772/unit-8/home/77500073,MLS PIN,73345216,N,Y,42.2689151,-71.5419091
PAST SALE,,Single Family Residential,61 Oxbow Rd,Lincoln,MA,01773,1400000,4,3,,3356,135036,1998,,417,,,,,https://www.redfin.com/MA/Lincoln/61-Oxbow-Rd-01773/home/8556787,,,N,Y,42.408791,-71.353428
PAST SALE,February-2-2026,Single Family Residential,12 Pine Ridge Rd,Lincoln,MA,01773,2800000,5,4.5,Lincoln,4479,107450,2025,,625,,Sold,,,https://www.redfin.com/MA/Lincoln/12-Pine-Ridge-Rd-01773/home/198815001,MLS PIN,73473135,N,Y,42.4062958,-71.3466815
PAST SALE,May-2-2025,Townhouse,27 Arbor Glen Dr #27,Stow,MA,01775,708000,2,2.5,Stow,2478,,2008,,286,618,Sold,,,https://www.redfin.com/MA/Stow/27-Arbor-Glen-Dr-01775/unit-27/home/194942615,MLS PIN,73341588,N,Y,42.429204,-71.535196
PAST SALE,May-2-2025,Townhouse,27 Arbor Glen Dr #27,Stow,MA,01775,708000,2,2.5,Stow,2478,,2008,,286,618,Sold,,,https://www.redfin.com/MA/Stow/27-Arbor-Glen-Dr-01775/unit-27/home/194942615,MLS PIN,73341588,N,Y,42.429204,-71.535196
PAST SALE,November-19-2025,Single Family Residential,46 Robert Best Rd,Sudbury,MA,01776,1425000,4,2.5,Sudbury,3600,60039,1972,,396,,Sold,,,https://www.redfin.com/MA/Sudbury/46-Robert-Best-Rd-01776/home/11679675,MLS PIN,73435506,N,Y,42.3702262,-71.4513752
PAST SALE,January-28-2026,Single Family Residential,63 Canterbury Dr,Sudbury,MA,01776,1555000,5,2.5,Willis Acres,3300,104906,1970,,471,,Sold,,,https://www.redfin.com/MA/Sudbury/63-Canterbury-Dr-01776/home/11673144,MLS PIN,73451341,N,Y,42.3998524,-71.4165021
PAST SALE,April-22-2025,Single Family Residential,531 North Rd,Sudbury,MA,01776,1250000,3,2.5,Sudbury,2751,40117,1985,,454,,Sold,,,https://www.redfin.com/MA/Sudbury/531-North-Rd-01776/home/11670001,MLS PIN,73343732,N,Y,42.4248633,-71.428164
PAST SALE,May-16-2025,Single Family Residential,23 Lake Rd,Wayland,MA,01778,795000,2,2,Wayland,1260,8202,1937,,631,,Sold,,,https://www.redfin.com/MA/Wayland/23-Lake-Rd-01778/home/11692991,MLS PIN,73345049,N,Y,42.3230311,-71.3746672
PAST SALE,October-28-2025,Single Family Residential,8 Parkridge Rd,Wayland,MA,01778,660000,1,1,Wayland,1200,15684,1933,,550,,Sold,,,https://www.redfin.com/MA/Wayland/8-Parkridge-Rd-01778/home/11693050,MLS PIN,73434627,N,Y,42.3245103,-71.3770116
PAST SALE,May-16-2025,Single Family Residential,23 Lake Rd,Wayland,MA,01778,795000,2,2,Wayland,1260,8202,1937,,631,,Sold,,,https://www.redfin.com/MA/Wayland/23-Lake-Rd-01778/home/11692991,MLS PIN,73345049,N,Y,42.3230311,-71.3746672
PAST SALE,October-28-2025,Single Family Residential,8 Parkridge Rd,Wayland,MA,01778,660000,1,1,Wayland,1200,15684,1933,,550,,Sold,,,https://www.redfin.com/MA/Wayland/8-Parkridge-Rd-01778/home/11693050,MLS PIN,73434627,N,Y,42.3245103,-71.3770116
PAST SALE,February-13-2026,Single Family Residential,2 Melville Pl,Wayland,MA,01778,1100000,3,2,Wayland,1500,10000,1952,,733,,Sold,,,https://www.redfin.com/MA/Wayland/2-Melville-Pl-01778/home/11693403,MLS PIN,73467901,N,Y,42.3229859,-71.3582283
PAST SALE,December-19-2025,Single Family Residential,37 1/2 Chestnut St,Woburn,MA,01801,708525,3,1.5,Woburn,1417,6098,1880,,500,,Sold,,,https://www.redfin.com/MA/Woburn/37-1-2-Chestnut-St-01801/home/196560923,MLS PIN,73456776,N,Y,42.4857847,-71.1552258
PAST SALE,,Condo/Co-op,299 Lexington St #24,Woburn,MA,01801,980000,2,3.5,,1804,,2019,,543,,,,,https://www.redfin.com/MA/Woburn/299-Lexington-St-01801/unit-24/home/170651057,,,N,Y,42.4586436,-71.1837878
PAST SALE,,Condo/Co-op,74 Beach St Unit 1-3,Woburn,MA,01801,220000,0,1,,417,,1962,,528,,,,,https://www.redfin.com/MA/Woburn/74-Beach-St-01801/unit-1-3/home/11824717,,,N,Y,42.4885103,-71.1417416
PAST SALE,,Condo/Co-op,39 Montvale Ave #3,Woburn,MA,01801,280000,1,1,,468,,1972,,598,,,,,https://www.redfin.com/MA/Woburn/39-Montvale-Ave-01801/unit-3/home/11816803,,,N,Y,42.4793778,-71.1483614
PAST SALE,January-14-2026,Townhouse,13 Mason Way #72,Woburn,MA,01801,1170000,3,2.5,Woburn,2143,,2025,,546,534,Sold,,,https://www.redfin.com/MA/Woburn/13-Mason-Way-01801/unit-72/home/196078739,MLS PIN,73468819,N,Y,42.4739886,-71.1179906
PAST SALE,July-8-2025,Townhouse,7 E Dexter Ave #32,Woburn,MA,01801,776000,2,2,Woburn,1549,,2023,,501,335,Sold,,,https://www.redfin.com/MA/Woburn/7-E-Dexter-Ave-01801/unit-32/home/184066835,MLS PIN,73381084,N,Y,42.5146266,-71.1515561
PAST SALE,March-4-2025,Single Family Residential,36 Poole St,Woburn,MA,01801,685000,3,1,Woburn,1264,12197,1960,,542,,Sold,,,https://www.redfin.com/MA/Woburn/36-Poole-St-01801/home/11805596,MLS PIN,73330402,N,Y,42.5112732,-71.1674181
PAST SALE,December-19-2025,Single Family Residential,37 1/2 Chestnut St,Woburn,MA,01801,708525,3,1.5,Woburn,1417,6098,1880,,500,,Sold,,,https://www.redfin.com/MA/Woburn/37-1-2-Chestnut-St-01801/home/196560923,MLS PIN,73456776,N,Y,42.4857847,-71.1552258
PAST SALE,August-26-2025,Townhouse,960 Main St Unit B,Woburn,MA,01801,790000,2,2.5,Woburn,1800,,2014,,439,330,Sold,,,https://www.redfin.com/MA/Woburn/960-Main-St-01801/unit-B/home/109852288,MLS PIN,73401502,N,Y,42.5116886,-71.1614106
PAST SALE,June-6-2025,Townhouse,7 E Dexter #39,Woburn,MA,01801,770000,2,2,Woburn,1535,,2023,,502,335,Sold,,,https://www.redfin.com/MA/Woburn/7-E-Dexter-Ave-01801/unit-39/home/185570740,MLS PIN,73353409,N,Y,42.5146266,-71.1515561
PAST SALE,,Condo/Co-op,74 Beach St Unit 1-3,Woburn,MA,01801,220000,0,1,,417,,1962,,528,,,,,https://www.redfin.com/MA/Woburn/74-Beach-St-01801/unit-1-3/home/11824717,,,N,Y,42.4885103,-71.1417416
PAST SALE,,Condo/Co-op,299 Lexington St #24,Woburn,MA,01801,980000,2,3.5,,1804,,2019,,543,,,,,https://www.redfin.com/MA/Woburn/299-Lexington-St-01801/unit-24/home/170651057,,,N,Y,42.4586436,-71.1837878
PAST SALE,December-5-2025,Townhouse,45 Merrimac St Unit 30 aka 13A,Woburn,MA,01801,470000,2,1.5,Woburn,1519,,1971,,309,359,Sold,,,https://www.redfin.com/MA/Woburn/45-Merrimac-St-01801/unit-30/home/180942496,MLS PIN,73451500,N,Y,42.511142,-71.153587
PAST SALE,,Condo/Co-op,39 Montvale Ave #3,Woburn,MA,01801,280000,1,1,,468,,1972,,598,,,,,https://www.redfin.com/MA/Woburn/39-Montvale-Ave-01801/unit-3/home/11816803,,,N,Y,42.4793778,-71.1483614
PAST SALE,January-14-2026,Townhouse,13 Mason Way #72,Woburn,MA,01801,1170000,3,2.5,Woburn,2143,,2025,,546,534,Sold,,,https://www.redfin.com/MA/Woburn/13-Mason-Way-01801/unit-72/home/196078739,MLS PIN,73468819,N,Y,42.4739886,-71.1179906
PAST SALE,December-16-2025,Townhouse,2 Archer Way #1,Woburn,MA,01801,1385000,3,2.5,Woburn,2143,,2025,,646,534,Sold,,,https://www.redfin.com/MA/Woburn/2-Archer-Dr-01801/unit-1/home/197360324,MLS PIN,73421921,N,Y,42.4752354,-71.115056
PAST SALE,November-5-2025,Condo/Co-op,2 Stratton Dr #108,Woburn,MA,01801,799999,2,2,Woburn,1444,,2024,,554,484,Sold,,,https://www.redfin.com/MA/Woburn/2-Stratton-Dr-01801/unit-108/home/195216628,MLS PIN,73421909,N,Y,42.4755938,-71.114256
PAST SALE,May-6-2025,Townhouse,16 Goodwin Dr #40,Woburn,MA,01801,1140000,3,2.5,Woburn,2300,,2024,,496,534,Sold,,,https://www.redfin.com/MA/Woburn/16-Goodwin-Dr-01801/unit-40/home/192237480,MLS PIN,73314286,N,Y,42.4741286,-71.1166106
PAST SALE,September-2-2025,Townhouse,1 Archer Way #24,Woburn,MA,01801,1400000,3,2.5,Woburn,3277,,2025,,427,534,Sold,,,https://www.redfin.com/MA/Woburn/1-Archer-Dr-01801/unit-24/home/197360223,MLS PIN,73421911,N,Y,42.4751817,-71.1154442
PAST SALE,July-16-2025,Single Family Residential,9 Robert Ave,Woburn,MA,01801,1600000,5,4,Woburn,4100,10454,1955,,390,,Sold,,,https://www.redfin.com/MA/Woburn/9-Robert-Ave-01801/home/11810153,MLS PIN,73385490,N,Y,42.4916282,-71.1215751
PAST SALE,September-16-2025,Single Family Residential,15 Seneca Rd,Woburn,MA,01801,668500,3,1.5,Woburn,1703,16553,1957,,393,,Sold,,,https://www.redfin.com/MA/Woburn/15-Seneca-Rd-01801/home/11821623,MLS PIN,73417276,N,Y,42.460516,-71.1966491
PAST SALE,April-30-2025,Single Family Residential,61 Waverly Rd,Woburn,MA,01801,832000,3,2.5,Woburn,1624,9583,2013,,512,,Sold,,,https://www.redfin.com/MA/Woburn/61-Waverly-Rd-01801/home/11822205,MLS PIN,73350312,N,Y,42.4604437,-71.1827428
PAST SALE,September-9-2025,Single Family Residential,12 Garden St,Woburn,MA,01801,1000000,4,2.5,Woburn,2294,13068,1910,,436,,Sold,,,https://www.redfin.com/MA/Woburn/12-Garden-St-01801/home/11815305,MLS PIN,73414383,N,Y,42.475983,-71.1689446
PAST SALE,August-15-2025,Single Family Residential,25 Burlington St,Woburn,MA,01801,850000,3,1.5,Woburn,1837,6970,1996,,463,,Sold,,,https://www.redfin.com/MA/Woburn/25-Burlington-St-01801/home/11815438,MLS PIN,73401872,N,Y,42.4774889,-71.1654368
PAST SALE,July-17-2025,Townhouse,555 Main St #4,Woburn,MA,01801,725000,2,2.5,Central Square,1744,,2001,,416,440,Sold,,,https://www.redfin.com/MA/Woburn/555-Main-St-01801/unit-4/home/11824674,MLS PIN,73390296,N,Y,42.4853158,-71.1518734
PAST SALE,August-27-2025,Single Family Residential,27 Keans Rd,Burlington,MA,01803,820000,4,1.5,Burlington,1968,19998,1967,,417,,Sold,,,https://www.redfin.com/MA/Burlington/27-Keans-Rd-01803/home/8461653,MLS PIN,73404416,N,Y,42.4956142,-71.1847073
PAST SALE,August-26-2025,Single Family Residential,20 Hilltop Dr,Burlington,MA,01803,685000,3,2,Burlington,1245,19998,1959,,550,,Sold,,,https://www.redfin.com/MA/Burlington/20-Hilltop-Dr-01803/home/8460162,MLS PIN,73392676,N,Y,42.4967981,-71.209022
PAST SALE,May-30-2025,Single Family Residential,206 Fox Hill Rd,Burlington,MA,01803,880000,3,1.5,Burlington,1736,22203,1962,,507,,Sold,,,https://www.redfin.com/MA/Burlington/206-Fox-Hill-Rd-01803/home/8442546,MLS PIN,73358206,N,Y,42.5231123,-71.1939978
PAST SALE,August-27-2025,Single Family Residential,27 Keans Rd,Burlington,MA,01803,820000,4,1.5,Burlington,1968,19998,1967,,417,,Sold,,,https://www.redfin.com/MA/Burlington/27-Keans-Rd-01803/home/8461653,MLS PIN,73404416,N,Y,42.4956142,-71.1847073
PAST SALE,March-31-2025,Single Family Residential,26 Winter St,Burlington,MA,01803,1575000,5,3.5,Burlington,3869,22599,2021,,407,,Sold,,,https://www.redfin.com/MA/Burlington/26-Winter-St-01803/home/8454736,MLS PIN,73329986,N,Y,42.509983,-71.1699744
PAST SALE,August-26-2025,Single Family Residential,20 Hilltop Dr,Burlington,MA,01803,685000,3,2,Burlington,1245,19998,1959,,550,,Sold,,,https://www.redfin.com/MA/Burlington/20-Hilltop-Dr-01803/home/8460162,MLS PIN,73392676,N,Y,42.4967981,-71.209022
PAST SALE,June-20-2025,Single Family Residential,18 Hillsdale Ave,Burlington,MA,01803,1850000,4,3.5,Burlington,4520,15625,2025,,409,,Sold,,,https://www.redfin.com/MA/Burlington/18-Hillsdale-Ave-01803/home/8464359,MLS PIN,73380038,N,Y,42.4917596,-71.1815561
PAST SALE,December-16-2025,Single Family Residential,21 Spring Valley Rd,Burlington,MA,01803,685000,3,1.5,Burlington,1071,19998,1965,,640,,Sold,,,https://www.redfin.com/MA/Burlington/21-Spring-Valley-Rd-01803/home/8448846,MLS PIN,73454566,N,Y,42.518705,-71.1849449
PAST SALE,May-8-2025,Single Family Residential,17 Manor Ave,Burlington,MA,01803,1810000,4,3.5,Burlington,5100,20000,2014,,355,,Sold,,,https://www.redfin.com/MA/Burlington/17-Manor-Ave-01803/home/8466330,MLS PIN,73347642,N,Y,42.4864855,-71.173547
PAST SALE,November-4-2025,Single Family Residential,71 Francis Wyman Rd,Burlington,MA,01803,615000,1,2,Burlington,864,19998,1948,,712,,Sold,,,https://www.redfin.com/MA/Burlington/71-Francis-Wyman-Rd-01803/home/8449810,MLS PIN,73438895,N,Y,42.5129723,-71.225728
PAST SALE,December-12-2025,Single Family Residential,33 Dascomb Rd,Andover,MA,01810,972000,4,2.5,Andover,3385,30013,1978,,287,,Sold,,,https://www.redfin.com/MA/Andover/33-Dascomb-Rd-01810/home/8223342,MLS PIN,73451502,N,Y,42.6368268,-71.1633951
PAST SALE,April-1-2025,Single Family Residential,6 Yardley Rd,Andover,MA,01810,967000,4,2.5,Andover,3211,44083,1977,,301,,Sold,,,https://www.redfin.com/MA/Andover/6-Yardley-Rd-01810/home/8233241,MLS PIN,73332612,N,Y,42.6206043,-71.1718426
PAST SALE,May-9-2025,Townhouse,53 Baldwin Rd #203,Billerica,MA,01821,755000,3,2.5,Billerica,2686,,2005,,281,526,Sold,,,https://www.redfin.com/MA/Billerica/53-Baldwin-Rd-01821/unit-203/home/11424132,MLS PIN,73360916,N,Y,42.5541417,-71.2333753
PAST SALE,May-5-2025,Single Family Residential,9 Limewood Ave,Billerica,MA,01821,827500,3,3,Billerica,2410,5001,2016,,343,,Sold,,,https://www.redfin.com/MA/Billerica/9-Limewood-Ave-01821/home/11394213,MLS PIN,73336958,N,Y,42.5611529,-71.2865725
PAST SALE,June-20-2025,Single Family Residential,39 Fieldstone Ln,Billerica,MA,01821,1210000,4,3,Billerica,3121,72745,2021,,388,,Sold,,,https://www.redfin.com/MA/Billerica/39-Fieldstone-Ln-01821/home/174598360,MLS PIN,73364194,N,Y,42.56048,-71.310711
PAST SALE,,Multi-Family (2-4 Unit),372 Boston Rd,Billerica,MA,01821,250000,4,2.5,,3822,32234,1890,,65,,,,,https://www.redfin.com/MA/Billerica/372-Boston-Rd-01821/home/11389681,,,N,Y,42.5640901,-71.2710321
PAST SALE,,Single Family Residential,7 Greenwood Rd,Billerica,MA,01821,310000,3,1,,1371,11761,1939,,226,,,,,https://www.redfin.com/MA/Billerica/7-Greenwood-Rd-01821/home/145106975,,,N,Y,42.5649489,-71.2878922
PAST SALE,July-30-2025,Single Family Residential,21-1/2 Glenside Ave,Billerica,MA,01821,870000,3,2.5,Billerica,2136,7501,2018,,407,,Sold,,,https://www.redfin.com/MA/Billerica/21-1-2-Glenside-Ave-01821/home/195935099,MLS PIN,73381154,N,Y,42.532927,-71.2268969
PAST SALE,August-13-2025,Single Family Residential,187 Pond St,Billerica,MA,01821,660000,3,2,Billerica,1553,10350,1995,,425,,Sold,,,https://www.redfin.com/MA/Billerica/187-Pond-St-01821/home/11376838,MLS PIN,73401600,N,Y,42.5845936,-71.2552337
PAST SALE,June-25-2025,Townhouse,53 Baldwin Rd #1201,Billerica,MA,01821,769300,3,2.5,East Billerica,2868,,2005,,268,526,Sold,,,https://www.redfin.com/MA/Billerica/53-Baldwin-Rd-01821/unit-1201/home/12440933,MLS PIN,73385121,N,Y,42.5541417,-71.2333753
PAST SALE,June-16-2025,Single Family Residential,25 Grove St,Billerica,MA,01821,690000,3,1.5,Billerica,1908,10001,1963,,362,,Sold,,,https://www.redfin.com/MA/Billerica/25-Grove-St-01821/home/11417824,MLS PIN,73375282,N,Y,42.5297826,-71.2325265
PAST SALE,July-1-2025,Single Family Residential,18 Winsor Rd,Billerica,MA,01821,800000,4,1.5,Billerica,2840,41739,1973,,282,,Sold,,,https://www.redfin.com/MA/Billerica/18-Winsor-Rd-01821/home/11404423,MLS PIN,73379119,N,Y,42.5481183,-71.2429549
PAST SALE,December-22-2025,Condo/Co-op,22 Kenmar Dr Unit 194Y,Billerica,MA,01821,230000,1,1,Billerica,605,,1979,,380,343,Sold,,,https://www.redfin.com/MA/Billerica/22-Kenmar-Dr-01821/unit-194Y/home/11375997,MLS PIN,73451286,N,Y,42.5524237,-71.2661156
PAST SALE,October-7-2025,Single Family Residential,29 Eliot St,Billerica,MA,01821,541500,2,2,Billerica,1927,11247,1933,,281,,Sold,,,https://www.redfin.com/MA/Billerica/29-Eliot-St-01821/home/11417072,MLS PIN,73426642,N,Y,42.5314604,-71.270261
PAST SALE,January-23-2026,Single Family Residential,10 Greenville St,Billerica,MA,01821,1199000,4,3,Billerica,3598,15002,2021,,333,,Sold,,,https://www.redfin.com/MA/Billerica/10-Greenville-St-01821/home/11418673,MLS PIN,73459144,N,Y,42.5304572,-71.2301814
PAST SALE,December-5-2025,Single Family Residential,248 Riverneck Rd,Chelmsford,MA,01824,742000,3,2,Chelmsford,1771,11761,1967,,419,,Sold,,,https://www.redfin.com/MA/Chelmsford/248-Riverneck-Rd-01824/home/11577634,MLS PIN,73447288,N,Y,42.6004109,-71.3335195
PAST SALE,January-13-2026,Single Family Residential,6 Sierra Dr,Chelmsford,MA,01824,655000,4,2.5,Chelmsford,2144,22651,1966,,306,,Sold,,,https://www.redfin.com/MA/Chelmsford/6-Sierra-Dr-01824/home/11586845,MLS PIN,73452589,N,Y,42.5736256,-71.3568531
PAST SALE,March-4-2025,Townhouse,9 Acton Rd #15,Chelmsford,MA,01824,730000,3,3.5,Chelmsford,1662,,2025,,439,300,Sold,,,https://www.redfin.com/MA/Chelmsford/9-Acton-Rd-01824/unit-15/home/194090486,MLS PIN,73322154,N,Y,42.5952841,-71.3533502
PAST SALE,August-7-2025,Single Family Residential,28 Garrison Rd,Chelmsford,MA,01824,575000,3,1,Chelmsford,1174,62726,1958,,490,,Sold,,,https://www.redfin.com/MA/Chelmsford/28-Garrison-Rd-01824/home/11586434,MLS PIN,73405705,N,Y,42.572909,-71.3855489
PAST SALE,March-31-2025,Townhouse,9 Acton Rd #5,Chelmsford,MA,01824,724900,3,3.5,Chelmsford,1662,,2025,,436,300,Sold,,,https://www.redfin.com/MA/Chelmsford/9-Acton-Rd-01824/unit-5/home/194598677,MLS PIN,73332237,N,Y,42.5952841,-71.3533502
PAST SALE,October-30-2025,Single Family Residential,6 Green Valley Dr,Chelmsford,MA,01824,1130000,4,4.5,Chelmsford,5201,40075,2005,,217,,Sold,,,https://www.redfin.com/MA/Chelmsford/6-Green-Valley-Dr-01824/home/11583086,MLS PIN,73433201,N,Y,42.5813453,-71.3562703
PAST SALE,May-15-2025,Single Family Residential,6 Rockingham Ave,Lowell,MA,01851,588000,3,2,Lowell,1978,9583,1958,,297,,Sold,,,https://www.redfin.com/MA/Lowell/6-Rockingham-Ave-01851/home/11613683,MLS PIN,73353649,N,Y,42.6310039,-71.3459823
PAST SALE,July-16-2025,Single Family Residential,35 Morey St,Lowell,MA,01851,512000,4,1,Highlands,1396,4326,1920,,367,,Sold,,,https://www.redfin.com/MA/Lowell/35-Morey-St-01851/home/11623137,MLS PIN,73381460,N,Y,42.6321068,-71.3319165
PAST SALE,May-22-2025,Single Family Residential,394 Hovey St,Lowell,MA,01852,550000,2,1,Lowell,880,7405,1950,,625,,Sold,,,https://www.redfin.com/MA/Lowell/394-Hovey-St-01852/home/11661593,MLS PIN,73357877,N,Y,42.6407385,-71.2771223
PAST SALE,October-27-2025,Single Family Residential,55 Stratham St,Lowell,MA,01852,510000,3,1,Lowell,1439,4356,1840,,354,,Sold,,,https://www.redfin.com/MA/Lowell/55-Stratham-St-01852/home/11654877,MLS PIN,73428925,N,Y,42.6260266,-71.2911477
PAST SALE,March-4-2025,Condo/Co-op,116 Nesmith St #2,Lowell,MA,01852,360000,2,1.5,Lowell,1458,,1955,,247,390,Sold,,,https://www.redfin.com/MA/Lowell/116-Nesmith-St-01852/unit-2/home/11649335,MLS PIN,73303951,N,Y,42.6413465,-71.296704
PAST SALE,May-28-2025,Vacant Land,31 Chapel St,Lowell,MA,01852,130000,,,Lowell,,4792,,,,,Sold,,,https://www.redfin.com/MA/Lowell/31-Chapel-St-01852/home/85679836,MLS PIN,73381207,N,Y,42.6388168,-71.3075801
PAST SALE,,Condo/Co-op,40 Eaton St Unit B,Lowell,MA,01852,345500,2,1.5,,1348,,1986,,256,,,,,https://www.redfin.com/MA/Lowell/40-Eaton-St-01852/unit-B/home/11635148,,,N,Y,42.6261527,-71.3167912
PAST SALE,August-29-2025,Single Family Residential,48 Fruit St,Lowell,MA,01852,685000,4,3,Highlands,2284,7405,1890,,300,,Sold,,,https://www.redfin.com/MA/Lowell/48-Fruit-St-01852/home/11639194,MLS PIN,73411792,N,Y,42.6211557,-71.3141009
PAST SALE,March-28-2025,Townhouse,19 Acton St #19,Lowell,MA,01852,425000,2,2,Lowell,1290,,2002,,329,89,Sold,,,https://www.redfin.com/MA/Lowell/19-Acton-St-01852/unit-19/home/11665707,MLS PIN,73337033,N,Y,42.6212831,-71.2940028
PAST SALE,January-29-2026,Single Family Residential,90 Chamberlain St,Lowell,MA,01852,615000,4,2,Lowell,2255,7405,1950,,273,,Sold,,,https://www.redfin.com/MA/Lowell/90-Chamberlain-St-01852/home/11659471,MLS PIN,73463693,N,Y,42.6200318,-71.2874586
PAST SALE,October-21-2025,Single Family Residential,241 Remington St,Lowell,MA,01852,582500,3,1.5,Belvidere,1276,11761,1960,,457,,Sold,,,https://www.redfin.com/MA/Lowell/241-Remington-St-01852/home/11664209,MLS PIN,73426958,N,Y,42.6396424,-71.2725326
PAST SALE,July-18-2025,Townhouse,41 Boston Rd #234,North Billerica,MA,01862,490000,2,1.5,Billerica,1094,,2005,,448,457,Sold,,,https://www.redfin.com/MA/North-Billerica/41-Boston-Rd-01862/unit-234/home/12438942,MLS PIN,73390284,N,Y,42.59668319,-71.29877135
PAST SALE,September-26-2025,Single Family Residential,181 High St,North Billerica,MA,01862,640000,4,2,North Billerica,2296,46574,1935,,279,,Sold,,,https://www.redfin.com/MA/North-Billerica/181-High-St-01862/home/11422896,MLS PIN,73411758,N,Y,42.5963109,-71.2740564
PAST SALE,October-29-2025,Townhouse,8 Billerica Ave Ext #14,North Billerica,MA,01862,495000,2,1.5,Billerica,1700,,2006,,291,364,Sold,,,https://www.redfin.com/MA/North-Billerica/8-Billerica-Avenue-Ext-01862/unit-14/home/18906516,MLS PIN,73417905,N,Y,42.59177,-71.2788531
PAST SALE,July-18-2025,Townhouse,41 Boston Rd #232,North Billerica,MA,01862,515000,2,1.5,North Billerica,1094,,2005,,471,426,Sold,,,https://www.redfin.com/MA/North-Billerica/41-Boston-Rd-01862/unit-232/home/12438973,MLS PIN,73372474,N,Y,42.59681696,-71.29881091
PAST SALE,July-3-2025,Single Family Residential,32 Treble Cove Rd,North Billerica,MA,01862,570000,3,1.5,Billerica,1760,13765,1975,,324,,Sold,,,https://www.redfin.com/MA/North-Billerica/32-Treble-Cove-Rd-01862/home/11381415,MLS PIN,73372357,N,Y,42.5839395,-71.2895556
PAST SALE,July-16-2025,Single Family Residential,9 Carriage Rd,North Billerica,MA,01862,575000,3,3,Billerica,2147,32000,1968,,268,,Sold,,,https://www.redfin.com/MA/North-Billerica/9-Carriage-Rd-01862/home/11379864,MLS PIN,73392932,N,Y,42.591652,-71.2675603
PAST SALE,December-8-2025,Single Family Residential,6 Kohlrausch Ave,North Billerica,MA,01862,603000,3,1.5,Billerica,1924,15795,1978,,313,,Sold,,,https://www.redfin.com/MA/North-Billerica/6-Kohlrausch-Ave-01862/home/11381405,MLS PIN,73450594,N,Y,42.5871736,-71.2910498
PAST SALE,January-23-2026,Townhouse,14 Muirfield Way #14,North Chelmsford,MA,01863,676000,2,2.5,North Chelmsford,2196,,2004,,308,770,Sold,,,https://www.redfin.com/MA/North-Chelmsford/14-Muirfield-Way-01863/unit-14/home/199490070,MLS PIN,73459243,N,Y,42.6310831,-71.369555
PAST SALE,April-18-2025,Single Family Residential,16 Chester Rd,North Reading,MA,01864,1150000,5,3.5,North Reading,4356,10019,2018,,264,,Sold,,,https://www.redfin.com/MA/North-Reading/16-Chester-Rd-01864/home/11420181,MLS PIN,73228363,N,Y,42.5941225,-71.1215498
PAST SALE,April-17-2025,Condo/Co-op,300 Martins Landing Way #102,North Reading,MA,01864,467115,1,1,North Reading,1027,,2024,,455,351,Sold,,,https://www.redfin.com/MA/North-Reading/300-Martins-Lndg-01864/unit-102/home/193381433,MLS PIN,73308640,N,Y,42.5814587,-71.1273006
PAST SALE,May-2-2025,Condo/Co-op,300 Martins Landing Way #403,North Reading,MA,01864,499999,1,1,North Reading,972,,2024,,514,363,Sold,,,https://www.redfin.com/MA/North-Reading/300-Martins-Lndg-01864/unit-403/home/194787744,MLS PIN,73336379,N,Y,42.5814587,-71.1273006
PAST SALE,December-8-2025,Condo/Co-op,320 Martins Lndg #108,North Reading,MA,01864,536249,1,1,North Reading,1129,,2025,,475,377,Sold,,,https://www.redfin.com/MA/North-Reading/320-Martins-Lndg-01864/unit-108/home/196300442,MLS PIN,73401504,N,Y,42.5822487,-71.1269806
PAST SALE,May-9-2025,Condo/Co-op,270 Main St #35,North Reading,MA,01864,318000,1,1,North Reading,612,,1974,,520,258,Sold,,,https://www.redfin.com/MA/North-Reading/270-Main-St-01864/unit-35/home/11420466,MLS PIN,73357302,N,Y,42.5923218,-71.1183378
PAST SALE,July-3-2025,Condo/Co-op,300 Martins Landing Way #9209,North Reading,MA,01864,475975,1,1,North Reading,1115,,2024,,427,361,Sold,,,https://www.redfin.com/MA/North-Reading/300-Martins-Lndg-01864/unit-9209/home/195849680,MLS PIN,73377372,N,Y,42.5814587,-71.1273006
PAST SALE,November-10-2025,Condo/Co-op,320 Martins Lndg #506,North Reading,MA,01864,933225,2,2,North Reading,1586,,2024,,588,510,Sold,,,https://www.redfin.com/MA/North-Reading/320-Martins-Lndg-01864/unit-506/home/195996158,MLS PIN,73383903,N,Y,42.5822487,-71.1269806
PAST SALE,March-17-2025,Single Family Residential,10 Hancock St,Reading,MA,01867,900000,3,1.5,Reading,2001,7762,1960,,450,,Sold,,,https://www.redfin.com/MA/Reading/10-Hancock-St-01867/home/8684166,MLS PIN,73336413,N,Y,42.5244876,-71.1160415
PAST SALE,May-2-2025,Single Family Residential,122 Lowell St,Reading,MA,01867,1288000,3,2.5,Reading,2566,15947,2016,,502,,Sold,,,https://www.redfin.com/MA/Reading/122-Lowell-St-01867/home/108984572,MLS PIN,73347190,N,Y,42.5281377,-71.1091914
PAST SALE,July-2-2025,Condo/Co-op,9 Abigail Way #2012,Reading,MA,01867,505000,1,1,Reading,1020,,2013,,495,539,Sold,,,https://www.redfin.com/MA/Reading/9-Abigail-Way-01867/unit-2012/home/55156923,MLS PIN,73375473,N,Y,42.5037886,-71.1078906
PAST SALE,,Single Family Residential,51 Colburn Rd,Reading,MA,01867,500000,4,2.5,,2160,10019,2001,,231,,,,,https://www.redfin.com/MA/Reading/51-Colburn-Rd-01867/home/8698723,,,N,Y,42.5418143,-71.1152201
PAST SALE,March-7-2025,Single Family Residential,43 Longwood Rd,Reading,MA,01867,725000,3,1.5,Reading,1336,14536,1925,,543,,Sold,,,https://www.redfin.com/MA/Reading/43-Longwood-Rd-01867/home/8686431,MLS PIN,73332474,N,Y,42.5250328,-71.1270393
PAST SALE,September-8-2025,Townhouse,1830 Main St #29,Tewksbury,MA,01867,540000,2,1.5,Tewksbury,1650,,1994,,327,295,Sold,,,https://www.redfin.com/MA/Tewksbury/1830-Main-St-01876/unit-29/home/8734317,MLS PIN,73406844,N,Y,42.5936598,-71.2079306
PAST SALE,February-25-2025,Single Family Residential,30 Duck Rd,Reading,MA,01867,1550000,4,2.5,Reading,3339,21353,1992,,464,,Sold,,,https://www.redfin.com/MA/Reading/30-Duck-Rd-01867/home/8693365,MLS PIN,73328593,N,Y,42.5330827,-71.1016575
PAST SALE,September-10-2025,Townhouse,62 Abigail Way #2003,Reading,MA,01867,685000,2,2,Reading,1500,,2017,,457,571,Sold,,,https://www.redfin.com/MA/Reading/62-Abigail-Way-01867/unit-2003/home/160503430,MLS PIN,73395479,N,Y,42.503943,-71.1056525
PAST SALE,June-5-2025,Single Family Residential,896 Main St,Reading,MA,01867,1248000,4,2.5,Reading,2273,23958,1915,,549,,Sold,,,https://www.redfin.com/MA/Reading/896-Main-St-01867/home/8694386,MLS PIN,73364925,N,Y,42.5330109,-71.1043626
PAST SALE,September-2-2025,Townhouse,9 Cheshire Ln #9,Tewksbury,MA,01876,810000,3,3,Tewksbury,2521,,2016,,321,402,Sold,,,https://www.redfin.com/MA/Tewksbury/9-Cheshire-Ln-01876/unit-9/home/196906869,MLS PIN,73415130,N,Y,42.6165478,-71.2007231
PAST SALE,May-22-2025,Townhouse,89 Quail Run #89,Tewksbury,MA,01876,520000,2,1.5,Tewksbury,1535,100,1984,,339,440,Sold,,,https://www.redfin.com/MA/Tewksbury/89-Quail-Run-01876/unit-89/home/8725521,MLS PIN,73358655,N,Y,42.614154,-71.230692
PAST SALE,January-9-2026,Townhouse,1563 Andover St #18,Tewksbury,MA,01876,575000,3,2.5,North Tewksbury,1320,,2023,,436,300,Sold,,,https://www.redfin.com/MA/Tewksbury/1563-Andover-St-01876/unit-18/home/183623241,MLS PIN,73454810,N,Y,42.6426891,-71.2430657
PAST SALE,October-20-2025,Single Family Residential,5 Benson Rd,Tewksbury,MA,01876,600000,4,1.5,Tewksbury,1262,19097,1957,,475,,Sold,,,https://www.redfin.com/MA/Tewksbury/5-Benson-Rd-01876/home/8735947,MLS PIN,73425569,N,Y,42.5684118,-71.1987956
PAST SALE,September-23-2025,Single Family Residential,25 Tanglewood Ave,Tewksbury,MA,01876,735000,3,1.5,Tewksbury,2135,11781,1956,,344,,Sold,,,https://www.redfin.com/MA/Tewksbury/25-Tanglewood-Ave-01876/home/8729494,MLS PIN,73414667,N,Y,42.5968113,-71.2099497
PAST SALE,July-2-2025,Single Family Residential,95 Evergreen Rd,Tewksbury,MA,01876,853000,4,2.5,Tewksbury,2492,22047,1985,,342,,Sold,,,https://www.redfin.com/MA/Tewksbury/95-Evergreen-Rd-01876/home/11434324,MLS PIN,73370929,N,Y,42.6065113,-71.2667721
PAST SALE,,Single Family Residential,7 Pinewood Rd,Tewksbury,MA,01876,470000,2,2.5,,1052,21780,1955,,447,,,,,https://www.redfin.com/MA/Tewksbury/7-Pinewood-Rd-01876/home/8750416,,,N,Y,42.5948311,-71.2095633
PAST SALE,,Condo/Co-op,66 Apache Way,Tewksbury,MA,01876,400000,2,1.5,,1274,,1984,,314,,,,,https://www.redfin.com/MA/Tewksbury/66-Apache-Way-01876/home/8741330,,,N,Y,42.6028387,-71.1967806
PAST SALE,June-6-2025,Single Family Residential,127 Catamount Rd,Tewksbury,MA,01876,850000,3,2.5,Tewksbury,1874,43560,1977,,454,,Sold,,,https://www.redfin.com/MA/Tewksbury/127-Catamount-Rd-01876/home/8727047,MLS PIN,73372300,N,Y,42.6328983,-71.2262367
PAST SALE,July-30-2025,Townhouse,120 Apache Way #120,Tewksbury,MA,01876,490000,2,1.5,Tewksbury,1274,,1984,,385,399,Sold,,,https://www.redfin.com/MA/Tewksbury/120-Apache-Way-01876/unit-120/home/179753412,MLS PIN,73385576,N,Y,42.6045739,-71.1975991
PAST SALE,September-29-2025,Townhouse,33 Ironwood Ln #162,Tewksbury,MA,01876,570000,2,1.5,Tewksbury,1476,100,1998,,386,411,Sold,,,https://www.redfin.com/MA/Tewksbury/33-Ironwood-Ln-01876/unit-162/home/197808552,MLS PIN,73428874,N,Y,42.5928007,-71.2049358
PAST SALE,April-29-2025,Condo/Co-op,16 Randolph Dr #16,Tewksbury,MA,01876,406000,2,1,Tewksbury,1009,,1985,,402,360,Sold,,,https://www.redfin.com/MA/Tewksbury/16-Randolph-Dr-01876/unit-16/home/8748765,MLS PIN,73347089,N,Y,42.6204987,-71.2278106
PAST SALE,October-31-2025,Single Family Residential,298 Salem St,Wakefield,MA,01880,810000,3,2.5,Wakefield,1990,22041,1900,,407,,Sold,,,https://www.redfin.com/MA/Wakefield/298-Salem-St-01880/home/8765387,MLS PIN,73432645,N,Y,42.5139688,-71.0517036
PAST SALE,May-30-2025,Single Family Residential,30 Strathmore Rd,Wakefield,MA,01880,869448,3,2,Wakefield,1820,30527,1949,,478,,Sold,,,https://www.redfin.com/MA/Wakefield/30-Strathmore-Rd-01880/home/8737998,MLS PIN,73351436,N,Y,42.5051181,-71.0899528
PAST SALE,August-15-2025,Single Family Residential,10 Fourth St,,MA,01880,550000,3,3,Wakefield,1840,8342,1987,,299,,Sold,,,https://www.redfin.com/MA/Unknown/Unknown-01880/home/8760453,MLS PIN,73398743,N,Y,42.506169,-71.060636
PAST SALE,,Condo/Co-op,69 Foundry St #501,Wakefield,MA,01880,1150000,1,1,,678,,2019,,1696,,,,,https://www.redfin.com/MA/Wakefield/69-Foundry-St-01880/unit-501/home/173183794,,,N,Y,42.4991436,-71.0745326
PAST SALE,July-10-2025,Condo/Co-op,62 Foundry St #214,Wakefield,MA,01880,509000,1,1,Wakefield,729,,2024,,698,414,Sold,,,https://www.redfin.com/MA/Wakefield/62-Foundry-St-01880/unit-214/home/190538706,MLS PIN,73225218,N,Y,42.4997402,-71.074244
PAST SALE,June-18-2025,Condo/Co-op,62 Foundry St #510,Wakefield,MA,01880,1100000,2,2,Wakefield,1380,45995,2024,,797,820,Sold,,,https://www.redfin.com/MA/Wakefield/62-Foundry-St-01880/unit-510/home/191520383,MLS PIN,73289552,N,Y,42.4997239,-71.0742912
PAST SALE,July-31-2025,Single Family Residential,21 Butterfield Ln,Westford,MA,01886,1130000,4,2.5,Beaver Brook Estates,2620,20025,1998,,431,21,Sold,,,https://www.redfin.com/MA/Westford/21-Butterfield-Ln-01886/home/8760556,MLS PIN,73386458,N,Y,42.5627761,-71.4749261
PAST SALE,July-24-2025,Single Family Residential,46 Vine Brook Rd,Westford,MA,01886,950000,4,2.5,Westford,2176,21867,1981,,437,8,Sold,,,https://www.redfin.com/MA/Westford/46-Vine-Brook-Rd-01886/home/8764954,MLS PIN,73385780,N,Y,42.5399014,-71.4340132
PAST SALE,December-30-2025,Condo/Co-op,3 Mill Park Pl #3,Westford,MA,01886,1069900,3,3.5,Westford,2522,,2025,,424,395,Sold,,,https://www.redfin.com/MA/Westford/3-Mill-Park-Pl-01886/unit-3/home/198881896,MLS PIN,73451787,N,Y,42.5431161,-71.440834
PAST SALE,February-28-2025,Single Family Residential,24 St Paul Ln Lot 16,Westford,MA,01886,1446445,4,2.5,Spalding Hill Estates,2957,20303,2024,,489,83,Sold,,,https://www.redfin.com/MA/Westford/24-Saint-Paul-Ln-01886/unit-16/home/192843118,MLS PIN,73296418,N,Y,42.616013,-71.45799
PAST SALE,July-22-2025,Single Family Residential,20 St Paul Ln Lot 18,Westford,MA,01886,1718499,4,3.5,Spalding Hill Estates,3394,21826,2025,,506,83,Sold,,,https://www.redfin.com/MA/Westford/20-Saint-Paul-Ln-01886/unit-18/home/194464862,MLS PIN,73329672,N,Y,42.616013,-71.45799
PAST SALE,August-4-2025,Single Family Residential,38-A Jacquith Rd,Wilmington,MA,01887,875000,3,2,Wilmington,1626,26136,1988,,538,,Sold,,,https://www.redfin.com/MA/Wilmington/38A-Jacquith-Rd-01887/unit-A/home/11689913,MLS PIN,73392624,N,Y,42.5529315,-71.1954611
PAST SALE,January-28-2026,Single Family Residential,61 Lowell St,Wilmington,MA,01887,775000,3,2,Wilmington,2000,21344,1962,,388,,Sold,,,https://www.redfin.com/MA/Wilmington/61-Lowell-St-01887/home/11685671,MLS PIN,73456709,N,Y,42.5414155,-71.1631308
PAST SALE,April-30-2025,Condo/Co-op,203 Lowell St #211,Wilmington,MA,01887,755000,3,2,Wilmington,1419,,2024,,532,655,Sold,,,https://www.redfin.com/MA/Wilmington/203-Lowell-St-01887/unit-211/home/195081188,MLS PIN,73346940,N,Y,42.5392803,-71.1504269
PAST SALE,March-26-2025,Condo/Co-op,203 Lowell Lowell St #101,Wilmington,MA,01887,500000,1,1,Wilmington,797,,2024,,627,368,Sold,,,https://www.redfin.com/MA/Wilmington/203-Lowell-St-01887/unit-101/home/193863503,MLS PIN,73350293,N,Y,42.5392778,-71.1504152
PAST SALE,,Single Family Residential,395 Chestnut St,Wilmington,MA,01887,316479,3,1.5,,1438,20038,1959,,220,,,,,https://www.redfin.com/MA/Wilmington/395-Chestnut-St-01887/home/11686889,,,N,Y,42.51969,-71.1691706
PAST SALE,July-1-2025,Condo/Co-op,203 Lowell St #314,Wilmington,MA,01887,735000,2,2,Wilmington,1187,,2024,,619,548,Sold,,,https://www.redfin.com/MA/Wilmington/203-Lowell-St-01887/unit-314/home/195741966,MLS PIN,73372647,N,Y,42.5387927,-71.1507955
PAST SALE,June-13-2025,Condo/Co-op,203 Lowell St #103,Wilmington,MA,01887,640000,2,2,Wilmington,1019,,2024,,628,471,Sold,,,https://www.redfin.com/MA/Wilmington/203-Lowell-St-01887/unit-103/home/196108784,MLS PIN,73391488,N,Y,42.5387927,-71.1507955
PAST SALE,June-12-2025,Condo/Co-op,203 Lowell St #213,Wilmington,MA,01887,675000,2,2,Wilmington,987,,2024,,684,456,Sold,,,https://www.redfin.com/MA/Wilmington/203-Lowell-St-01887/unit-213/home/195602356,MLS PIN,73369531,N,Y,42.5387927,-71.1507955
PAST SALE,May-19-2025,Single Family Residential,19 Sheridan,Wilmington,MA,01887,438200,2,1,Wilmington,1025,22651,1967,,428,,Sold,,,https://www.redfin.com/MA/Wilmington/19-Sheridan-Rd-01887/home/11702715,MLS PIN,73325419,N,Y,42.5731896,-71.146017
PAST SALE,July-25-2025,Condo/Co-op,203 Lowell St #113,Wilmington,MA,01887,625000,2,2,Wilmington,975,,2024,,641,450,Sold,,,https://www.redfin.com/MA/Wilmington/203-Lowell-St-01887/unit-113/home/195559583,MLS PIN,73403207,N,Y,42.5387927,-71.1507955
PAST SALE,August-15-2025,Condo/Co-op,203 Lowell St #217,Wilmington,MA,01887,659000,2,2,Wilmington,1017,,2024,,648,470,Sold,,,https://www.redfin.com/MA/Wilmington/203-Lowell-St-01887/unit-217/home/194523272,MLS PIN,73398812,N,Y,42.5392803,-71.1504269
PAST SALE,April-7-2025,Single Family Residential,128 Marion St,Wilmington,MA,01887,1000000,4,2.5,Wilmington,2373,25265,2000,,421,,Sold,,,https://www.redfin.com/MA/Wilmington/128-Marion-St-01887/home/11685816,MLS PIN,73347057,N,Y,42.5340486,-71.1783323
PAST SALE,January-30-2026,Single Family Residential,40 Faulkner Ave,Wilmington,MA,01887,723000,3,2,Wilmington,2052,10019,1970,,352,,Sold,,,https://www.redfin.com/MA/Wilmington/40-Faulkner-Ave-01887/home/11696771,MLS PIN,73427794,N,Y,42.5702346,-71.1817288
PAST SALE,May-23-2025,Single Family Residential,26 Ohio St,Wilmington,MA,01887,1145000,4,2,Wilmington,2775,16117,1988,,413,,Sold,,,https://www.redfin.com/MA/Wilmington/26-Ohio-St-01887/home/11692806,MLS PIN,73364891,N,Y,42.5663351,-71.2022733
PAST SALE,July-31-2025,Single Family Residential,138 Chestnut St #138,Wilmington,MA,01887,645000,3,1,Wilmington,1156,14810,1952,,558,150,Sold,,,https://www.redfin.com/MA/Wilmington/138-Chestnut-St-01887/unit-138/home/168048018,MLS PIN,73379907,N,Y,42.5332253,-71.1733729
PAST SALE,September-26-2025,Townhouse,171 Swanton St #60,Winchester,MA,01890,738000,3,2.5,Winchester,1824,,1985,,405,539,Sold,,,https://www.redfin.com/MA/Winchester/171-Swanton-St-01890/unit-60/home/11453629,MLS PIN,73422508,N,Y,42.4644244,-71.1345654
PAST SALE,October-17-2025,Single Family Residential,4 Oakland Cir,Winchester,MA,01890,1651000,3,2,Winchester,2368,10019,1951,,697,,Sold,,,https://www.redfin.com/MA/Winchester/4-Oakland-Cir-01890/home/11447172,MLS PIN,73426639,N,Y,42.4418027,-71.1406772
PAST SALE,June-2-2025,Single Family Residential,11 Chesterford Rd E,Winchester,MA,01890,2000000,4,3.5,Winchester,3039,13721,1927,,658,,Sold,,,https://www.redfin.com/MA/Winchester/11-Chesterford-Rd-E-01890/home/11459419,MLS PIN,73360401,N,Y,42.4566304,-71.1497091
PAST SALE,March-24-2025,Townhouse,299 Cross St #299,Winchester,MA,01890,615000,2,1.5,Winchester,1452,7540,1960,,424,235,Sold,,,https://www.redfin.com/MA/Winchester/299-Cross-St-01890/unit-299/home/11452808,MLS PIN,73330688,N,Y,42.4660351,-71.1393372
PAST SALE,June-27-2025,Townhouse,63 Church St #63,Winchester,MA,01890,1100000,4,2.5,Winchester,3157,,1866,,348,,Sold,,,https://www.redfin.com/MA/Winchester/63-Church-St-01890/unit-63/home/195588203,MLS PIN,73371836,N,Y,42.451172,-71.143484
PAST SALE,February-5-2026,Condo/Co-op,666 Main St #312,Winchester,MA,01890,750000,2,2,Winchester,1240,,1982,,605,572,Sold,,,https://www.redfin.com/MA/Winchester/666-Main-St-01890/unit-312/home/11448976,MLS PIN,73466541,N,Y,42.4550543,-71.1383633
PAST SALE,September-26-2025,Townhouse,171 Swanton St #60,Winchester,MA,01890,738000,3,2.5,Winchester,1824,,1985,,405,539,Sold,,,https://www.redfin.com/MA/Winchester/171-Swanton-St-01890/unit-60/home/11453629,MLS PIN,73422508,N,Y,42.4644244,-71.1345654
PAST SALE,October-17-2025,Single Family Residential,4 Oakland Cir,Winchester,MA,01890,1651000,3,2,Winchester,2368,10019,1951,,697,,Sold,,,https://www.redfin.com/MA/Winchester/4-Oakland-Cir-01890/home/11447172,MLS PIN,73426639,N,Y,42.4418027,-71.1406772
PAST SALE,June-2-2025,Single Family Residential,11 Chesterford Rd E,Winchester,MA,01890,2000000,4,3.5,Winchester,3039,13721,1927,,658,,Sold,,,https://www.redfin.com/MA/Winchester/11-Chesterford-Rd-E-01890/home/11459419,MLS PIN,73360401,N,Y,42.4566304,-71.1497091
PAST SALE,March-24-2025,Townhouse,299 Cross St #299,Winchester,MA,01890,615000,2,1.5,Winchester,1452,7540,1960,,424,235,Sold,,,https://www.redfin.com/MA/Winchester/299-Cross-St-01890/unit-299/home/11452808,MLS PIN,73330688,N,Y,42.4660351,-71.1393372
PAST SALE,June-27-2025,Townhouse,63 Church St #63,Winchester,MA,01890,1100000,4,2.5,Winchester,3157,,1866,,348,,Sold,,,https://www.redfin.com/MA/Winchester/63-Church-St-01890/unit-63/home/195588203,MLS PIN,73371836,N,Y,42.451172,-71.143484
PAST SALE,February-5-2026,Condo/Co-op,666 Main St #312,Winchester,MA,01890,750000,2,2,Winchester,1240,,1982,,605,572,Sold,,,https://www.redfin.com/MA/Winchester/666-Main-St-01890/unit-312/home/11448976,MLS PIN,73466541,N,Y,42.4550543,-71.1383633
PAST SALE,,Multi-Family (2-4 Unit),160 Swanton St #158,Winchester,MA,01890,1199000,12,7.5,,7645,10019,2024,,157,,,,,https://www.redfin.com/MA/Winchester/160-Swanton-St-01890/unit-158/home/11449746,,,N,Y,42.4606944,-71.1366588
PAST SALE,August-11-2025,Multi-Family (2-4 Unit),540-542 Washington St,Winchester,MA,01890,1120000,4,2,Winchester,2060,12310,1917,,544,,Sold,,,https://www.redfin.com/MA/Winchester/540-542-Washington-St-01890/home/196998737,MLS PIN,73405718,N,Y,42.4669547,-71.1259259
PAST SALE,October-21-2025,Townhouse,7 Wainwright Rd #13,Winchester,MA,01890,2155000,3,4.5,Winchester,3186,,1988,,676,1180,Sold,,,https://www.redfin.com/MA/Winchester/7-Wainwright-Rd-01890/unit-13/home/11464887,MLS PIN,73443550,N,Y,42.456116,-71.167508
PAST SALE,June-30-2025,Single Family Residential,1 Saint Augustine Ct,Winchester,MA,01890,2200000,4,3,Winchester,3818,20007,1967,,576,,Sold,,,https://www.redfin.com/MA/Winchester/1-Saint-Augustine-Ct-01890/home/11463826,MLS PIN,73373421,N,Y,42.4524981,-71.1632965
PAST SALE,December-18-2025,Single Family Residential,19 Laurel Hill Ln,Winchester,MA,01890,2400000,5,4.5,Winchester,3700,13338,1954,,649,,Sold,,,https://www.redfin.com/MA/Winchester/19-Laurel-Hill-Ln-01890/home/11439976,MLS PIN,73460779,N,Y,42.4722447,-71.119088
PAST SALE,May-27-2025,Multi-Family (2-4 Unit),548 Eastern Ave,Lynn,MA,01902,770000,4,2,East Lynn,1972,5114,1910,,390,,Sold,,,https://www.redfin.com/MA/Lynn/548-Eastern-Ave-01902/home/11559525,MLS PIN,73358528,N,Y,42.4820726,-70.937836
PAST SALE,September-19-2025,Condo/Co-op,154 Lynnway #509,Lynn,MA,01902,370000,2,2.5,Lynn,1525,189102,1985,,243,993,Sold,,,https://www.redfin.com/MA/Lynn/154-Lynnway-01902/unit-509/home/11579841,MLS PIN,73378778,N,Y,42.4583645,-70.9430236
PAST SALE,July-11-2025,Condo/Co-op,13 Nahant St Unit 2E,Lynn,MA,01902,410000,2,2,Diamond District,810,7927,2024,,506,300,Sold,,,https://www.redfin.com/MA/Lynn/13-Nahant-St-01902/unit-2E/home/194112555,MLS PIN,73323034,N,Y,42.4630023,-70.9387904
PAST SALE,May-30-2025,Condo/Co-op,17 Broad St #2,Lynn,MA,01902,350000,2,1,Diamond District,850,1660,1890,,412,225,Sold,,,https://www.redfin.com/MA/Lynn/17-Broad-St-01902/unit-2/home/11571665,MLS PIN,73356032,N,Y,42.4642598,-70.9354305
PAST SALE,April-25-2025,Multi-Family (2-4 Unit),205 Western Ave,Lynn,MA,01904,825000,4,2,Lynn,1909,5920,1903,,432,,Sold,,,https://www.redfin.com/MA/Lynn/205-Western-Ave-01904/home/11541309,MLS PIN,73350889,N,Y,42.4783021,-70.9481544
PAST SALE,June-27-2025,Multi-Family (2-4 Unit),60 Lynnfield St,Lynn,MA,01904,655000,3,2,Lynn,1807,4861,1880,,362,,Sold,,,https://www.redfin.com/MA/Lynn/60-Lynnfield-St-01904/home/11542144,MLS PIN,73378226,N,Y,42.4861733,-70.9633288
PAST SALE,May-5-2025,Single Family Residential,15 Hood St,Lynn,MA,01905,470000,5,1.5,Lynn,1970,4251,1900,,239,,Sold,,,https://www.redfin.com/MA/Lynn/15-Hood-St-01905/home/11548305,MLS PIN,73358162,N,Y,42.4617993,-70.9690752
PAST SALE,November-26-2025,Single Family Residential,16 Newton Ave,Lynn,MA,01905,600000,3,1.5,West Lynn,1533,5179,1930,,391,,Sold,,,https://www.redfin.com/MA/Lynn/16-Newton-Ave-01905/home/11322915,MLS PIN,73443747,N,Y,42.4686051,-70.9752823
PAST SALE,January-13-2026,Townhouse,28 Margin St Unit A,Lynn,MA,01905,460000,2,2.5,Lynn,1290,58074,1988,,357,485,Sold,,,https://www.redfin.com/MA/Lynn/28-Margin-St-01905/unit-A/home/11550067,MLS PIN,73456622,N,Y,42.4574,-70.9771204
PAST SALE,October-31-2025,Multi-Family (2-4 Unit),55-57 Linwood Rd,Lynn,MA,01905,1100000,6,3,Lynn,3064,5001,1910,,359,,Sold,,,https://www.redfin.com/MA/Lynn/55-Linwood-Rd-01905/home/11544587,MLS PIN,73422436,N,Y,42.4701058,-70.9660652
PAST SALE,December-19-2025,Single Family Residential,14 River Street Pl,Lynn,MA,01905,399900,2,1,Lynn,1052,1799,1850,,380,,Sold,,,https://www.redfin.com/MA/Lynn/14-River-Street-Pl-01905/home/11549893,MLS PIN,73436324,N,Y,42.4553662,-70.9774886
PAST SALE,February-2-2026,Single Family Residential,11 Linwood Rd,Lynn,MA,01905,510000,3,2,Lynn,1500,5349,1920,,340,,Sold,,,https://www.redfin.com/MA/Lynn/11-Linwood-Rd-01905/home/11544558,MLS PIN,73448943,N,Y,42.4710342,-70.9644411
PAST SALE,July-15-2025,Townhouse,29 Glen Ct #1,Lynn,MA,01905,645000,3,2.5,Lynn,1863,,2016,,346,,Sold,,,https://www.redfin.com/MA/Lynn/29-Glen-Ct-01905/unit-1/home/179812569,MLS PIN,73380797,N,Y,42.463211,-70.9892883
PAST SALE,July-31-2025,Mobile/Manufactured Home,846 Broadway (route 1) #2,Saugus,MA,01906,105000,2,1,Saugus Mobile Home Park,900,,1969,,117,460,Sold,,,https://www.redfin.com/MA/Saugus/846-Broadway-01906/unit-2/home/195210652,MLS PIN,73400363,N,Y,42.4705149,-71.0237303
PAST SALE,April-8-2025,Single Family Residential,6 Clifton Ave,Saugus,MA,01906,555000,3,2,Saugus,885,3045,1930,,627,,Sold,,,https://www.redfin.com/MA/Saugus/6-Clifton-Ave-01906/home/11534951,MLS PIN,73337694,N,Y,42.4490246,-71.0036937
PAST SALE,August-29-2025,Townhouse,1402 Sheffield Way #1402,Saugus,MA,01906,540000,2,3,Saugus,2402,,1984,,225,574,Sold,,,https://www.redfin.com/MA/Saugus/1402-Sheffield-Way-01906/home/8387897,MLS PIN,73416620,N,Y,42.4681817,-71.0350525
PAST SALE,May-14-2025,Single Family Residential,82 Hammersmith Dr,Saugus,MA,01906,930000,4,2.5,Hammersmith Village,2080,34722,2005,,447,21,Sold,,,https://www.redfin.com/MA/Saugus/82-Hammersmith-Dr-01906/home/8406014,MLS PIN,73356317,N,Y,42.4623847,-71.038657
PAST SALE,March-13-2025,Condo/Co-op,7A Thomas St Unit J1,Saugus,MA,01906,440000,2,2,Saugus,1180,,1981,,373,420,Sold,,,https://www.redfin.com/MA/Saugus/7-Thomas-St-01906/unit-J1/home/8399264,MLS PIN,73336124,N,Y,42.4785616,-71.0254929
PAST SALE,June-11-2025,Multi-Family (2-4 Unit),9-15 Maple St,Saugus,MA,01906,950000,12,4,Saugus,4800,10001,1937,,198,,Sold,,,https://www.redfin.com/MA/Saugus/9-Maple-St-01906/home/8368350,MLS PIN,73380408,N,Y,42.4511358,-71.0145391
PAST SALE,November-17-2025,Condo/Co-op,1 Atkinson Dr #3,Saugus,MA,01906,300000,2,1,Saugus,830,,1974,,361,325,Sold,,,https://www.redfin.com/MA/Saugus/1-Atkinson-Dr-01906/unit-3/home/8382919,MLS PIN,73450108,N,Y,42.4587615,-70.9919727
PAST SALE,April-30-2025,Condo/Co-op,9 Broadway #110,Saugus,MA,01906,390000,1,1,Saugus,840,,1975,,464,383,Sold,,,https://www.redfin.com/MA/Saugus/9-Broadway-01906/unit-110/home/8405084,MLS PIN,73356224,N,Y,42.5019528,-71.0166667
PAST SALE,October-3-2025,Single Family Residential,42 Crescent,Saugus,MA,01906,750000,3,1.5,Saugus,1483,11020,1976,,506,,Sold,,,https://www.redfin.com/MA/Saugus/42-Crescent-Ave-01906/home/8379416,MLS PIN,73422224,N,Y,42.4565699,-71.0202703
PAST SALE,August-29-2025,Single Family Residential,58 Adams Ave,Saugus,MA,01906,751000,3,2,Saugus,1500,,1905,,501,,Sold,,,https://www.redfin.com/MA/Saugus/58-Adams-Ave-01906/home/8374177,MLS PIN,73409439,N,Y,42.4554853,-71.0137233
PAST SALE,January-23-2026,Single Family Residential,39 Roosevelt Ave,Danvers,MA,01923,850000,4,2.5,Danvers,2601,12001,1957,,327,,Sold,,,https://www.redfin.com/MA/Danvers/39-Roosevelt-Ave-01923/home/11289864,MLS PIN,73464351,N,Y,42.5715014,-70.9466447
PAST SALE,April-4-2025,Single Family Residential,31-A Centre St,Danvers,MA,01923,565000,3,1.5,Danvers,1575,7501,1950,,359,,Sold,,,https://www.redfin.com/MA/Danvers/31A-Centre-St-01923/home/145637788,MLS PIN,73340900,N,Y,42.5633202,-70.9601365
PAST SALE,December-22-2025,Townhouse,100 Kirkbride Dr #119,Danvers,MA,01923,970000,2,2.5,Danvers,2608,,2016,,372,656,Sold,,,https://www.redfin.com/MA/Danvers/100-Kirkbride-Dr-01923/unit-119/home/113873409,MLS PIN,73446250,N,Y,42.5794007,-70.9715031
PAST SALE,January-21-2026,Single Family Residential,244 Moulton Dr,Lynnfield,MA,01940,1000000,3,2.5,Sherwood Forest,2990,21584,1972,,334,,Sold,,,https://www.redfin.com/MA/Lynnfield/244-Moulton-Dr-01940/home/11336336,MLS PIN,73459907,N,Y,42.5169759,-71.0130733
PAST SALE,March-18-2025,Single Family Residential,158 Walnut St,Lynnfield,MA,01940,950000,5,2,Lynnfield,2938,15146,1955,,323,,Sold,,,https://www.redfin.com/MA/Lynnfield/158-Walnut-St-01940/home/11334376,MLS PIN,73337621,N,Y,42.5239584,-71.0333175
PAST SALE,October-24-2025,Single Family Residential,1217 Main St,Lynnfield,MA,01940,925000,4,2.5,Lynnfield,2974,1,1948,,311,,Sold,,,https://www.redfin.com/MA/Lynnfield/1217-Main-St-01940/home/11327908,MLS PIN,73434792,N,Y,42.5565626,-71.0412106
PAST SALE,October-7-2025,Single Family Residential,113 River St,Middleton,MA,01949,675000,5,3.5,Middleton,2594,21870,1951,,260,,Sold,,,https://www.redfin.com/MA/Middleton/113-River-St-01949/home/11344733,MLS PIN,73425996,N,Y,42.5719899,-71.0181808
PAST SALE,June-13-2025,Single Family Residential,48 Perley Ave,Peabody,MA,01960,875000,3,2,Peabody,1786,15625,1963,,490,,Sold,,,https://www.redfin.com/MA/Peabody/48-Perley-Ave-01960/home/11353166,MLS PIN,73348222,N,Y,42.5485689,-71.0288601
PAST SALE,August-28-2025,Single Family Residential,18 Lisburn St,Peabody,MA,01960,745000,3,1.5,Peabody,1574,16100,1968,,473,,Sold,,,https://www.redfin.com/MA/Peabody/18-Lisburn-St-01960/home/11360695,MLS PIN,73405842,N,Y,42.5424848,-71.0100783
PAST SALE,February-13-2026,Mobile/Manufactured Home,261 Newbury Unit 72C,Peabody,MA,01960,103000,2,1,Pine Grove Park,624,,1969,,165,451,Sold,,,https://www.redfin.com/MA/Peabody/261-Newbury-St-01960/unit-72C/home/200049081,MLS PIN,73470453,N,Y,42.5526098,-70.98048069
PAST SALE,November-10-2025,Single Family Residential,2 Curwen Rd,Peabody,MA,01960,580000,3,1,Peabody,1360,15098,1956,,426,,Sold,,,https://www.redfin.com/MA/Peabody/2-Curwen-Rd-01960/home/11355034,MLS PIN,73402486,N,Y,42.5524752,-70.9979359
PAST SALE,July-11-2025,Single Family Residential,3 Coolidge Ave,Peabody,MA,01960,550000,2,1,Peabody,1005,9879,1959,,547,,Sold,,,https://www.redfin.com/MA/Peabody/3-Coolidge-Ave-01960/home/11395161,MLS PIN,73381325,N,Y,42.5104743,-70.9479404
PAST SALE,June-3-2025,Townhouse,13 Boulderbrook Dr #13,Peabody,MA,01960,560000,2,1.5,Peabody,1258,,1990,,445,448,Sold,,,https://www.redfin.com/MA/Peabody/13-Boulderbrook-Dr-01960/unit-13/home/11387162,MLS PIN,73360366,N,Y,42.513685,-70.972617
PAST SALE,April-25-2025,Single Family Residential,7 Fairmount,Peabody,MA,01960,645000,2,2,Peabody,1778,8586,1920,,363,,Sold,,,https://www.redfin.com/MA/Peabody/7-Fairmount-Rd-01960/home/11369497,MLS PIN,73346735,N,Y,42.535572,-70.9350241
PAST SALE,October-17-2025,Single Family Residential,18 Appleby Rd,Salem,MA,01970,670000,4,2,South Salem,2080,17267,1964,,322,,Sold,,,https://www.redfin.com/MA/Salem/18-Appleby-Rd-01970/home/8359749,MLS PIN,73421204,N,Y,42.499842,-70.9335728
PAST SALE,May-12-2025,Single Family Residential,39 Alderbrook Dr,Topsfield,MA,01983,1140000,4,3.5,Topsfield,2384,87555,1974,,478,,Sold,,,https://www.redfin.com/MA/Topsfield/39-Alderbrook-Dr-01983/home/8388744,MLS PIN,73365984,N,Y,42.6206324,-70.9679846
PAST SALE,April-29-2025,Townhouse,3104 Maple Brook Rd #3104,Bellingham,MA,02019,550000,2,2.5,Bellingham,2218,,2005,,248,392,Sold,,,https://www.redfin.com/MA/Bellingham/3104-Maple-Brook-Rd-02019/unit-3104/home/179764089,MLS PIN,73344729,N,Y,42.0797175,-71.4601999
PAST SALE,May-8-2025,Single Family Residential,363 Maple St,Bellingham,MA,02019,570000,2,2,Bellingham,2000,38895,1950,,285,,Sold,,,https://www.redfin.com/MA/Bellingham/363-Maple-St-02019/home/8814060,MLS PIN,73353841,N,Y,42.0930737,-71.4505993
PAST SALE,September-29-2025,Single Family Residential,941 S Main St,Bellingham,MA,02019,305000,3,1,Bellingham,1912,31498,1870,,160,,Sold,,,https://www.redfin.com/MA/Bellingham/941-S-Main-St-02019/home/8819593,MLS PIN,73418051,N,Y,42.0636137,-71.4785189
PAST SALE,August-8-2025,Single Family Residential,76 N Main St,Bellingham,MA,02019,499000,3,1.5,Bellingham,1289,18395,1962,,387,,Sold,,,https://www.redfin.com/MA/Bellingham/76-N-Main-St-02019/home/8813634,MLS PIN,73387685,N,Y,42.0963291,-71.4748001
PAST SALE,May-12-2025,Single Family Residential,5 Bertine,Bellingham,MA,02019,480000,3,2,Bellingham,1456,6200,1940,,330,,Sold,,,https://www.redfin.com/MA/Bellingham/5-Bertine-St-02019/home/8819992,MLS PIN,73357135,N,Y,42.0614504,-71.4630753
PAST SALE,July-21-2025,Single Family Residential,50 Wall St,Canton,MA,02021,549000,3,1.5,Canton,1516,3818,1800,,362,,Sold,,,https://www.redfin.com/MA/Canton/50-Wall-St-02021/home/11827248,MLS PIN,73363146,N,Y,42.1536711,-71.1487657
PAST SALE,October-3-2025,Condo/Co-op,20 Audubon Way #403,Canton,MA,02021,834200,2,2.5,Canton,1440,,2025,,579,450,Sold,,,https://www.redfin.com/MA/Canton/20-Audubon-Way-02021/unit-403/home/193939367,MLS PIN,73320005,N,Y,42.1598852,-71.1419189
PAST SALE,October-3-2025,Condo/Co-op,20 Audubon Way #207,Canton,MA,02021,829200,2,2.5,Canton,1440,,2025,,576,450,Sold,,,https://www.redfin.com/MA/Canton/20-Audubon-Way-02021/unit-207/home/195110946,MLS PIN,73348515,N,Y,42.1598852,-71.1419189
PAST SALE,December-12-2025,Condo/Co-op,20 Audubon Way #206,Canton,MA,02021,710000,2,2.5,Canton,1421,,2025,,500,470,Sold,,,https://www.redfin.com/MA/Canton/20-Audubon-Way-02021/unit-206/home/195808000,MLS PIN,73457696,N,Y,42.1598852,-71.1419189
PAST SALE,October-8-2025,Condo/Co-op,20 Audubon Way #107,Canton,MA,02021,821800,2,2.5,Canton,1440,,2025,,571,450,Sold,,,https://www.redfin.com/MA/Canton/20-Audubon-Way-02021/unit-107/home/196546221,MLS PIN,73408232,N,Y,42.1598852,-71.1419189
PAST SALE,October-3-2025,Condo/Co-op,20 Audubon Way #204,Canton,MA,02021,764150,2,2.5,Canton,1421,,2025,,538,450,Sold,,,https://www.redfin.com/MA/Canton/20-Audubon-Way-02021/unit-204/home/194137673,MLS PIN,73399397,N,Y,42.1598852,-71.1419189
PAST SALE,October-3-2025,Condo/Co-op,20 Audubon Way #308,Canton,MA,02021,803900,2,2.5,Canton,1440,,2025,,558,480,Sold,,,https://www.redfin.com/MA/Canton/20-Audubon-Way-02021/unit-308/home/196735551,MLS PIN,73411733,N,Y,42.1598852,-71.1419189
PAST SALE,October-7-2025,Condo/Co-op,20 Audubon Way #407,Canton,MA,02021,825800,2,2.5,Canton,1440,,2025,,573,450,Sold,,,https://www.redfin.com/MA/Canton/20-Audubon-Way-02021/unit-407/home/193639445,MLS PIN,73314290,N,Y,42.1598852,-71.1419189
PAST SALE,September-18-2025,Single Family Residential,114 Indian Ln,Canton,MA,02021,1430000,4,2.5,Canton,3006,43560,2019,,476,,Sold,,,https://www.redfin.com/MA/Canton/114-Indian-Ln-02021/home/160376869,MLS PIN,73399516,N,Y,42.1547507,-71.0946941
PAST SALE,April-30-2025,Condo/Co-op,47 Will Dr #108,Canton,MA,02021,300000,1,1,Canton,758,,1971,,396,425,Sold,,,https://www.redfin.com/MA/Canton/47-Will-Dr-02021/unit-108/home/11830458,MLS PIN,73354518,N,Y,42.1469297,-71.1231017
PAST SALE,April-4-2025,Single Family Residential,6 Redman Rd,Canton,MA,02021,710000,3,1.5,Canton,1500,16200,1961,,473,,Sold,,,https://www.redfin.com/MA/Canton/6-Redman-Rd-02021/home/11705281,MLS PIN,73340684,N,Y,42.1803736,-71.1204583
PAST SALE,March-28-2025,Single Family Residential,34 Farm St,Canton,MA,02021,610000,3,1,Canton,1300,9094,1955,,469,,Sold,,,https://www.redfin.com/MA/Canton/34-Farm-St-02021/home/11832319,MLS PIN,73339483,N,Y,42.1838184,-71.1131238
PAST SALE,July-21-2025,Single Family Residential,50 Wall St,Canton,MA,02021,549000,3,1.5,Canton,1516,3818,1800,,362,,Sold,,,https://www.redfin.com/MA/Canton/50-Wall-St-02021/home/11827248,MLS PIN,73363146,N,Y,42.1536711,-71.1487657
PAST SALE,October-3-2025,Condo/Co-op,20 Audubon Way #207,Canton,MA,02021,829200,2,2.5,Canton,1440,,2025,,576,450,Sold,,,https://www.redfin.com/MA/Canton/20-Audubon-Way-02021/unit-207/home/195110946,MLS PIN,73348515,N,Y,42.1598852,-71.1419189
PAST SALE,October-3-2025,Condo/Co-op,20 Audubon Way #403,Canton,MA,02021,834200,2,2.5,Canton,1440,,2025,,579,450,Sold,,,https://www.redfin.com/MA/Canton/20-Audubon-Way-02021/unit-403/home/193939367,MLS PIN,73320005,N,Y,42.1598852,-71.1419189
PAST SALE,October-7-2025,Condo/Co-op,20 Audubon Way #407,Canton,MA,02021,825800,2,2.5,Canton,1440,,2025,,573,450,Sold,,,https://www.redfin.com/MA/Canton/20-Audubon-Way-02021/unit-407/home/193639445,MLS PIN,73314290,N,Y,42.1598852,-71.1419189
PAST SALE,October-8-2025,Condo/Co-op,20 Audubon Way #107,Canton,MA,02021,821800,2,2.5,Canton,1440,,2025,,571,450,Sold,,,https://www.redfin.com/MA/Canton/20-Audubon-Way-02021/unit-107/home/196546221,MLS PIN,73408232,N,Y,42.1598852,-71.1419189
PAST SALE,October-3-2025,Condo/Co-op,20 Audubon Way #308,Canton,MA,02021,803900,2,2.5,Canton,1440,,2025,,558,480,Sold,,,https://www.redfin.com/MA/Canton/20-Audubon-Way-02021/unit-308/home/196735551,MLS PIN,73411733,N,Y,42.1598852,-71.1419189
PAST SALE,December-12-2025,Condo/Co-op,20 Audubon Way #206,Canton,MA,02021,710000,2,2.5,Canton,1421,,2025,,500,470,Sold,,,https://www.redfin.com/MA/Canton/20-Audubon-Way-02021/unit-206/home/195808000,MLS PIN,73457696,N,Y,42.1598852,-71.1419189
PAST SALE,October-3-2025,Condo/Co-op,20 Audubon Way #204,Canton,MA,02021,764150,2,2.5,Canton,1421,,2025,,538,450,Sold,,,https://www.redfin.com/MA/Canton/20-Audubon-Way-02021/unit-204/home/194137673,MLS PIN,73399397,N,Y,42.1598852,-71.1419189
PAST SALE,June-17-2025,Single Family Residential,85 Sunset Ave,Dedham,MA,02026,730000,2,1.5,Dedham,1952,6269,1950,,374,,Sold,,,https://www.redfin.com/MA/Dedham/85-Sunset-Ave-02026/home/8851825,MLS PIN,73366718,N,Y,42.2550119,-71.1585678
PAST SALE,August-18-2025,Single Family Residential,22 Sanderson Ave,Dedham,MA,02026,825000,3,1.5,Dedham,1666,14570,1952,,495,,Sold,,,https://www.redfin.com/MA/Dedham/22-Sanderson-Ave-02026/home/8862448,MLS PIN,73402465,N,Y,42.2402593,-71.1558293
PAST SALE,November-5-2025,Single Family Residential,325 East St,Dedham,MA,02026,1100000,5,2.5,Dedham,3268,3600,2023,,337,,Sold,,,https://www.redfin.com/MA/Dedham/325-East-St-02026/home/8854598,MLS PIN,73432880,N,Y,42.2495753,-71.1706474
PAST SALE,July-31-2025,Single Family Residential,19 Sprague St,Dedham,MA,02026,630000,3,1,Dedham,1204,8400,1957,,523,,Sold,,,https://www.redfin.com/MA/Dedham/19-Sprague-St-02026/home/8871641,MLS PIN,73381988,N,Y,42.2317281,-71.1589999
PAST SALE,July-9-2025,Single Family Residential,73 Walnut St,Dedham,MA,02026,405000,3,1.5,Dedham,2104,3808,1926,,192,,Sold,,,https://www.redfin.com/MA/Dedham/73-Walnut-St-02026/home/8858958,MLS PIN,73361085,N,Y,42.2451057,-71.1552258
PAST SALE,January-15-2026,Condo/Co-op,8 Fort Ln #8,Dedham,MA,02026,465000,4,1,Dedham,1181,1,1900,,394,236,Sold,,,https://www.redfin.com/MA/Dedham/8-Fort-Ln-02026/unit-8/home/197442375,MLS PIN,73422600,N,Y,42.2507948,-71.1682863
PAST SALE,June-6-2025,Single Family Residential,28 Beacon St,Dedham,MA,02026,775000,3,2,Riverdale,1272,4500,1940,,609,,Sold,,,https://www.redfin.com/MA/Dedham/28-Beacon-St-02026/home/8847718,MLS PIN,73360910,N,Y,42.2653911,-71.1782942
PAST SALE,June-25-2025,Single Family Residential,191 Schoolmaster Ln,Dedham,MA,02026,2450000,5,5.5,Dedham,5642,56036,2014,,434,29,Sold,,,https://www.redfin.com/MA/Dedham/191-Schoolmaster-Ln-02026/home/62270400,MLS PIN,73384750,N,Y,42.25877,-71.2133118
PAST SALE,August-7-2025,Single Family Residential,1154 East St,Dedham,MA,02026,695000,3,1.5,Greenlodge,1728,7800,1951,,402,,Sold,,,https://www.redfin.com/MA/Dedham/1154-East-St-02026/home/8875575,MLS PIN,73396023,N,Y,42.2239142,-71.1654373
PAST SALE,February-19-2026,Single Family Residential,5 Cobb Ln,Dedham,MA,02026,291000,3,1,Dedham,1014,9700,1900,,287,,Sold,,,https://www.redfin.com/MA/Dedham/5-Cobb-Ln-02026/home/8852108,MLS PIN,73472090,N,Y,42.2535477,-71.1571753
PAST SALE,May-15-2025,Single Family Residential,57 Grandfield St,Dedham,MA,02026,725000,3,2,Riverdale,1404,4131,1917,,516,,Sold,,,https://www.redfin.com/MA/Dedham/57-Grandfield-St-02026/home/8845080,MLS PIN,73364026,N,Y,42.2732202,-71.1794562
PAST SALE,December-18-2025,Single Family Residential,306 Highland St,Dedham,MA,02026,875000,3,2,Dedham,1860,17202,1958,,470,,Sold,,,https://www.redfin.com/MA/Dedham/306-Highland-St-02026/home/8864206,MLS PIN,73456883,N,Y,42.2380874,-71.1838174
PAST SALE,May-29-2025,Single Family Residential,182 Needham St,Dedham,MA,02026,875000,3,2.5,Dedham,1763,12859,1980,,496,,Sold,,,https://www.redfin.com/MA/Dedham/182-Needham-St-02026/home/11705646,MLS PIN,73368172,N,Y,42.2695861,-71.1821929
PAST SALE,March-17-2025,Condo/Co-op,989 East St #409,Dedham,MA,02026,289124,1,1,Greenlodge,882,,2003,,328,411,Sold,,,https://www.redfin.com/MA/Dedham/989-East-St-02026/unit-409/home/12411379,MLS PIN,73339708,N,Y,42.229359,-71.1625803
PAST SALE,June-17-2025,Single Family Residential,85 Sunset Ave,Dedham,MA,02026,730000,2,1.5,Dedham,1952,6269,1950,,374,,Sold,,,https://www.redfin.com/MA/Dedham/85-Sunset-Ave-02026/home/8851825,MLS PIN,73366718,N,Y,42.2550119,-71.1585678
PAST SALE,November-5-2025,Single Family Residential,325 East St,Dedham,MA,02026,1100000,5,2.5,Dedham,3268,3600,2023,,337,,Sold,,,https://www.redfin.com/MA/Dedham/325-East-St-02026/home/8854598,MLS PIN,73432880,N,Y,42.2495753,-71.1706474
PAST SALE,August-18-2025,Single Family Residential,22 Sanderson Ave,Dedham,MA,02026,825000,3,1.5,Dedham,1666,14570,1952,,495,,Sold,,,https://www.redfin.com/MA/Dedham/22-Sanderson-Ave-02026/home/8862448,MLS PIN,73402465,N,Y,42.2402593,-71.1558293
PAST SALE,July-31-2025,Single Family Residential,19 Sprague St,Dedham,MA,02026,630000,3,1,Dedham,1204,8400,1957,,523,,Sold,,,https://www.redfin.com/MA/Dedham/19-Sprague-St-02026/home/8871641,MLS PIN,73381988,N,Y,42.2317281,-71.1589999
PAST SALE,July-9-2025,Single Family Residential,73 Walnut St,Dedham,MA,02026,405000,3,1.5,Dedham,2104,3808,1926,,192,,Sold,,,https://www.redfin.com/MA/Dedham/73-Walnut-St-02026/home/8858958,MLS PIN,73361085,N,Y,42.2451057,-71.1552258
PAST SALE,January-15-2026,Condo/Co-op,8 Fort Ln #8,Dedham,MA,02026,465000,4,1,Dedham,1181,1,1900,,394,236,Sold,,,https://www.redfin.com/MA/Dedham/8-Fort-Ln-02026/unit-8/home/197442375,MLS PIN,73422600,N,Y,42.2507948,-71.1682863
PAST SALE,June-6-2025,Single Family Residential,28 Beacon St,Dedham,MA,02026,775000,3,2,Riverdale,1272,4500,1940,,609,,Sold,,,https://www.redfin.com/MA/Dedham/28-Beacon-St-02026/home/8847718,MLS PIN,73360910,N,Y,42.2653911,-71.1782942
PAST SALE,June-25-2025,Single Family Residential,191 Schoolmaster Ln,Dedham,MA,02026,2450000,5,5.5,Dedham,5642,56036,2014,,434,29,Sold,,,https://www.redfin.com/MA/Dedham/191-Schoolmaster-Ln-02026/home/62270400,MLS PIN,73384750,N,Y,42.25877,-71.2133118
PAST SALE,June-5-2025,Vacant Land,50 East St,East Walpole,MA,02032,1300000,,,Walpole,,121968,,,,,Sold,,,https://www.redfin.com/MA/East-Walpole/50-East-St-02032/home/8956854,MLS PIN,73344331,N,Y,42.1603241,-71.2191594
PAST SALE,October-31-2025,Single Family Residential,38 Park Ln,East Walpole,MA,02032,829000,3,1.5,Walpole,1900,24440,1950,,436,,Sold,,,https://www.redfin.com/MA/East-Walpole/38-Park-Ln-02032/home/8963017,MLS PIN,73434172,N,Y,42.1544947,-71.2066868
PAST SALE,February-27-2025,Condo/Co-op,34 Washington Grn #6,East Walpole,MA,02032,439000,2,2,Walpole,896,,1985,,490,564,Sold,,,https://www.redfin.com/MA/East-Walpole/34-Washington-Grn-02032/unit-6/home/8955112,MLS PIN,73328480,N,Y,42.1572788,-71.2211377
PAST SALE,July-3-2025,Single Family Residential,113 Debbie Road Ext,Brockton,MA,02032,867500,4,2.5,Brockton,2750,33200,2025,,315,42,Sold,,,https://www.redfin.com/MA/Brockton/113-Debbie-Rd-02302/home/196186622,MLS PIN,73396464,N,Y,42.0934128,-70.9870466
PAST SALE,June-18-2025,Townhouse,2 Redwood Mews #2,East Walpole,MA,02032,547000,2,2.5,East Walpole,1766,,1972,,310,484,Sold,,,https://www.redfin.com/MA/East-Walpole/2-Redwood-Mews-02032/unit-2/home/195646661,MLS PIN,73371752,N,Y,42.1594174,-71.2107009
PAST SALE,June-5-2025,Vacant Land,50 East St,East Walpole,MA,02032,1300000,,,Walpole,,121968,,,,,Sold,,,https://www.redfin.com/MA/East-Walpole/50-East-St-02032/home/8956854,MLS PIN,73344331,N,Y,42.1603241,-71.2191594
PAST SALE,October-31-2025,Single Family Residential,38 Park Ln,East Walpole,MA,02032,829000,3,1.5,Walpole,1900,24440,1950,,436,,Sold,,,https://www.redfin.com/MA/East-Walpole/38-Park-Ln-02032/home/8963017,MLS PIN,73434172,N,Y,42.1544947,-71.2066868
PAST SALE,August-28-2025,Single Family Residential,128 Beach St,Foxboro,MA,02035,825000,3,3,Foxboro,2576,23223,1962,,320,,Sold,,,https://www.redfin.com/MA/Foxboro/128-Beach-St-02035/home/11707456,MLS PIN,73408434,N,Y,42.0965158,-71.2449387
PAST SALE,April-4-2025,Single Family Residential,2 Harley Ln,Foxboro,MA,02035,1000000,4,2.5,Foxboro,2510,40000,1993,,398,,Sold,,,https://www.redfin.com/MA/Foxboro/2-Harley-Ln-02035/home/11707587,MLS PIN,73347461,N,Y,42.0969613,-71.2354254
PAST SALE,June-9-2025,Single Family Residential,14 Morningside Ln,Foxboro,MA,02035,814050,4,2.5,Foxboro,2364,40000,1981,,344,,Sold,,,https://www.redfin.com/MA/Foxboro/14-Morningside-Ln-02035/home/11709181,MLS PIN,73367756,N,Y,42.0785982,-71.2274897
PAST SALE,October-1-2025,Townhouse,23 Highwood Dr #23,Franklin,MA,02038,385000,2,1,Franklin,1008,,1977,,382,348,Sold,,,https://www.redfin.com/MA/Franklin/23-Highwood-Dr-02038/unit-23/home/138462800,MLS PIN,73415482,N,Y,42.091135,-71.413877
PAST SALE,September-30-2025,Single Family Residential,58 Stonehedge Rd,Franklin,MA,02038,849900,4,2.5,Franklin,2630,132553,2007,,323,75,Sold,,,https://www.redfin.com/MA/Franklin/58-Stonehedge-Rd-02038/home/18955818,MLS PIN,73418468,N,Y,42.0961278,-71.4465178
PAST SALE,July-15-2025,Condo/Co-op,90 E Central St #104,Franklin,MA,02038,711606,3,2,Franklin,1798,,2025,,396,456,Sold,,,https://www.redfin.com/MA/Franklin/90-E-Central-St-02038/unit-104/home/196284639,MLS PIN,73400696,N,Y,42.0813943,-71.3936943
PAST SALE,July-31-2025,Multi-Family (2-4 Unit),22-24 Stubb St,Franklin,MA,02038,690000,4,3,Franklin,2232,12693,1927,,309,,Sold,,,https://www.redfin.com/MA/Franklin/24-Stubb-St-02038/home/181047817,MLS PIN,73390606,N,Y,42.087515,-71.4072797
PAST SALE,July-9-2025,Condo/Co-op,90 E Central St #206,Franklin,MA,02038,675000,3,2,Franklin,1793,,2025,,376,435,Sold,,,https://www.redfin.com/MA/Franklin/90-E-Central-St-02038/unit-206/home/196284553,MLS PIN,73400683,N,Y,42.0813943,-71.3936943
PAST SALE,October-21-2025,Single Family Residential,5 Wadsworth Farm Rd,Franklin,MA,02038,1025000,4,2.5,Franklin,2574,65340,1996,,398,,Sold,,,https://www.redfin.com/MA/Franklin/5-Wadsworth-Farm-Rd-02038/home/11453617,MLS PIN,73422041,N,Y,42.0568676,-71.4212825
PAST SALE,July-8-2025,Condo/Co-op,90 E Central St #201,Franklin,MA,02038,690228,3,2,Franklin,1708,,2025,,404,441,Sold,,,https://www.redfin.com/MA/Franklin/90-E-Central-St-02038/unit-201/home/196284627,MLS PIN,73400694,N,Y,42.0813943,-71.3936943
PAST SALE,April-3-2025,Single Family Residential,127 Beech St,Franklin,MA,02038,501000,2,1,Franklin,994,15002,1962,,504,,Sold,,,https://www.redfin.com/MA/Franklin/127-Beech-St-02038/home/11480511,MLS PIN,73344090,N,Y,42.1263116,-71.4385403
PAST SALE,April-15-2025,Multi-Family (2-4 Unit),249 Union St,Franklin,MA,02038,540000,5,2,Franklin,1507,5898,1900,,358,,Sold,,,https://www.redfin.com/MA/Franklin/249-Union-St-02038/home/11459391,MLS PIN,73315054,N,Y,42.0807675,-71.4035668
PAST SALE,July-15-2025,Townhouse,137 Grey Wolf Dr #137,Franklin,MA,02038,625000,2,2.5,Franklin,2006,,2007,,312,370,Sold,,,https://www.redfin.com/MA/Franklin/137-Grey-Wolf-Dr-02038/unit-137/home/60367256,MLS PIN,73381939,N,Y,42.1021855,-71.3864964
PAST SALE,December-5-2025,Townhouse,60 Stone Ridge Rd #60,Franklin,MA,02038,450000,2,2.5,Franklin,1591,,1986,,283,456,Sold,,,https://www.redfin.com/MA/Franklin/60-Stone-Ridge-Rd-02038/unit-60/home/113224445,MLS PIN,73457207,N,Y,42.0845097,-71.4309005
PAST SALE,December-31-2025,Condo/Co-op,14 Pleasant St Unit A,Franklin,MA,02038,360000,3,1.5,Franklin,973,14375,1900,,370,250,Sold,,,https://www.redfin.com/MA/Franklin/14-Pleasant-St-02038/unit-A/home/11467005,MLS PIN,73459111,N,Y,42.0899049,-71.4003135
PAST SALE,June-25-2025,Single Family Residential,8 Mccarthy St,Franklin,MA,02038,555000,3,1.5,Franklin,1344,3110,1925,,413,,Sold,,,https://www.redfin.com/MA/Franklin/8-McCarthy-St-02038/home/11459626,MLS PIN,73375505,N,Y,42.0805074,-71.4037988
PAST SALE,April-15-2025,Townhouse,105 Stone Ridge Rd #105,Franklin,MA,02038,510000,2,2.5,Franklin,1630,,1986,,313,467,Sold,,,https://www.redfin.com/MA/Franklin/105-Stone-Ridge-Rd-02038/unit-105/home/113223775,MLS PIN,73338994,N,Y,42.082565,-71.430751
PAST SALE,September-4-2025,Single Family Residential,28 Oxford Dr,Franklin,MA,02038,930000,4,2.5,Franklin,2491,40019,1997,,373,,Sold,,,https://www.redfin.com/MA/Franklin/28-Oxford-Dr-02038/home/11455130,MLS PIN,73408170,N,Y,42.0717379,-71.4476773
PAST SALE,March-31-2025,Condo/Co-op,599 Old West Central St Unit C5,Franklin,MA,02038,280500,2,1,Franklin,882,,1982,,318,390,Sold,,,https://www.redfin.com/MA/Franklin/599-Old-West-Central-St-02038/unit-C5/home/11464677,MLS PIN,73336721,N,Y,42.0912743,-71.4208221
PAST SALE,September-12-2025,Single Family Residential,114 Woodside Rd,Franklin,MA,02038,700000,4,2,Franklin,2313,21789,1979,,303,,Sold,,,https://www.redfin.com/MA/Franklin/114-Woodside-Rd-02038/home/11470863,MLS PIN,73408515,N,Y,42.1054236,-71.4321279
PAST SALE,April-3-2025,Single Family Residential,127 Beech St,Franklin,MA,02038,501000,2,1,Franklin,994,15002,1962,,504,,Sold,,,https://www.redfin.com/MA/Franklin/127-Beech-St-02038/home/11480511,MLS PIN,73344090,N,Y,42.1263116,-71.4385403
PAST SALE,,Condo/Co-op,2104 Hockley Dr,Hingham,MA,02043,483000,2,1,,936,,1986,,516,,,,,https://www.redfin.com/MA/Hingham/2104-Hockley-Dr-02043/home/16365011,,,N,Y,42.2415358,-70.9156955
PAST SALE,September-4-2025,Single Family Residential,6 Craig Ln,Hingham,MA,02043,1760000,4,3,Hingham,3108,31294,1971,,566,,Sold,,,https://www.redfin.com/MA/Hingham/6-Craig-Ln-02043/home/16361153,MLS PIN,73403662,N,Y,42.1926482,-70.8796509
PAST SALE,February-12-2026,Single Family Residential,54 Baker Hill Dr,Hingham,MA,02043,2760000,4,4.5,Baker Hill Drive,4800,40946,2015,,575,77,Sold,,,https://www.redfin.com/MA/Hingham/54-Baker-Hill-Dr-02043/home/66764891,MLS PIN,73474539,N,Y,42.2419092,-70.9032327
PAST SALE,April-30-2025,Single Family Residential,25 Farm Hls,Hingham,MA,02043,830000,3,1,Hingham,2163,18000,1955,,384,,Sold,,,https://www.redfin.com/MA/Hingham/25-Farm-Hills-Ln-02043/home/16360470,MLS PIN,73354915,N,Y,42.1751622,-70.8965109
PAST SALE,April-15-2025,Single Family Residential,78 Gardner St,Hingham,MA,02043,3530000,5,4.5,Hingham,5291,61855,2024,,667,,Sold,,,https://www.redfin.com/MA/Hingham/78-Gardner-St-02043/home/190416114,MLS PIN,73337205,N,Y,42.1866753,-70.889978
PAST SALE,March-18-2025,Single Family Residential,25 Arnold Rd,Hingham,MA,02043,900000,3,1,Hingham,1388,10099,1940,,648,,Sold,,,https://www.redfin.com/MA/Hingham/25-Arnold-Rd-02043/home/16363336,MLS PIN,73341833,N,Y,42.2275909,-70.8829344
PAST SALE,June-17-2025,Single Family Residential,40 Planting Fld,Medfield,MA,02052,2580000,5,3.5,Southern Acres,6637,40350,1997,,389,,Sold,,,https://www.redfin.com/MA/Medfield/40-Planting-Field-Rd-02052/home/11711283,MLS PIN,73360678,N,Y,42.163257,-71.2973737
PAST SALE,July-29-2025,Condo/Co-op,89 Pleasant St Unit B4,Medfield,MA,02052,300000,1,1,Medfield,830,,1972,,361,317,Sold,,,https://www.redfin.com/MA/Medfield/89-Pleasant-St-02052/unit-B4/home/11719465,MLS PIN,73394928,N,Y,42.1823987,-71.3017507
PAST SALE,June-17-2025,Single Family Residential,40 Planting Fld,Medfield,MA,02052,2580000,5,3.5,Southern Acres,6637,40350,1997,,389,,Sold,,,https://www.redfin.com/MA/Medfield/40-Planting-Field-Rd-02052/home/11711283,MLS PIN,73360678,N,Y,42.163257,-71.2973737
PAST SALE,February-17-2026,Townhouse,2 Mechanic St #1,Medway,MA,02053,580000,2,2.5,Medway,2280,,2019,,254,290,Sold,,,https://www.redfin.com/MA/Medway/2-Mechanic-St-02053/unit-1/home/167158383,MLS PIN,73466539,N,Y,42.1461925,-71.429456
PAST SALE,July-22-2025,Single Family Residential,16 Cottonwood Ln Lot 33,Medway,MA,02053,1032816,3,2.5,Timber Crest Estates,2605,8061,2025,,396,50,Sold,,,https://www.redfin.com/MA/Medway/16-Cottonwood-Ln-02053/unit-33/home/195887694,MLS PIN,73379063,N,Y,42.166655,-71.422441
PAST SALE,March-12-2025,Single Family Residential,6 Cottonwood Ln Lot 28,Medway,MA,02053,1102610,4,2.5,Timber Crest Estates,2963,31818,2024,,372,50,Sold,,,https://www.redfin.com/MA/Medway/6-Cottonwood-Ln-02053/unit-28/home/195005121,MLS PIN,73344272,N,Y,42.167595,-71.422834
PAST SALE,September-11-2025,Condo/Co-op,19 Willow Pond Cir Unit 19,Medway,MA,02053,702330,2,2.5,Medway,2245,,2025,,313,415,Sold,,,https://www.redfin.com/MA/Medway/19-Willow-Pond-Cir-02053/unit-19/home/196108008,MLS PIN,73391438,N,Y,42.1371786,-71.4118906
PAST SALE,April-3-2025,Single Family Residential,4 Cottonwood Ln Lot 27,Medway,MA,02053,921756,3,2.5,Timber Crest Estates,2063,21023,2024,,447,50,Sold,,,https://www.redfin.com/MA/Medway/4-Cottonwood-Ln-02053/unit-27/home/191569662,MLS PIN,73264040,N,Y,42.167973,-71.422738
PAST SALE,June-25-2025,Single Family Residential,11 Cottonwood Ln Lot 34,Medway,MA,02053,933960,3,2.5,Timber Crest Estates,2193,29417,2025,,426,50,Sold,,,https://www.redfin.com/MA/Medway/11-Cottonwood-Ln-02053/unit-34/home/195887597,MLS PIN,73379054,N,Y,42.167248,-71.421636
PAST SALE,September-18-2025,Condo/Co-op,25 Willow Pond Cir Unit 25,Medway,MA,02053,681716,2,2.5,Medway,2245,,2025,,304,415,Sold,,,https://www.redfin.com/MA/Medway/25-Willow-Pond-Cir-02053/unit-25/home/196517680,MLS PIN,73407392,N,Y,42.1368386,-71.4117206
PAST SALE,July-29-2025,Single Family Residential,9 Karen Ave,Medway,MA,02053,850000,4,3,Medway,2184,14375,1960,,389,,Sold,,,https://www.redfin.com/MA/Medway/9-Karen-Ave-02053/home/11479844,MLS PIN,73351899,N,Y,42.1545906,-71.4030102
PAST SALE,August-29-2025,Single Family Residential,6 Thayer Rd,Medway,MA,02053,708000,3,1.5,Medway,2102,45520,1980,,337,,Sold,,,https://www.redfin.com/MA/Medway/6-Thayer-Rd-02053/home/11483418,MLS PIN,73389808,N,Y,42.1677559,-71.4411376
PAST SALE,February-17-2026,Townhouse,2 Mechanic St #1,Medway,MA,02053,580000,2,2.5,Medway,2280,,2019,,254,290,Sold,,,https://www.redfin.com/MA/Medway/2-Mechanic-St-02053/unit-1/home/167158383,MLS PIN,73466539,N,Y,42.1461925,-71.429456
PAST SALE,June-25-2025,Single Family Residential,11 Cottonwood Ln Lot 34,Medway,MA,02053,933960,3,2.5,Timber Crest Estates,2193,29417,2025,,426,50,Sold,,,https://www.redfin.com/MA/Medway/11-Cottonwood-Ln-02053/unit-34/home/195887597,MLS PIN,73379054,N,Y,42.167248,-71.421636
PAST SALE,September-11-2025,Condo/Co-op,19 Willow Pond Cir Unit 19,Medway,MA,02053,702330,2,2.5,Medway,2245,,2025,,313,415,Sold,,,https://www.redfin.com/MA/Medway/19-Willow-Pond-Cir-02053/unit-19/home/196108008,MLS PIN,73391438,N,Y,42.1371786,-71.4118906
PAST SALE,July-22-2025,Single Family Residential,16 Cottonwood Ln Lot 33,Medway,MA,02053,1032816,3,2.5,Timber Crest Estates,2605,8061,2025,,396,50,Sold,,,https://www.redfin.com/MA/Medway/16-Cottonwood-Ln-02053/unit-33/home/195887694,MLS PIN,73379063,N,Y,42.166655,-71.422441
PAST SALE,April-3-2025,Single Family Residential,4 Cottonwood Ln Lot 27,Medway,MA,02053,921756,3,2.5,Timber Crest Estates,2063,21023,2024,,447,50,Sold,,,https://www.redfin.com/MA/Medway/4-Cottonwood-Ln-02053/unit-27/home/191569662,MLS PIN,73264040,N,Y,42.167973,-71.422738
PAST SALE,March-12-2025,Single Family Residential,6 Cottonwood Ln Lot 28,Medway,MA,02053,1102610,4,2.5,Timber Crest Estates,2963,31818,2024,,372,50,Sold,,,https://www.redfin.com/MA/Medway/6-Cottonwood-Ln-02053/unit-28/home/195005121,MLS PIN,73344272,N,Y,42.167595,-71.422834
PAST SALE,September-18-2025,Condo/Co-op,25 Willow Pond Cir Unit 25,Medway,MA,02053,681716,2,2.5,Medway,2245,,2025,,304,415,Sold,,,https://www.redfin.com/MA/Medway/25-Willow-Pond-Cir-02053/unit-25/home/196517680,MLS PIN,73407392,N,Y,42.1368386,-71.4117206
PAST SALE,July-29-2025,Single Family Residential,9 Karen Ave,Medway,MA,02053,850000,4,3,Medway,2184,14375,1960,,389,,Sold,,,https://www.redfin.com/MA/Medway/9-Karen-Ave-02053/home/11479844,MLS PIN,73351899,N,Y,42.1545906,-71.4030102
PAST SALE,June-18-2025,Single Family Residential,1 Frontier Ln,Millis,MA,02054,1612500,4,4.5,Millis,4485,64469,2022,,360,,Sold,,,https://www.redfin.com/MA/Millis/1-Frontier-Ln-02054/home/144873903,MLS PIN,73357943,N,Y,42.1882886,-71.3604706
PAST SALE,March-31-2025,Single Family Residential,33 Parnell St,Millis,MA,02054,450000,3,1,Millis,1137,8712,1920,,396,,Sold,,,https://www.redfin.com/MA/Millis/33-Parnell-St-02054/home/11488880,MLS PIN,73325905,N,Y,42.1714745,-71.3498362
PAST SALE,February-19-2026,Single Family Residential,27 Pollard Dr,Millis,MA,02054,775000,6,3.5,Millis,3532,19602,1960,,219,,Sold,,,https://www.redfin.com/MA/Millis/27-Pollard-Dr-02054/home/11488091,MLS PIN,73448837,N,Y,42.1732125,-71.3622786
PAST SALE,January-30-2026,Townhouse,27 Richardson Dr #27,Millis,MA,02054,935000,2,2.5,Millis,2485,,2023,,376,625,Sold,,,https://www.redfin.com/MA/Millis/27-Richardson-Dr-02054/unit-27/home/196076578,MLS PIN,73390614,N,Y,42.1876686,-71.4006306
PAST SALE,May-29-2025,Single Family Residential,363 Plain St,Millis,MA,02054,650000,4,2.5,Millis,1732,15682,1958,,375,,Sold,,,https://www.redfin.com/MA/Millis/363-Plain-St-02054/home/11492559,MLS PIN,73371670,N,Y,42.1565195,-71.3523298
PAST SALE,November-14-2025,Single Family Residential,46 May Rd,Millis,MA,02054,950000,4,2.5,Millis,2651,15120,2025,,358,83,Sold,,,https://www.redfin.com/MA/Millis/46-May-Rd-02054/home/197637437,MLS PIN,73425322,N,Y,42.16995,-71.368942
PAST SALE,July-11-2025,Single Family Residential,50 Morse Ave,Millis,MA,02054,925000,3,3.5,Millis,3004,21780,2017,,308,,Sold,,,https://www.redfin.com/MA/Millis/50-Morse-Ave-02054/home/11487247,MLS PIN,73386515,N,Y,42.1754995,-71.3584304
PAST SALE,July-2-2025,Single Family Residential,13 May Rd,Millis,MA,02054,1095000,5,3,Millis,2994,15099,2025,,366,83,Sold,,,https://www.redfin.com/MA/Millis/13-May-Rd-02054/home/195867896,MLS PIN,73378250,N,Y,42.1717586,-71.3698106
PAST SALE,June-30-2025,Single Family Residential,21 Grove St,Millis,MA,02054,929000,4,2.5,Millis,2395,64469,1987,,388,,Sold,,,https://www.redfin.com/MA/Millis/21-Grove-St-02054/home/11486144,MLS PIN,73353699,N,Y,42.1776252,-71.3962378
PAST SALE,December-30-2025,Single Family Residential,136 Spring St,Millis,MA,02054,570000,3,2,Millis,1236,13939,1956,,461,,Sold,,,https://www.redfin.com/MA/Millis/136-Spring-St-02054/home/11491311,MLS PIN,73452462,N,Y,42.1602878,-71.3577809
PAST SALE,June-18-2025,Single Family Residential,1 Frontier Ln,Millis,MA,02054,1612500,4,4.5,Millis,4485,64469,2022,,360,,Sold,,,https://www.redfin.com/MA/Millis/1-Frontier-Ln-02054/home/144873903,MLS PIN,73357943,N,Y,42.1882886,-71.3604706
PAST SALE,March-31-2025,Single Family Residential,33 Parnell St,Millis,MA,02054,450000,3,1,Millis,1137,8712,1920,,396,,Sold,,,https://www.redfin.com/MA/Millis/33-Parnell-St-02054/home/11488880,MLS PIN,73325905,N,Y,42.1714745,-71.3498362
PAST SALE,February-19-2026,Single Family Residential,27 Pollard Dr,Millis,MA,02054,775000,6,3.5,Millis,3532,19602,1960,,219,,Sold,,,https://www.redfin.com/MA/Millis/27-Pollard-Dr-02054/home/11488091,MLS PIN,73448837,N,Y,42.1732125,-71.3622786
PAST SALE,January-30-2026,Townhouse,27 Richardson Dr #27,Millis,MA,02054,935000,2,2.5,Millis,2485,,2023,,376,625,Sold,,,https://www.redfin.com/MA/Millis/27-Richardson-Dr-02054/unit-27/home/196076578,MLS PIN,73390614,N,Y,42.1876686,-71.4006306
PAST SALE,May-29-2025,Single Family Residential,363 Plain St,Millis,MA,02054,650000,4,2.5,Millis,1732,15682,1958,,375,,Sold,,,https://www.redfin.com/MA/Millis/363-Plain-St-02054/home/11492559,MLS PIN,73371670,N,Y,42.1565195,-71.3523298
PAST SALE,July-11-2025,Single Family Residential,50 Morse Ave,Millis,MA,02054,925000,3,3.5,Millis,3004,21780,2017,,308,,Sold,,,https://www.redfin.com/MA/Millis/50-Morse-Ave-02054/home/11487247,MLS PIN,73386515,N,Y,42.1754995,-71.3584304
PAST SALE,November-14-2025,Single Family Residential,46 May Rd,Millis,MA,02054,950000,4,2.5,Millis,2651,15120,2025,,358,83,Sold,,,https://www.redfin.com/MA/Millis/46-May-Rd-02054/home/197637437,MLS PIN,73425322,N,Y,42.16995,-71.368942
PAST SALE,July-2-2025,Single Family Residential,13 May Rd,Millis,MA,02054,1095000,5,3,Millis,2994,15099,2025,,366,83,Sold,,,https://www.redfin.com/MA/Millis/13-May-Rd-02054/home/195867896,MLS PIN,73378250,N,Y,42.1717586,-71.3698106
PAST SALE,August-15-2025,Single Family Residential,2 Shady Way,Norfolk,MA,02056,948000,4,4,Norfolk,3708,55475,1990,,256,,Sold,,,https://www.redfin.com/MA/Norfolk/2-Shady-Way-02056/home/11490589,MLS PIN,73396637,N,Y,42.0962978,-71.3356049
PAST SALE,January-26-2026,Single Family Residential,9 Waites Crossing Way,Norfolk,MA,02056,1199655,4,2.5,Waites Crossing,3043,15465,2024,,394,,Sold,,,https://www.redfin.com/MA/Norfolk/9-Waites-Xing-02056/home/195997749,MLS PIN,73386397,N,Y,42.098873,-71.356273
PAST SALE,October-24-2025,Single Family Residential,8 Waites Crossing Way,Norfolk,MA,02056,1132555,4,2.5,Waites Crossing,2685,15925,2024,,422,,Sold,,,https://www.redfin.com/MA/Norfolk/8-Waites-Xing-02056/home/195339981,MLS PIN,73358721,N,Y,42.098873,-71.356273
PAST SALE,October-30-2025,Townhouse,56 Thomas Mann Cir Unit 43,Norfolk,MA,02056,930000,3,2.5,Norfolk,2794,,2025,,333,375,Sold,,,https://www.redfin.com/MA/Norfolk/56-Thomas-Mann-Cir-02056/unit-43/home/198594119,MLS PIN,73443456,N,Y,42.1382886,-71.3070906
PAST SALE,February-17-2026,Townhouse,51 Thomas Mann Cir Unit 30,Norfolk,MA,02056,904930,3,2.5,Norfolk,2794,,2025,,324,375,Sold,,,https://www.redfin.com/MA/Norfolk/51-Thomas-Mann-02056/unit-30/home/197553831,MLS PIN,73423537,N,Y,42.1378974,-71.3076553
PAST SALE,June-27-2025,Condo/Co-op,124 Grey Birch #124,Norfolk,MA,02056,785000,2,2.5,Norfolk,2172,51,2007,,361,525,Sold,,,https://www.redfin.com/MA/Norfolk/124-Grey-Birch-Rd-02056/unit-124/home/113224574,MLS PIN,73388685,N,Y,42.1359291,-71.3459734
PAST SALE,September-25-2025,Townhouse,41 Thomas Mann Cir #25,Norfolk,MA,02056,872417,3,2.5,Norfolk,2325,,2025,,375,375,Sold,,,https://www.redfin.com/MA/Norfolk/41-Thomas-Mann-Cir-02056/unit-25/home/198072991,MLS PIN,73432782,N,Y,42.1375486,-71.3073706
PAST SALE,June-25-2025,Single Family Residential,12 Norway Farms Dr,Norfolk,MA,02056,1100000,4,3.5,Norway Farms,4305,89215,1993,,256,,Sold,,,https://www.redfin.com/MA/Norfolk/12-Norway-Farms-Dr-02056/home/11489046,MLS PIN,73373858,N,Y,42.1216506,-71.3411178
PAST SALE,February-17-2026,Townhouse,51 Thomas Mann Cir Unit 30,Norfolk,MA,02056,904930,3,2.5,Norfolk,2794,,2025,,324,375,Sold,,,https://www.redfin.com/MA/Norfolk/51-Thomas-Mann-02056/unit-30/home/197553831,MLS PIN,73423537,N,Y,42.1378974,-71.3076553
PAST SALE,October-30-2025,Townhouse,56 Thomas Mann Cir Unit 43,Norfolk,MA,02056,930000,3,2.5,Norfolk,2794,,2025,,333,375,Sold,,,https://www.redfin.com/MA/Norfolk/56-Thomas-Mann-Cir-02056/unit-43/home/198594119,MLS PIN,73443456,N,Y,42.1382886,-71.3070906
PAST SALE,June-27-2025,Condo/Co-op,124 Grey Birch #124,Norfolk,MA,02056,785000,2,2.5,Norfolk,2172,51,2007,,361,525,Sold,,,https://www.redfin.com/MA/Norfolk/124-Grey-Birch-Rd-02056/unit-124/home/113224574,MLS PIN,73388685,N,Y,42.1359291,-71.3459734
PAST SALE,September-25-2025,Townhouse,41 Thomas Mann Cir #25,Norfolk,MA,02056,872417,3,2.5,Norfolk,2325,,2025,,375,375,Sold,,,https://www.redfin.com/MA/Norfolk/41-Thomas-Mann-Cir-02056/unit-25/home/198072991,MLS PIN,73432782,N,Y,42.1375486,-71.3073706
PAST SALE,July-24-2025,Single Family Residential,32 Monroe St,Norwood,MA,02062,930000,3,2.5,Norwood,2208,12396,2007,,421,,Sold,,,https://www.redfin.com/MA/Norwood/32-Monroe-St-02062/home/12424403,MLS PIN,73389451,N,Y,42.1927677,-71.1935088
PAST SALE,October-3-2025,Single Family Residential,19 Allen Rd,Norwood,MA,02062,667000,3,2,Norwood,2141,8400,1900,,312,,Sold,,,https://www.redfin.com/MA/Norwood/19-Allen-Rd-02062/home/11716989,MLS PIN,73419721,N,Y,42.1851139,-71.1977956
PAST SALE,September-30-2025,Condo/Co-op,251 Rock St Unit B4,Norwood,MA,02062,289900,1,1,Norwood,704,,1966,,412,362,Sold,,,https://www.redfin.com/MA/Norwood/251-Rock-St-02062/unit-B4/home/8930648,MLS PIN,73401523,N,Y,42.194337,-71.1862802
PAST SALE,July-25-2025,Townhouse,70 Endicott St #1106,Norwood,MA,02062,650000,2,1.5,Norwood,1378,,2018,,472,456,Sold,,,https://www.redfin.com/MA/Norwood/70-Endicott-St-02062/unit-1106/home/147400115,MLS PIN,73364083,N,Y,42.1791261,-71.2161748
PAST SALE,December-3-2025,Multi-Family (2-4 Unit),53-55 Whitewood Cir,Norwood,MA,02062,795000,5,3,Norwood,2772,16856,1976,,287,,Sold,,,https://www.redfin.com/MA/Norwood/53-55-Whitewood-Cir-02062/home/198820190,MLS PIN,73449507,N,Y,42.175969,-71.186544
PAST SALE,May-2-2025,Single Family Residential,85 Prospect St,Norwood,MA,02062,624000,3,2,Norwood,1104,15000,1955,,565,,Sold,,,https://www.redfin.com/MA/Norwood/85-Prospect-St-02062/home/8920487,MLS PIN,73357682,N,Y,42.2038161,-71.2006186
PAST SALE,May-2-2025,Single Family Residential,37 Hemlock St,Norwood,MA,02062,907000,4,3,Norwood,2584,15636,1960,,351,,Sold,,,https://www.redfin.com/MA/Norwood/37-Hemlock-St-02062/home/8930173,MLS PIN,73348502,N,Y,42.1820774,-71.1802956
PAST SALE,June-20-2025,Single Family Residential,48 Franklin St,Norwood,MA,02062,605000,3,1,Norwood,1048,8000,1960,,577,,Sold,,,https://www.redfin.com/MA/Norwood/48-Franklin-St-02062/home/8907844,MLS PIN,73371916,N,Y,42.1828234,-71.198298
PAST SALE,June-4-2025,Townhouse,70 Endicott St #1601,Norwood,MA,02062,710000,3,2.5,Norwood,2204,,2018,,322,593,Sold,,,https://www.redfin.com/MA/Norwood/70-Endicott-St-02062/unit-1601/home/160499846,MLS PIN,73358807,N,Y,42.1791261,-71.2161748
PAST SALE,September-3-2025,Multi-Family (2-4 Unit),14-16 Quincy Ave,Norwood,MA,02062,950000,5,3,Norwood,2604,5766,1910,,365,,Sold,,,https://www.redfin.com/MA/Norwood/14-16-Quincy-Ave-02062/home/196331120,MLS PIN,73402535,N,Y,42.1817604,-71.2083242
PAST SALE,July-24-2025,Single Family Residential,32 Monroe St,Norwood,MA,02062,930000,3,2.5,Norwood,2208,12396,2007,,421,,Sold,,,https://www.redfin.com/MA/Norwood/32-Monroe-St-02062/home/12424403,MLS PIN,73389451,N,Y,42.1927677,-71.1935088
PAST SALE,October-3-2025,Single Family Residential,19 Allen Rd,Norwood,MA,02062,667000,3,2,Norwood,2141,8400,1900,,312,,Sold,,,https://www.redfin.com/MA/Norwood/19-Allen-Rd-02062/home/11716989,MLS PIN,73419721,N,Y,42.1851139,-71.1977956
PAST SALE,September-30-2025,Condo/Co-op,251 Rock St Unit B4,Norwood,MA,02062,289900,1,1,Norwood,704,,1966,,412,362,Sold,,,https://www.redfin.com/MA/Norwood/251-Rock-St-02062/unit-B4/home/8930648,MLS PIN,73401523,N,Y,42.194337,-71.1862802
PAST SALE,July-25-2025,Townhouse,70 Endicott St #1106,Norwood,MA,02062,650000,2,1.5,Norwood,1378,,2018,,472,456,Sold,,,https://www.redfin.com/MA/Norwood/70-Endicott-St-02062/unit-1106/home/147400115,MLS PIN,73364083,N,Y,42.1791261,-71.2161748
PAST SALE,May-2-2025,Single Family Residential,85 Prospect St,Norwood,MA,02062,624000,3,2,Norwood,1104,15000,1955,,565,,Sold,,,https://www.redfin.com/MA/Norwood/85-Prospect-St-02062/home/8920487,MLS PIN,73357682,N,Y,42.2038161,-71.2006186
PAST SALE,March-20-2025,Single Family Residential,21 Agawam Rd,Sharon,MA,02067,1210000,4,2.5,Sharon,3471,42816,1979,,349,,Sold,,,https://www.redfin.com/MA/Sharon/21-Agawam-Rd-02067/home/11720854,MLS PIN,73336816,N,Y,42.0918667,-71.1982516
PAST SALE,July-29-2025,Single Family Residential,41 Walpole St,Sharon,MA,02067,1005000,4,3,Sharon,3429,84792,1960,,293,,Sold,,,https://www.redfin.com/MA/Sharon/41-Walpole-St-02067/home/11721153,MLS PIN,73371725,N,Y,42.1078953,-71.2067448
PAST SALE,November-26-2025,Condo/Co-op,41 Bayberry Dr #4,Sharon,MA,02067,294000,1,1,Sharon,731,,1972,,402,507,Sold,,,https://www.redfin.com/MA/Sharon/41-Bayberry-Dr-02067/unit-4/home/8959479,MLS PIN,73456669,N,Y,42.1341357,-71.1524376
PAST SALE,July-9-2025,Single Family Residential,39 Moose Hill St,Sharon,MA,02067,860000,3,2.5,Sharon,2274,40946,1960,,378,,Sold,,,https://www.redfin.com/MA/Sharon/39-Moose-Hill-St-02067/home/8944749,MLS PIN,73382644,N,Y,42.1079071,-71.2099007
PAST SALE,March-28-2025,Single Family Residential,116 Oak Hill Dr,Sharon,MA,02067,1326000,3,2.5,Sharon,3169,20135,1977,,418,,Sold,,,https://www.redfin.com/MA/Sharon/116-Oak-Hill-Dr-02067/home/8947806,MLS PIN,73341142,N,Y,42.1088777,-71.1504913
PAST SALE,July-21-2025,Single Family Residential,11 Huckleberry Ln,Sharon,MA,02067,820000,3,2.5,Sharon,2216,21971,1973,,370,,Sold,,,https://www.redfin.com/MA/Sharon/11-Huckleberry-Ln-02067/home/8959845,MLS PIN,73381701,N,Y,42.1420463,-71.1930071
PAST SALE,July-29-2025,Single Family Residential,41 Walpole St,Sharon,MA,02067,1005000,4,3,Sharon,3429,84792,1960,,293,,Sold,,,https://www.redfin.com/MA/Sharon/41-Walpole-St-02067/home/11721153,MLS PIN,73371725,N,Y,42.1078953,-71.2067448
PAST SALE,November-26-2025,Condo/Co-op,41 Bayberry Dr #4,Sharon,MA,02067,294000,1,1,Sharon,731,,1972,,402,507,Sold,,,https://www.redfin.com/MA/Sharon/41-Bayberry-Dr-02067/unit-4/home/8959479,MLS PIN,73456669,N,Y,42.1341357,-71.1524376
PAST SALE,December-10-2025,Single Family Residential,20 Sparrow Rd,Stoughton,MA,02072,820000,4,3.5,Stoughton,3089,15507,1995,,265,,Sold,,,https://www.redfin.com/MA/Stoughton/20-Sparrow-Rd-02072/home/11723711,MLS PIN,73446335,N,Y,42.1199073,-71.1339665
PAST SALE,April-25-2025,Townhouse,196 Greenbrook Dr #196,Stoughton,MA,02072,447000,3,1.5,Stoughton,1327,,1976,,337,638,Sold,,,https://www.redfin.com/MA/Stoughton/196-Greenbrook-Dr-02072/unit-196/home/137792211,MLS PIN,73337215,N,Y,42.1412773,-71.1349563
PAST SALE,January-20-2026,Condo/Co-op,545 Page St #208,Stoughton,MA,02072,395000,2,2,Stoughton,968,,2007,,408,396,Sold,,,https://www.redfin.com/MA/Stoughton/545-Page-St-02072/unit-208/home/21623855,MLS PIN,73456654,N,Y,42.1524871,-71.0748191
PAST SALE,August-8-2025,Single Family Residential,18 Daly Dr,Stoughton,MA,02072,425000,3,1,Stoughton,1429,11892,1955,,297,,Sold,,,https://www.redfin.com/MA/Stoughton/18-Daly-Dr-02072/home/11738884,MLS PIN,73405033,N,Y,42.102902,-71.0818345
PAST SALE,April-30-2025,Townhouse,51 Claire Dr #51,Stoughton,MA,02072,450000,2,2.5,Stoughton,1600,,1977,,281,453,Sold,,,https://www.redfin.com/MA/Stoughton/51-Claire-Dr-02072/unit-51/home/77525178,MLS PIN,73348476,N,Y,42.1370609,-71.135574
PAST SALE,July-28-2025,Townhouse,14 Greenbrook Dr #14,Stoughton,MA,02072,395000,2,1.5,Stoughton,1278,,1976,,309,501,Sold,,,https://www.redfin.com/MA/Stoughton/14-Greenbrook-Dr-02072/unit-14/home/170501775,MLS PIN,73400960,N,Y,42.1388246,-71.1319038
PAST SALE,December-10-2025,Single Family Residential,20 Sparrow Rd,Stoughton,MA,02072,820000,4,3.5,Stoughton,3089,15507,1995,,265,,Sold,,,https://www.redfin.com/MA/Stoughton/20-Sparrow-Rd-02072/home/11723711,MLS PIN,73446335,N,Y,42.1199073,-71.1339665
PAST SALE,April-25-2025,Townhouse,196 Greenbrook Dr #196,Stoughton,MA,02072,447000,3,1.5,Stoughton,1327,,1976,,337,638,Sold,,,https://www.redfin.com/MA/Stoughton/196-Greenbrook-Dr-02072/unit-196/home/137792211,MLS PIN,73337215,N,Y,42.1412773,-71.1349563
PAST SALE,January-20-2026,Condo/Co-op,545 Page St #208,Stoughton,MA,02072,395000,2,2,Stoughton,968,,2007,,408,396,Sold,,,https://www.redfin.com/MA/Stoughton/545-Page-St-02072/unit-208/home/21623855,MLS PIN,73456654,N,Y,42.1524871,-71.0748191
PAST SALE,February-25-2025,Condo/Co-op,3210 Pennington Dr #3210,Walpole,MA,02081,540000,1,1,Walpole,1030,,2022,,524,425,Sold,,,https://www.redfin.com/MA/Walpole/3210-Pennington-Dr-02081/home/183584620,MLS PIN,73312589,N,Y,42.148331,-71.242976
PAST SALE,May-28-2025,Single Family Residential,8 Drum Head Way,Walpole,MA,02081,2439000,4,4,Walpole,5070,46609,2024,,481,,Sold,,,https://www.redfin.com/MA/Walpole/8-Drum-Head-Way-02081/home/85685709,MLS PIN,73279891,N,Y,42.19445,-71.247491
PAST SALE,April-10-2025,Single Family Residential,lot 4 Drum Head Way,Walpole,MA,02081,2675000,4,4,Walpole,6368,46609,2024,,420,,Sold,,,https://www.redfin.com/MA/Walpole/lot-4-Drum-Head-WAY-02081/home/192159260,MLS PIN,73279897,N,Y,42.147085,-71.251784
PAST SALE,November-18-2025,Single Family Residential,22 Holly Rd,Walpole,MA,02081,1049000,4,2.5,East Walpole,2248,10879,2025,,467,,Sold,,,https://www.redfin.com/MA/Walpole/22-Holly-Rd-02081/home/187059181,MLS PIN,73437033,N,Y,42.15059206,-71.23492514
PAST SALE,November-3-2025,Single Family Residential,32 Homeward Ln,Walpole,MA,02081,1250000,5,3.5,North Walpole,3287,40000,1993,,380,,Sold,,,https://www.redfin.com/MA/Walpole/32-Homeward-Ln-02081/home/8948975,MLS PIN,73434183,N,Y,42.1763935,-71.2616445
PAST SALE,February-27-2025,Condo/Co-op,7 Rainbow Pond Dr #6,Walpole,MA,02081,532500,3,2,Walpole,1427,,2009,,373,744,Sold,,,https://www.redfin.com/MA/Walpole/7-Rainbow-Pond-Dr-02081/unit-6/home/8971483,MLS PIN,73329414,N,Y,42.1429278,-71.236332
PAST SALE,February-25-2025,Condo/Co-op,3210 Pennington Dr #3210,Walpole,MA,02081,540000,1,1,Walpole,1030,,2022,,524,425,Sold,,,https://www.redfin.com/MA/Walpole/3210-Pennington-Dr-02081/home/183584620,MLS PIN,73312589,N,Y,42.148331,-71.242976
PAST SALE,May-28-2025,Single Family Residential,8 Drum Head Way,Walpole,MA,02081,2439000,4,4,Walpole,5070,46609,2024,,481,,Sold,,,https://www.redfin.com/MA/Walpole/8-Drum-Head-Way-02081/home/85685709,MLS PIN,73279891,N,Y,42.19445,-71.247491
PAST SALE,April-10-2025,Single Family Residential,lot 4 Drum Head Way,Walpole,MA,02081,2675000,4,4,Walpole,6368,46609,2024,,420,,Sold,,,https://www.redfin.com/MA/Walpole/lot-4-Drum-Head-WAY-02081/home/192159260,MLS PIN,73279897,N,Y,42.147085,-71.251784
PAST SALE,November-18-2025,Single Family Residential,22 Holly Rd,Walpole,MA,02081,1049000,4,2.5,East Walpole,2248,10879,2025,,467,,Sold,,,https://www.redfin.com/MA/Walpole/22-Holly-Rd-02081/home/187059181,MLS PIN,73437033,N,Y,42.15059206,-71.23492514
PAST SALE,March-3-2025,Townhouse,218 Washington St #218,Westwood,MA,02090,1100000,3,2.5,Islington,1980,6000,1922,,556,280,Sold,,,https://www.redfin.com/MA/Westwood/218-Washington-St-02090/unit-218/home/194844254,MLS PIN,73338095,N,Y,42.2214806,-71.1873893
PAST SALE,December-30-2025,Single Family Residential,90 Blueberry Ln,Westwood,MA,02090,850000,3,2,Westwood,1520,45227,1974,,559,,Sold,,,https://www.redfin.com/MA/Westwood/90-Blueberry-Ln-02090/home/8980030,MLS PIN,73459555,N,Y,42.2048275,-71.2477695
PAST SALE,July-16-2025,Single Family Residential,135 Elm St,Westwood,MA,02090,1280000,4,3.5,Westwood,3386,18178,1957,,378,,Sold,,,https://www.redfin.com/MA/Westwood/135-Elm-St-02090/home/8969565,MLS PIN,73378108,N,Y,42.2223848,-71.1755093
PAST SALE,September-30-2025,Single Family Residential,122 Smith Dr,Westwood,MA,02090,2100000,5,3.5,Westwood,3508,22570,2017,,599,,Sold,,,https://www.redfin.com/MA/Westwood/122-Smith-Dr-02090/home/11727147,MLS PIN,73392319,N,Y,42.216799,-71.1761591
PAST SALE,July-23-2025,Single Family Residential,94 Hawktree Dr,Westwood,MA,02090,1480000,4,3,Fairway Acres,1980,20167,1963,,747,,Sold,,,https://www.redfin.com/MA/Westwood/94-Hawktree-Dr-02090/home/8978778,MLS PIN,73372264,N,Y,42.2116516,-71.174349
PAST SALE,March-3-2025,Townhouse,218 Washington St #218,Westwood,MA,02090,1100000,3,2.5,Islington,1980,6000,1922,,556,280,Sold,,,https://www.redfin.com/MA/Westwood/218-Washington-St-02090/unit-218/home/194844254,MLS PIN,73338095,N,Y,42.2214806,-71.1873893
PAST SALE,July-16-2025,Single Family Residential,135 Elm St,Westwood,MA,02090,1280000,4,3.5,Westwood,3386,18178,1957,,378,,Sold,,,https://www.redfin.com/MA/Westwood/135-Elm-St-02090/home/8969565,MLS PIN,73378108,N,Y,42.2223848,-71.1755093
PAST SALE,December-30-2025,Single Family Residential,90 Blueberry Ln,Westwood,MA,02090,850000,3,2,Westwood,1520,45227,1974,,559,,Sold,,,https://www.redfin.com/MA/Westwood/90-Blueberry-Ln-02090/home/8980030,MLS PIN,73459555,N,Y,42.2048275,-71.2477695
PAST SALE,September-23-2025,Single Family Residential,195 Elysium St,Wrentham,MA,02093,649000,3,1,Wrentham,1280,32888,1970,,507,,Sold,,,https://www.redfin.com/MA/Wrentham/195-Elysium-St-02093/home/11501808,MLS PIN,73417148,N,Y,42.0616687,-71.3564819
PAST SALE,April-4-2025,Single Family Residential,45 Reed Fulton Lot 69,Wrentham,MA,02093,1243209,4,2.5,The Preserve at Mill Pond,2850,25000,2024,,436,21,Sold,,,https://www.redfin.com/MA/Wrentham/45-Reed-Fulton-02093/unit-69/home/184597574,MLS PIN,73200218,N,Y,42.048405,-71.346809
PAST SALE,October-15-2025,Vacant Land,7 Martha’s Way,Wrentham,MA,02093,330000,,,Wrentham,,570767,,,,,Sold,,,https://www.redfin.com/MA/Wrentham/7-Marthas-WAY-02093/home/197735112,MLS PIN,73427703,N,Y,42.094156,-71.376954
PAST SALE,July-21-2025,Single Family Residential,170 Lafayette Ave,Wrentham,MA,02093,1490000,4,3.5,Preserve at Mill Pond,4266,25002,2023,,349,29,Sold,,,https://www.redfin.com/MA/Wrentham/170-Lafayette-Ave-02093/home/167723889,MLS PIN,73395683,N,Y,42.0835999,-71.35111
PAST SALE,January-27-2026,Condo/Co-op,80 Beacon #51,Boston,MA,02108,1155000,2,1,Beacon Hill,910,910,1880,,1269,1081,Sold,,,https://www.redfin.com/MA/Boston/80-Beacon-St-02108/unit-51/home/9254177,MLS PIN,73460295,N,Y,42.3560754,-71.0709279
PAST SALE,April-1-2025,Condo/Co-op,15 River St #803,Boston,MA,02108,775000,1,1,Boston,505,,1900,,1535,1152,Sold,,,https://www.redfin.com/MA/Boston/15-River-St-02108/unit-803/home/11838672,MLS PIN,73352894,N,Y,42.3566532,-71.0699948
PAST SALE,March-20-2025,Condo/Co-op,1 Franklin St #5306,Boston,MA,02110,5400000,3,3.5,Midtown,2663,,2016,,2028,3627,Sold,,,https://www.redfin.com/MA/Boston/1-Franklin-St-02110/unit-5306/home/145254702,MLS PIN,73346614,N,Y,42.3557146,-71.0591826
PAST SALE,March-14-2025,Condo/Co-op,20 Rowes Wharf #308,Boston,MA,02110,2475000,2,2,Boston,1473,,1987,,1680,3616,Sold,,,https://www.redfin.com/MA/Boston/20-Rowes-Wharf-02110/unit-308/home/9229851,MLS PIN,73333537,N,Y,42.3570764,-71.0499324
PAST SALE,October-22-2025,Condo/Co-op,1 Avery St Unit 23C,Boston,MA,02111,1550000,2,2.5,Midtown,1504,1504,2000,,1031,2687,Sold,,,https://www.redfin.com/MA/Boston/1-Avery-St-02111/unit-23C/home/9312559,MLS PIN,73446553,N,Y,42.353613,-71.062871
PAST SALE,October-20-2025,Condo/Co-op,464 Hanover St #7,Boston,MA,02113,686000,2,1,North End,808,808,1920,,849,911,Sold,,,https://www.redfin.com/MA/Boston/464-Hanover-St-02113/unit-7/home/9304822,MLS PIN,73402474,N,Y,42.3670912,-71.0527946
PAST SALE,June-2-2025,Condo/Co-op,427 Shawmut Ave #3,Boston,MA,02113,1355000,2,1,South End,1090,,1890,,1243,264,Sold,,,https://www.redfin.com/MA/Boston/427-Shawmut-Ave-02118/unit-3/home/9286316,MLS PIN,73360694,N,Y,42.3400148,-71.0743727
PAST SALE,July-31-2025,Condo/Co-op,100 Charles St #5,Boston,MA,02114,650000,1,1,Beacon Hill,727,727,1890,,894,320,Sold,,,https://www.redfin.com/MA/Boston/100-Charles-St-02114/unit-5/home/9255288,MLS PIN,73393636,N,Y,42.3606715,-71.0710592
PAST SALE,March-12-2025,Condo/Co-op,12 Stoneholm St #522,Boston,MA,02115,565000,1,1,Boston,548,491,1999,,1031,588,Sold,,,https://www.redfin.com/MA/Boston/12-Stoneholm-St-02115/unit-522/home/21717806,MLS PIN,73332585,N,Y,42.345835,-71.0886193
PAST SALE,July-16-2025,Condo/Co-op,306 Columbus Ave #1,Boston,MA,02116,1675000,2,1.5,Boston,1611,1611,1880,,1040,644,Sold,,,https://www.redfin.com/MA/Boston/306-Columbus-Ave-02116/unit-1/home/9251302,MLS PIN,73386591,N,Y,42.3463619,-71.0743136
PAST SALE,June-23-2025,Condo/Co-op,370 Beacon St #3,Boston,MA,02116,5300000,3,4,Back Bay,3300,,1926,,1606,6557,Sold,,,https://www.redfin.com/MA/Boston/370-Beacon-St-02116/unit-3/home/12329250,MLS PIN,73334805,N,Y,42.3525151,-71.0849723
PAST SALE,May-9-2025,Condo/Co-op,52 Clarendon St #2,Boston,MA,02116,729000,1,1,South End,567,567,1920,,1286,224,Sold,,,https://www.redfin.com/MA/Boston/52-Clarendon-St-02116/unit-2/home/9232740,MLS PIN,73353379,N,Y,42.3459702,-71.0731065
PAST SALE,March-25-2025,Condo/Co-op,27 Wareham St #207,Roxbury,MA,02118,765000,1,1,South End,967,967,2000,,791,537,Sold,,,https://www.redfin.com/MA/Roxbury/27-Wareham-St-02118/unit-207/home/9310961,MLS PIN,73337251,N,Y,42.3396415,-71.0681157
PAST SALE,August-28-2025,Condo/Co-op,2 E Concord St #1,Boston,MA,02118,865000,2,1.5,South End,1024,1024,1999,,845,375,Sold,,,https://www.redfin.com/MA/Boston/2-E-Concord-St-02118/unit-1/home/9300698,MLS PIN,73402081,N,Y,42.3378647,-71.0747175
PAST SALE,January-28-2026,Condo/Co-op,41 Worcester Sq #4,Boston,MA,02118,405000,1,1,Boston,445,445,1920,,910,371,Sold,,,https://www.redfin.com/MA/Boston/41-Worcester-Sq-02118/unit-4/home/9285579,MLS PIN,73453945,N,Y,42.3358541,-71.0742044
PAST SALE,September-12-2025,Condo/Co-op,1313 Washington St #309,Roxbury,MA,02118,700000,1,1,Boston,788,788,2002,,888,830,Sold,,,https://www.redfin.com/MA/Roxbury/1313-Washington-St-02118/unit-309/home/9316558,MLS PIN,73394397,N,Y,42.3419606,-71.0684083
PAST SALE,April-16-2025,Condo/Co-op,34 Dwight #2,Roxbury,MA,02118,3325000,3,3.5,Boston,2432,9999,1870,,1367,450,Sold,,,https://www.redfin.com/MA/Roxbury/34-Dwight-St-02118/unit-2/home/85680576,MLS PIN,73348902,N,Y,42.3442748,-71.0691023
PAST SALE,June-30-2025,Single Family Residential,95 Appleton #1,Boston,MA,02118,1930000,2,2.5,South End,1415,,1850,,1364,200,Sold,,,https://www.redfin.com/MA/Boston/95-Appleton-St-02116/unit-1/home/54602955,MLS PIN,73372260,N,Y,42.3455494,-71.0738235
PAST SALE,April-2-2025,Condo/Co-op,380 Harrison Ave Ph 1E,Boston,MA,02118,2999000,3,3,South End,1709,,2021,,1755,2942,Sold,,,https://www.redfin.com/MA/Boston/380-Harrison-Ave-02118/unit-1E/home/191943076,MLS PIN,73353062,N,Y,42.3435804,-71.0636588
PAST SALE,January-15-2026,Condo/Co-op,85 Pembroke St #2,Boston,MA,02118,2955000,3,2.5,Boston,1825,,1910,,1619,420,Sold,,,https://www.redfin.com/MA/Boston/85-Pembroke-St-02118/unit-2/home/85680284,MLS PIN,73457760,N,Y,42.3420743,-71.0761126
PAST SALE,January-15-2026,Condo/Co-op,18 Milford #2,Boston,MA,02118,2710000,2,2.5,South End,1500,,2025,,1807,200,Sold,,,https://www.redfin.com/MA/Boston/18-Milford-St-02118/unit-2/home/195500849,MLS PIN,73364306,N,Y,42.3439972,-71.0698683
PAST SALE,April-30-2025,Condo/Co-op,30 Union Park St #503,Roxbury,MA,02118,2400000,2,2,South End,1628,1628,2006,,1474,915,Sold,,,https://www.redfin.com/MA/Roxbury/30-Union-Park-St-02118/unit-503/home/21718469,MLS PIN,73340680,N,Y,42.3428118,-71.0718414
PAST SALE,August-28-2025,Condo/Co-op,2 E Concord St #1,Boston,MA,02118,865000,2,1.5,South End,1024,1024,1999,,845,375,Sold,,,https://www.redfin.com/MA/Boston/2-E-Concord-St-02118/unit-1/home/9300698,MLS PIN,73402081,N,Y,42.3378647,-71.0747175
PAST SALE,January-28-2026,Condo/Co-op,41 Worcester Sq #4,Boston,MA,02118,405000,1,1,Boston,445,445,1920,,910,371,Sold,,,https://www.redfin.com/MA/Boston/41-Worcester-Sq-02118/unit-4/home/9285579,MLS PIN,73453945,N,Y,42.3358541,-71.0742044
PAST SALE,August-20-2025,Condo/Co-op,595 Albany St #301,Boston,MA,02118,1460000,2,2,South End,1048,,2025,,1393,854,Sold,,,https://www.redfin.com/MA/Boston/595-Albany-St-02118/unit-301/home/193508926,MLS PIN,73311938,N,Y,42.3374126,-71.0684144
PAST SALE,March-28-2025,Multi-Family (2-4 Unit),102-A Mount Pleasant Ave,Roxbury,MA,02119,1215000,5,4,Boston,1890,3880,1880,,643,,Sold,,,https://www.redfin.com/MA/Roxbury/102A-Mount-Pleasant-Ave-02119/home/194665788,MLS PIN,73336607,N,Y,42.32552471,-71.07704638
PAST SALE,March-28-2025,Multi-Family (2-4 Unit),102-A Mount Pleasant Ave,Roxbury,MA,02119,1215000,5,4,Boston,1890,3880,1880,,643,,Sold,,,https://www.redfin.com/MA/Roxbury/102A-Mount-Pleasant-Ave-02119/home/194665788,MLS PIN,73336607,N,Y,42.32552471,-71.07704638
PAST SALE,July-2-2025,Townhouse,33 Copeland Unit H,Boston,MA,02119,845000,3,2.5,Roxbury,2253,,2024,,375,394,Sold,,,https://www.redfin.com/MA/Boston/33-Copeland-Park-02119/unit-H/home/195287415,MLS PIN,73356381,N,Y,42.3230098,-71.0793641
PAST SALE,September-25-2025,Condo/Co-op,56 Calumet St #2,Boston,MA,02120,708000,4,1,Boston,1204,1204,1905,,588,387,Sold,,,https://www.redfin.com/MA/Boston/56-Calumet-St-02120/unit-2/home/11838253,MLS PIN,73420176,N,Y,42.3322463,-71.1047679
PAST SALE,September-25-2025,Condo/Co-op,56 Calumet St #2,Boston,MA,02120,708000,4,1,Boston,1204,1204,1905,,588,387,Sold,,,https://www.redfin.com/MA/Boston/56-Calumet-St-02120/unit-2/home/11838253,MLS PIN,73420176,N,Y,42.3322463,-71.1047679
PAST SALE,March-5-2025,Condo/Co-op,80 Terrace St #502,Boston,MA,02120,940000,2,2,Mission Hill,1065,4791,2023,,883,350,Sold,,,https://www.redfin.com/MA/Boston/80-Terrace-St-02120/unit-502/home/185381175,MLS PIN,73334596,N,Y,42.3293473,-71.0974563
PAST SALE,July-11-2025,Condo/Co-op,366 Blue Hill Ave,Dorchester,MA,02121,535000,4,2.5,Dorchester,1404,1404,2005,,381,546,Sold,,,https://www.redfin.com/MA/Dorchester/366-Blue-Hill-Ave-02121/home/12431241,RIS,1396882,N,Y,42.3121786,-71.0803494
PAST SALE,November-3-2025,Multi-Family (2-4 Unit),28 Wabon St,Dorchester,MA,02121,900000,5,2,Boston,1790,4175,1910,,503,,Sold,,,https://www.redfin.com/MA/Dorchester/28-Wabon-St-02121/home/9087602,MLS PIN,73424045,N,Y,42.3145614,-71.08666
PAST SALE,December-30-2025,Multi-Family (2-4 Unit),1-3 Rock Ter,Dorchester,MA,02121,1235000,6,5,Dorchester's Meeting House Hill,2600,4896,2025,,475,,Sold,,,https://www.redfin.com/MA/Dorchester/1-Rock-Ter-02121/home/199634682,MLS PIN,73462066,N,Y,42.306074,-71.0716939
PAST SALE,May-5-2025,Multi-Family (2-4 Unit),19 Pasadena Rd,Dorchester,MA,02121,595000,6,2.5,Boston,4141,4986,1905,,144,,Sold,,,https://www.redfin.com/MA/Dorchester/19-Pasadena-Rd-02121/home/9077501,MLS PIN,73256820,N,Y,42.305367,-71.082407
PAST SALE,November-3-2025,Multi-Family (2-4 Unit),28 Wabon St,Dorchester,MA,02121,900000,5,2,Boston,1790,4175,1910,,503,,Sold,,,https://www.redfin.com/MA/Dorchester/28-Wabon-St-02121/home/9087602,MLS PIN,73424045,N,Y,42.3145614,-71.08666
PAST SALE,July-11-2025,Condo/Co-op,366 Blue Hill Ave,Dorchester,MA,02121,535000,4,2.5,Dorchester,1404,1404,2005,,381,546,Sold,,,https://www.redfin.com/MA/Dorchester/366-Blue-Hill-Ave-02121/home/12431241,RIS,1396882,N,Y,42.3121786,-71.0803494
PAST SALE,December-30-2025,Multi-Family (2-4 Unit),1-3 Rock Ter,Dorchester,MA,02121,1235000,6,5,Dorchester's Meeting House Hill,2600,4896,2025,,475,,Sold,,,https://www.redfin.com/MA/Dorchester/1-Rock-Ter-02121/home/199634682,MLS PIN,73462066,N,Y,42.306074,-71.0716939
PAST SALE,July-31-2025,Condo/Co-op,7 Saco St #3,Dorchester,MA,02122,665000,2,2,Boston,1088,,2020,,611,170,Sold,,,https://www.redfin.com/MA/Dorchester/7-Saco-St-02122/unit-3/home/173380753,MLS PIN,73365446,N,Y,42.297003,-71.0550318
PAST SALE,March-28-2025,Condo/Co-op,24 Mount Ida Rd #3,Dorchester,MA,02122,575000,2,2,Dorchester's Meeting House Hill,1089,,1905,,528,293,Sold,,,https://www.redfin.com/MA/Dorchester/24-Mount-Ida-Rd-02122/unit-3/home/168668444,MLS PIN,73336852,N,Y,42.3064082,-71.0649424
PAST SALE,August-8-2025,Single Family Residential,51 Boutwell St,Dorchester,MA,02122,630000,2,1.5,Boston,1103,4020,1986,,571,,Sold,,,https://www.redfin.com/MA/Dorchester/51-Boutwell-St-02122/home/9064042,MLS PIN,73396454,N,Y,42.2913347,-71.0522557
PAST SALE,March-19-2025,Condo/Co-op,41A Parkman St #3,Dorchester,MA,02122,480000,2,1,Dorchester,950,,1905,,505,300,Sold,,,https://www.redfin.com/MA/Dorchester/41A-Parkman-St-02122/unit-3/home/9063992,MLS PIN,73336266,N,Y,42.2968535,-71.0575991
PAST SALE,July-1-2025,Condo/Co-op,136-138 Neponset Ave #1,Boston,MA,02122,839000,2,2,Dorchester's Neponset,2045,,1899,,410,422,Sold,,,https://www.redfin.com/MA/Boston/136-Neponset-Ave-02122/unit-1/home/187182633,MLS PIN,73395707,N,Y,42.293957,-71.0515463
PAST SALE,May-30-2025,Multi-Family (2-4 Unit),5-7 Arbroth St,Dorchester,MA,02122,1050000,5,2,Dorchester's Neponset,2586,4140,1920,,406,,Sold,,,https://www.redfin.com/MA/Dorchester/5-7-Arbroth-St-02122/home/9094455,MLS PIN,73371642,N,Y,42.2903706,-71.0522207
PAST SALE,June-27-2025,Multi-Family (2-4 Unit),7 Christopher St,Dorchester,MA,02122,1500000,9,3,Dorchester,4540,3995,1890,,330,,Sold,,,https://www.redfin.com/MA/Dorchester/7-Christopher-St-02122/home/9066745,MLS PIN,73377751,N,Y,42.2979404,-71.0602467
PAST SALE,September-22-2025,Condo/Co-op,21 Minot St Unit 2A,Dorchester,MA,02122,575000,2,1,Dorchester's Neponset,1083,7825,1899,,531,300,Sold,,,https://www.redfin.com/MA/Dorchester/21-Minot-St-02122/unit-2A/home/11837866,MLS PIN,73429393,N,Y,42.2863666,-71.0454617
PAST SALE,July-31-2025,Condo/Co-op,7 Saco St #3,Dorchester,MA,02122,665000,2,2,Boston,1088,,2020,,611,170,Sold,,,https://www.redfin.com/MA/Dorchester/7-Saco-St-02122/unit-3/home/173380753,MLS PIN,73365446,N,Y,42.297003,-71.0550318
PAST SALE,March-28-2025,Condo/Co-op,24 Mount Ida Rd #3,Dorchester,MA,02122,575000,2,2,Dorchester's Meeting House Hill,1089,,1905,,528,293,Sold,,,https://www.redfin.com/MA/Dorchester/24-Mount-Ida-Rd-02122/unit-3/home/168668444,MLS PIN,73336852,N,Y,42.3064082,-71.0649424
PAST SALE,August-8-2025,Single Family Residential,51 Boutwell St,Dorchester,MA,02122,630000,2,1.5,Boston,1103,4020,1986,,571,,Sold,,,https://www.redfin.com/MA/Dorchester/51-Boutwell-St-02122/home/9064042,MLS PIN,73396454,N,Y,42.2913347,-71.0522557
PAST SALE,June-27-2025,Multi-Family (2-4 Unit),7 Christopher St,Dorchester,MA,02122,1500000,9,3,Dorchester,4540,3995,1890,,330,,Sold,,,https://www.redfin.com/MA/Dorchester/7-Christopher-St-02122/home/9066745,MLS PIN,73377751,N,Y,42.2979404,-71.0602467
PAST SALE,March-19-2025,Condo/Co-op,41A Parkman St #3,Dorchester,MA,02122,480000,2,1,Dorchester,950,,1905,,505,300,Sold,,,https://www.redfin.com/MA/Dorchester/41A-Parkman-St-02122/unit-3/home/9063992,MLS PIN,73336266,N,Y,42.2968535,-71.0575991
PAST SALE,May-30-2025,Multi-Family (2-4 Unit),5-7 Arbroth St,Dorchester,MA,02122,1050000,5,2,Dorchester's Neponset,2586,4140,1920,,406,,Sold,,,https://www.redfin.com/MA/Dorchester/5-7-Arbroth-St-02122/home/9094455,MLS PIN,73371642,N,Y,42.2903706,-71.0522207
PAST SALE,July-1-2025,Condo/Co-op,136-138 Neponset Ave #1,Boston,MA,02122,839000,2,2,Dorchester's Neponset,2045,,1899,,410,422,Sold,,,https://www.redfin.com/MA/Boston/136-Neponset-Ave-02122/unit-1/home/187182633,MLS PIN,73395707,N,Y,42.293957,-71.0515463
PAST SALE,September-22-2025,Condo/Co-op,21 Minot St Unit 2A,Dorchester,MA,02122,575000,2,1,Dorchester's Neponset,1083,7825,1899,,531,300,Sold,,,https://www.redfin.com/MA/Dorchester/21-Minot-St-02122/unit-2A/home/11837866,MLS PIN,73429393,N,Y,42.2863666,-71.0454617
PAST SALE,October-10-2025,Condo/Co-op,334 Centre #3,Boston,MA,02122,640000,3,2,Dorchester,1135,,1905,,564,260,Sold,,,https://www.redfin.com/MA/Boston/334-Centre-St-02122/unit-3/home/145686467,MLS PIN,73429673,N,Y,42.294529,-71.0594068
PAST SALE,June-30-2025,Single Family Residential,34 Westglow St,Dorchester,MA,02122,960000,4,2.5,Dorchester's Neponset,1879,3304,1929,,511,,Sold,,,https://www.redfin.com/MA/Dorchester/34-Westglow-St-02122/home/9093634,MLS PIN,73364648,N,Y,42.2895027,-71.0537027
PAST SALE,June-23-2025,Multi-Family (2-4 Unit),11 Baird St,Dorchester,MA,02124,1340000,11,3,Dorchester,4290,4000,1905,,312,,Sold,,,https://www.redfin.com/MA/Dorchester/11-Baird-St-02124/home/9101748,MLS PIN,73373035,N,Y,42.2858152,-71.0917692
PAST SALE,March-21-2025,Condo/Co-op,1910 Dorchester #616,Boston,MA,02124,474900,1,1,Boston,878,878,2008,,541,556,Sold,,,https://www.redfin.com/MA/Boston/1910-Dorchester-Ave-02124/unit-616/home/17456460,MLS PIN,73324680,N,Y,42.2842352,-71.0645007
PAST SALE,March-28-2025,Condo/Co-op,77 Melville Ave #1,Dorchester,MA,02124,720000,3,1.5,Dorchester,1362,1362,1896,,529,285,Sold,,,https://www.redfin.com/MA/Dorchester/77-Melville-Ave-02124/unit-1/home/9321825,MLS PIN,73326255,N,Y,42.2949639,-71.0647962
PAST SALE,July-31-2025,Condo/Co-op,5 Bailey St #1,Boston,MA,02124,515000,3,1.5,Boston,1040,,2015,,495,300,Sold,,,https://www.redfin.com/MA/Boston/5-Bailey-St-02124/unit-1/home/114037077,MLS PIN,73372937,N,Y,42.2830553,-71.0706024
PAST SALE,January-5-2026,Condo/Co-op,52 Bellevue St #1,Boston,MA,02124,515000,2,2,Boston,923,,2025,,558,,Sold,,,https://www.redfin.com/MA/Boston/52-Bellevue-ST-02124/unit-1/home/198810732,MLS PIN,73465529,N,Y,42.30929,-71.068438
PAST SALE,June-23-2025,Multi-Family (2-4 Unit),11 Baird St,Dorchester,MA,02124,1340000,11,3,Dorchester,4290,4000,1905,,312,,Sold,,,https://www.redfin.com/MA/Dorchester/11-Baird-St-02124/home/9101748,MLS PIN,73373035,N,Y,42.2858152,-71.0917692
PAST SALE,March-21-2025,Condo/Co-op,1910 Dorchester #616,Boston,MA,02124,474900,1,1,Boston,878,878,2008,,541,556,Sold,,,https://www.redfin.com/MA/Boston/1910-Dorchester-Ave-02124/unit-616/home/17456460,MLS PIN,73324680,N,Y,42.2842352,-71.0645007
PAST SALE,March-28-2025,Condo/Co-op,77 Melville Ave #1,Dorchester,MA,02124,720000,3,1.5,Dorchester,1362,1362,1896,,529,285,Sold,,,https://www.redfin.com/MA/Dorchester/77-Melville-Ave-02124/unit-1/home/9321825,MLS PIN,73326255,N,Y,42.2949639,-71.0647962
PAST SALE,July-31-2025,Condo/Co-op,5 Bailey St #1,Boston,MA,02124,515000,3,1.5,Boston,1040,,2015,,495,300,Sold,,,https://www.redfin.com/MA/Boston/5-Bailey-St-02124/unit-1/home/114037077,MLS PIN,73372937,N,Y,42.2830553,-71.0706024
PAST SALE,January-5-2026,Condo/Co-op,52 Bellevue St #1,Boston,MA,02124,515000,2,2,Boston,923,,2025,,558,,Sold,,,https://www.redfin.com/MA/Boston/52-Bellevue-ST-02124/unit-1/home/198810732,MLS PIN,73465529,N,Y,42.30929,-71.068438
PAST SALE,September-15-2025,Condo/Co-op,30 Welles Ave #2,Dorchester,MA,02124,690000,2,1,Dorchester,1552,,1925,,445,400,Sold,,,https://www.redfin.com/MA/Dorchester/30-Welles-Ave-02124/unit-2/home/9064600,MLS PIN,73408635,N,Y,42.2885084,-71.0698754
PAST SALE,December-30-2025,Single Family Residential,33 Westmoreland St,Dorchester,MA,02124,575000,2,1,Ashmont,850,3287,1960,,676,,Sold,,,https://www.redfin.com/MA/Dorchester/33-Westmoreland-St-02124/home/9100657,MLS PIN,73459729,N,Y,42.2848792,-71.0573214
PAST SALE,July-31-2025,Single Family Residential,11 Senator Bolling Cir,Dorchester,MA,02124,1122339,4,3.5,Boston,3160,9944,2025,,355,,Sold,,,https://www.redfin.com/MA/Dorchester/11-Senator-Bolling-Cir-02124/home/85680098,MLS PIN,73384889,N,Y,42.2923133,-71.091897
PAST SALE,June-11-2025,Condo/Co-op,128 Hamilton St Unit 2B,Dorchester,MA,02125,485000,2,1,Boston,733,,2024,,662,128,Sold,,,https://www.redfin.com/MA/Dorchester/128-Hamilton-St-02125/unit-2B/home/192103495,MLS PIN,73374968,N,Y,42.306933,-71.067577
PAST SALE,April-3-2025,Multi-Family (2-4 Unit),121 Buttonwood St,Dorchester,MA,02125,970000,4,2,Dorchester,1824,3000,1935,,532,,Sold,,,https://www.redfin.com/MA/Dorchester/121-Buttonwood-St-02125/home/9090163,MLS PIN,73337168,N,Y,42.322684,-71.0557011
PAST SALE,November-25-2025,Multi-Family (2-4 Unit),12 Danube St,Dorchester,MA,02125,1375000,12,3,Dorchester,4810,3849,1905,,286,,Sold,,,https://www.redfin.com/MA/Dorchester/12-Danube-St-02125/home/9068792,MLS PIN,73447043,N,Y,42.3176919,-71.0751562
PAST SALE,December-2-2025,Condo/Co-op,86 Savin Hill Ave #3,Dorchester,MA,02125,375000,2,1,Boston,598,593,1910,,627,191,Sold,,,https://www.redfin.com/MA/Dorchester/86-Savin-Hill-Ave-02125/unit-3/home/21718769,MLS PIN,73449550,N,Y,42.3123032,-71.0547214
PAST SALE,January-12-2026,Condo/Co-op,8 Howell #4,Dorchester,MA,02125,575000,2,1.5,Boston,1050,1032,2001,,548,224,Sold,,,https://www.redfin.com/MA/Dorchester/8-Howell-St-02125/unit-4/home/197635371,MLS PIN,73425281,N,Y,42.3248286,-71.0574405
PAST SALE,October-24-2025,Multi-Family (2-4 Unit),102-104 Robey St,Dorchester,MA,02125,950000,7,4,Dorchester,3718,2140,1900,,256,,Sold,,,https://www.redfin.com/MA/Dorchester/102-104-Robey-St-02125/home/197823833,MLS PIN,73429281,N,Y,42.320738,-71.068489
PAST SALE,April-3-2025,Multi-Family (2-4 Unit),121 Buttonwood St,Dorchester,MA,02125,970000,4,2,Dorchester,1824,3000,1935,,532,,Sold,,,https://www.redfin.com/MA/Dorchester/121-Buttonwood-St-02125/home/9090163,MLS PIN,73337168,N,Y,42.322684,-71.0557011
PAST SALE,June-11-2025,Condo/Co-op,128 Hamilton St Unit 2B,Dorchester,MA,02125,485000,2,1,Boston,733,,2024,,662,128,Sold,,,https://www.redfin.com/MA/Dorchester/128-Hamilton-St-02125/unit-2B/home/192103495,MLS PIN,73374968,N,Y,42.306933,-71.067577
PAST SALE,November-25-2025,Multi-Family (2-4 Unit),12 Danube St,Dorchester,MA,02125,1375000,12,3,Dorchester,4810,3849,1905,,286,,Sold,,,https://www.redfin.com/MA/Dorchester/12-Danube-St-02125/home/9068792,MLS PIN,73447043,N,Y,42.3176919,-71.0751562
PAST SALE,December-2-2025,Condo/Co-op,86 Savin Hill Ave #3,Dorchester,MA,02125,375000,2,1,Boston,598,593,1910,,627,191,Sold,,,https://www.redfin.com/MA/Dorchester/86-Savin-Hill-Ave-02125/unit-3/home/21718769,MLS PIN,73449550,N,Y,42.3123032,-71.0547214
PAST SALE,January-12-2026,Condo/Co-op,8 Howell #4,Dorchester,MA,02125,575000,2,1.5,Boston,1050,1032,2001,,548,224,Sold,,,https://www.redfin.com/MA/Dorchester/8-Howell-St-02125/unit-4/home/197635371,MLS PIN,73425281,N,Y,42.3248286,-71.0574405
PAST SALE,October-24-2025,Multi-Family (2-4 Unit),102-104 Robey St,Dorchester,MA,02125,950000,7,4,Dorchester,3718,2140,1900,,256,,Sold,,,https://www.redfin.com/MA/Dorchester/102-104-Robey-St-02125/home/197823833,MLS PIN,73429281,N,Y,42.320738,-71.068489
PAST SALE,February-27-2025,Townhouse,17 Goldfinch Ct #17,Mattapan,MA,02126,555500,2,1.5,Mattapan,1025,,2024,,542,380,Sold,,,https://www.redfin.com/MA/Mattapan/17-Goldfinch-Ct-02126/unit-17/home/192986886,MLS PIN,73299747,N,Y,42.2873886,-71.0972705
PAST SALE,June-11-2025,Condo/Co-op,61 Story St #3,South Boston,MA,02127,687500,2,1,South Boston,921,874,1890,,746,198,Sold,,,https://www.redfin.com/MA/South-Boston/61-Story-St-02127/unit-3/home/12439958,MLS PIN,73364748,N,Y,42.3333144,-71.0420466
PAST SALE,February-28-2025,Multi-Family (2-4 Unit),242 W 3rd St,South Boston,MA,02127,1700000,6,3.5,South Boston,2814,1485,1905,,604,,Sold,,,https://www.redfin.com/MA/South-Boston/242-W-3rd-St-02127/home/9199304,MLS PIN,73339515,N,Y,42.3384015,-71.0477107
PAST SALE,August-15-2025,Condo/Co-op,150 W Broadway #314,South Boston,MA,02127,794000,2,1.5,Boston,930,,2018,,854,422,Sold,,,https://www.redfin.com/MA/South-Boston/150-W-Broadway-02127/unit-314/home/171788352,MLS PIN,73410367,N,Y,42.3407833,-71.0533711
PAST SALE,December-15-2025,Condo/Co-op,352 West 3rd St #9,Boston,MA,02127,683400,2,1,South Boston,848,,1920,,806,326,Sold,,,https://www.redfin.com/MA/Boston/352-W-3rd-St-02127/unit-9/home/11922674,MLS PIN,73458600,N,Y,42.3363166,-71.0447099
PAST SALE,May-30-2025,Condo/Co-op,45 W 3rd St #214,South Boston,MA,02127,1200000,2,2,South Boston,1221,,2018,,983,807,Sold,,,https://www.redfin.com/MA/South-Boston/45-W-3rd-St-02127/unit-214/home/113353872,MLS PIN,73369456,N,Y,42.3421319,-71.0542886
PAST SALE,June-11-2025,Condo/Co-op,61 Story St #3,South Boston,MA,02127,687500,2,1,South Boston,921,874,1890,,746,198,Sold,,,https://www.redfin.com/MA/South-Boston/61-Story-St-02127/unit-3/home/12439958,MLS PIN,73364748,N,Y,42.3333144,-71.0420466
PAST SALE,June-12-2025,Condo/Co-op,9 M St #5,South Boston,MA,02127,1185000,2,2,South Boston,1371,1371,2013,,864,405,Sold,,,https://www.redfin.com/MA/South-Boston/9-M-St-02127/unit-5/home/45443347,MLS PIN,73350975,N,Y,42.337867,-71.03359999
PAST SALE,June-16-2025,Condo/Co-op,649 E 2nd St #2,South Boston,MA,02127,520000,1,1,Boston,579,579,1905,,898,140,Sold,,,https://www.redfin.com/MA/South-Boston/649-E-2nd-St-02127/unit-2/home/9315712,MLS PIN,73388015,N,Y,42.3371819,-71.0371596
PAST SALE,August-15-2025,Condo/Co-op,689 East 4th St #3,South Boston,MA,02127,1150000,2,2,South Boston,1275,,2013,,902,306,Sold,,,https://www.redfin.com/MA/South-Boston/689-E-4th-St-02127/unit-3/home/44628486,MLS PIN,73415132,N,Y,42.334553,-71.0370069
PAST SALE,December-15-2025,Condo/Co-op,352 West 3rd St #9,Boston,MA,02127,683400,2,1,South Boston,848,,1920,,806,326,Sold,,,https://www.redfin.com/MA/Boston/352-W-3rd-St-02127/unit-9/home/11922674,MLS PIN,73458600,N,Y,42.3363166,-71.0447099
PAST SALE,April-1-2025,Condo/Co-op,559 E 5th #3,Boston,MA,02127,745000,1,1,South Boston,740,,2020,,1007,159,Sold,,,https://www.redfin.com/MA/Boston/559-E-5th-St-02127/unit-3/home/187182439,MLS PIN,73347076,N,Y,42.3337638,-71.0379605
PAST SALE,September-19-2025,Townhouse,342 W 3rd St #1,Boston,MA,02127,950000,2,1.5,Boston,1110,,1880,,856,165,Sold,,,https://www.redfin.com/MA/Boston/342-W-3rd-St-02127/unit-1/home/180069563,MLS PIN,73413074,N,Y,42.3365036,-71.0449129
PAST SALE,August-15-2025,Condo/Co-op,397 Main St #4,Charlestown,MA,02129,600000,1,1,Charlestown,810,,1865,,741,200,Sold,,,https://www.redfin.com/MA/Charlestown/397-Main-St-02129/unit-4/home/9047581,MLS PIN,73392702,N,Y,42.3803118,-71.0697461
PAST SALE,June-16-2025,Townhouse,67 Pearl St #1,Charlestown,MA,02129,1225000,3,2.5,Boston,1694,,1843,,723,158,Sold,,,https://www.redfin.com/MA/Charlestown/67-Pearl-St-02129/unit-1/home/175262734,MLS PIN,73362509,N,Y,42.379847,-71.0631132
PAST SALE,March-28-2025,Condo/Co-op,610 Rutherford Ave #205,Charlestown,MA,02129,759900,2,1,Charlestown,1007,,2019,,755,430,Sold,,,https://www.redfin.com/MA/Charlestown/610-Rutherford-Ave-02129/unit-205/home/172073688,MLS PIN,73334542,N,Y,42.3835607,-71.0739422
PAST SALE,March-28-2025,Townhouse,16 Lawrence St #1,Charlestown,MA,02129,1760000,4,3.5,Charlestown,2298,,1825,,766,250,Sold,,,https://www.redfin.com/MA/Charlestown/16-Lawrence-St-02129/unit-1/home/195153863,MLS PIN,73349652,N,Y,42.3746233,-71.0653453
PAST SALE,March-27-2025,Townhouse,16 Lawrence St #3,Charlestown,MA,02129,2380000,4,3.5,Charlestown,2800,,1825,,850,250,Sold,,,https://www.redfin.com/MA/Charlestown/16-Lawrence-St-02129/unit-3/home/195153833,MLS PIN,73349646,N,Y,42.3746233,-71.0653453
PAST SALE,March-10-2025,Multi-Family (2-4 Unit),8 Bynner St,Jamaica Plain,MA,02130,1325000,7,3,Jamaica Plain,3162,2494,1905,,419,,Sold,,,https://www.redfin.com/MA/Jamaica-Plain/8-Bynner-St-02130/home/9140048,MLS PIN,73332007,N,Y,42.3231046,-71.1086673
PAST SALE,April-1-2025,Condo/Co-op,100 Morton St #51,Jamaica Plain,MA,02130,429000,2,1,Jamaica Plain,823,730,1946,,521,483,Sold,,,https://www.redfin.com/MA/Jamaica-Plain/100-Morton-St-02130/unit-51/home/9140424,MLS PIN,73339179,N,Y,42.3003365,-71.108333
PAST SALE,July-28-2025,Vacant Land,361 Centre St,Jamaica Plain,MA,02130,3100000,,,Boston,,20701,,,,,Sold,,,https://www.redfin.com/MA/Jamaica-Plain/361-Centre-St-02130/home/18982930,MLS PIN,72917534,N,Y,42.322908,-71.107473
PAST SALE,March-10-2025,Multi-Family (2-4 Unit),8 Bynner St,Jamaica Plain,MA,02130,1325000,7,3,Jamaica Plain,3162,2494,1905,,419,,Sold,,,https://www.redfin.com/MA/Jamaica-Plain/8-Bynner-St-02130/home/9140048,MLS PIN,73332007,N,Y,42.3231046,-71.1086673
PAST SALE,April-1-2025,Condo/Co-op,100 Morton St #51,Jamaica Plain,MA,02130,429000,2,1,Jamaica Plain,823,730,1946,,521,483,Sold,,,https://www.redfin.com/MA/Jamaica-Plain/100-Morton-St-02130/unit-51/home/9140424,MLS PIN,73339179,N,Y,42.3003365,-71.108333
PAST SALE,July-28-2025,Vacant Land,361 Centre St,Jamaica Plain,MA,02130,3100000,,,Boston,,20701,,,,,Sold,,,https://www.redfin.com/MA/Jamaica-Plain/361-Centre-St-02130/home/18982930,MLS PIN,72917534,N,Y,42.322908,-71.107473
PAST SALE,June-30-2025,Condo/Co-op,20 Boylston St #2,Boston,MA,02130,970000,3,2,Jamaica Plain,1521,,1911,,638,300,Sold,,,https://www.redfin.com/MA/Boston/20-Boylston-St-02130/unit-2/home/193948371,MLS PIN,73395847,N,Y,42.3186798,-71.1097412
PAST SALE,August-11-2025,Condo/Co-op,3 Regent Cir #1,Boston,MA,02130,879500,2,2.5,Jamaica Plain,1306,,1923,,673,365,Sold,,,https://www.redfin.com/MA/Boston/3-Regent-Cir-02130/unit-1/home/196126565,MLS PIN,73392710,N,Y,42.3136825,-71.1166986
PAST SALE,July-8-2025,Multi-Family (2-4 Unit),25 Kittredge St,Roslindale,MA,02131,1074000,5,3,Roslindale,2600,5565,1910,,413,,Sold,,,https://www.redfin.com/MA/Roslindale/25-Kittredge-St-02131/home/9174237,MLS PIN,73374387,N,Y,42.2840722,-71.1295567
PAST SALE,June-26-2025,Condo/Co-op,48 Glendower Rd #2,Roslindale,MA,02131,707500,3,2,Roslindale,1530,,1905,,462,253,Sold,,,https://www.redfin.com/MA/Roslindale/48-Glendower-Rd-02131/unit-2/home/169641725,MLS PIN,73354349,N,Y,42.2748403,-71.1305819
PAST SALE,July-22-2025,Condo/Co-op,15 Whipple Ave #5,Roslindale,MA,02131,553000,2,2,Roslindale,925,925,2006,,598,413,Sold,,,https://www.redfin.com/MA/Roslindale/15-Whipple-Ave-02131/unit-5/home/12441562,MLS PIN,73385099,N,Y,42.2912965,-71.1218741
PAST SALE,October-15-2025,Single Family Residential,37 Halliday St,Roslindale,MA,02131,630000,3,1.5,Boston,1201,6000,1945,,525,,Sold,,,https://www.redfin.com/MA/Roslindale/37-Halliday-St-02131/home/11836258,MLS PIN,73288805,N,Y,42.2875871,-71.1130774
PAST SALE,July-8-2025,Multi-Family (2-4 Unit),25 Kittredge St,Roslindale,MA,02131,1074000,5,3,Roslindale,2600,5565,1910,,413,,Sold,,,https://www.redfin.com/MA/Roslindale/25-Kittredge-St-02131/home/9174237,MLS PIN,73374387,N,Y,42.2840722,-71.1295567
PAST SALE,June-26-2025,Condo/Co-op,48 Glendower Rd #2,Roslindale,MA,02131,707500,3,2,Roslindale,1530,,1905,,462,253,Sold,,,https://www.redfin.com/MA/Roslindale/48-Glendower-Rd-02131/unit-2/home/169641725,MLS PIN,73354349,N,Y,42.2748403,-71.1305819
PAST SALE,July-22-2025,Condo/Co-op,15 Whipple Ave #5,Roslindale,MA,02131,553000,2,2,Roslindale,925,925,2006,,598,413,Sold,,,https://www.redfin.com/MA/Roslindale/15-Whipple-Ave-02131/unit-5/home/12441562,MLS PIN,73385099,N,Y,42.2912965,-71.1218741
PAST SALE,October-15-2025,Single Family Residential,37 Halliday St,Roslindale,MA,02131,630000,3,1.5,Boston,1201,6000,1945,,525,,Sold,,,https://www.redfin.com/MA/Roslindale/37-Halliday-St-02131/home/11836258,MLS PIN,73288805,N,Y,42.2875871,-71.1130774
PAST SALE,June-27-2025,Single Family Residential,76 Cornell St,Roslindale,MA,02131,1275000,5,2.5,Boston,2336,5642,2006,,546,,Sold,,,https://www.redfin.com/MA/Roslindale/76-Cornell-St-02131/home/9180329,MLS PIN,73384890,N,Y,42.2762488,-71.1309957
PAST SALE,July-29-2025,Single Family Residential,135 Eastwood Circuit,West Roxbury,MA,02132,980000,3,1.5,West Roxbury,1772,7300,1950,,553,,Sold,,,https://www.redfin.com/MA/West-Roxbury/135-Eastwood-Circuit-02132/home/9218914,MLS PIN,73374457,N,Y,42.27098,-71.1682687
PAST SALE,June-30-2025,Single Family Residential,300 Spring St,West Roxbury,MA,02132,525000,2,1,West Roxbury,1075,8612,1950,,488,,Sold,,,https://www.redfin.com/MA/West-Roxbury/300-Spring-St-02132/home/11836530,MLS PIN,73364413,N,Y,42.2724016,-71.1712155
PAST SALE,November-17-2025,Single Family Residential,79 Potomac St,West Roxbury,MA,02132,879900,3,2.5,Boston,1860,4669,1919,,473,,Sold,,,https://www.redfin.com/MA/West-Roxbury/79-Potomac-St-02132/home/11836481,MLS PIN,73432603,N,Y,42.284697,-71.1615036
PAST SALE,November-17-2025,Single Family Residential,79 Potomac St,West Roxbury,MA,02132,879900,3,2.5,Boston,1860,4669,1919,,473,,Sold,,,https://www.redfin.com/MA/West-Roxbury/79-Potomac-St-02132/home/11836481,MLS PIN,73432603,N,Y,42.284697,-71.1615036
PAST SALE,April-8-2025,Condo/Co-op,1254 Commonwealth Ave #17,Allston,MA,02134,550000,2,1,Boston,822,822,1920,,669,454,Sold,,,https://www.redfin.com/MA/Allston/1254-Commonwealth-Ave-02134/unit-17/home/8986770,MLS PIN,73344681,N,Y,42.3493691,-71.132046
PAST SALE,March-21-2025,Condo/Co-op,147 Kelton St #710,Allston,MA,02134,710000,2,2.5,Allston,1145,,1988,,620,612,Sold,,,https://www.redfin.com/MA/Allston/147-Kelton-St-02134/unit-710/home/8987361,MLS PIN,73334559,N,Y,42.348115,-71.1396483
PAST SALE,November-24-2025,Condo/Co-op,15 Walbridge St #3,Allston,MA,02134,399000,2,1,Allston,655,655,1950,,609,381,Sold,,,https://www.redfin.com/MA/Allston/15-Walbridge-St-02134/unit-3/home/9000434,MLS PIN,73417378,N,Y,42.347178,-71.1354287
PAST SALE,December-29-2025,Condo/Co-op,86 Glenville Ave #2,Allston,MA,02134,395000,2,1,Allston,496,496,1930,,796,369,Sold,,,https://www.redfin.com/MA/Allston/86-Glenville-Ave-02134/unit-2/home/8998709,MLS PIN,73431811,N,Y,42.3490189,-71.1353358
PAST SALE,June-3-2025,Condo/Co-op,30 Reedsdale St #5,Allston,MA,02134,580000,3,1,Allston,941,,1940,,616,600,Sold,,,https://www.redfin.com/MA/Allston/30-Reedsdale-St-02134/unit-5/home/8992866,MLS PIN,73312629,N,Y,42.3512135,-71.1294106
PAST SALE,March-31-2025,Condo/Co-op,72 Strathmore Rd Unit 1B,Brighton,MA,02135,555000,2,1,Boston,793,785,1910,,700,547,Sold,,,https://www.redfin.com/MA/Brighton/72-Strathmore-Rd-02135/unit-1B/home/9028415,MLS PIN,73338697,N,Y,42.3385116,-71.1491554
PAST SALE,September-11-2025,Single Family Residential,186 Washington St,Brighton,MA,02135,810000,3,1,Boston,978,3915,1885,,828,,Sold,,,https://www.redfin.com/MA/Brighton/186-Washington-St-02135/home/9008781,MLS PIN,73415459,N,Y,42.3460905,-71.1474258
PAST SALE,September-30-2025,Condo/Co-op,4 Commonwealth Ct #20,Brighton,MA,02135,469000,1,1,Brighton,630,630,1910,,744,622,Sold,,,https://www.redfin.com/MA/Brighton/4-Commonwealth-Ct-02135/unit-20/home/9013870,MLS PIN,73419818,N,Y,42.346408,-71.1403983
PAST SALE,July-28-2025,Townhouse,4 Tremont Pl #4,Brighton,MA,02135,864400,3,2.5,Brighton,1636,1195,1899,,528,420,Sold,,,https://www.redfin.com/MA/Brighton/4-Tremont-Pl-02135/unit-4/home/85680407,MLS PIN,73370997,N,Y,42.350527,-71.1723455
PAST SALE,June-9-2025,Condo/Co-op,19 Lake Shore Ct #4,Brighton,MA,02135,520000,2,1,Boston,830,871,1963,,627,413,Sold,,,https://www.redfin.com/MA/Brighton/19-Lake-Shore-Ct-02135/unit-4/home/9043904,PrimeMLS,5045919,N,Y,42.346572,-71.170245
PAST SALE,April-10-2025,Condo/Co-op,1662 Commonwealth Ave #53,Brighton,MA,02135,353000,1,1,Brighton,444,444,1925,,795,282,Sold,,,https://www.redfin.com/MA/Brighton/1662-Commonwealth-Ave-02135/unit-53/home/9019248,MLS PIN,73356018,N,Y,42.3417711,-71.1445747
PAST SALE,August-27-2025,Condo/Co-op,26 Chiswick Rd #13,Brighton,MA,02135,410000,2,1,Brighton,750,750,1920,,547,620,Sold,,,https://www.redfin.com/MA/Brighton/26-Chiswick-Rd-02135/unit-13/home/9026749,MLS PIN,73377022,N,Y,42.3386164,-71.1507462
PAST SALE,December-3-2025,Single Family Residential,43 Thompson St,Hyde Park,MA,02136,725000,3,2,Hyde Park,1700,5375,1910,,426,,Sold,,,https://www.redfin.com/MA/Hyde-Park/43-Thompson-St-02136/home/9131283,MLS PIN,73444449,N,Y,42.2520901,-71.1341522
PAST SALE,July-25-2025,Single Family Residential,14 Franklin Ter,Hyde Park,MA,02136,850000,3,2.5,Hyde Park,2333,5530,1910,,364,,Sold,,,https://www.redfin.com/MA/Hyde-Park/14-Franklin-Ter-02136/home/9128546,MLS PIN,73392895,N,Y,42.2524533,-71.1159555
PAST SALE,December-12-2025,Townhouse,61 W Milton St Unit B,Hyde Park,MA,02136,660000,3,2.5,Hyde Park,2350,8850,2004,,281,,Sold,,,https://www.redfin.com/MA/Hyde-Park/61-W-Milton-St-02136/unit-B/home/9326993,MLS PIN,73449177,N,Y,42.239155,-71.1392582
PAST SALE,September-15-2025,Multi-Family (2-4 Unit),61 Neponset Ave,Hyde Park,MA,02136,1040000,7,3.5,Hyde Park's Fairmount,2605,6588,2013,,399,,Sold,,,https://www.redfin.com/MA/Hyde-Park/61-Neponset-Ave-02136/home/11835601,MLS PIN,73407954,N,Y,42.2480126,-71.1186595
PAST SALE,August-15-2025,Single Family Residential,111 Pierce St,Hyde Park,MA,02136,712000,4,2,Hyde Park,1632,4660,1910,,436,,Sold,,,https://www.redfin.com/MA/Hyde-Park/111-Pierce-St-02136/home/9126877,MLS PIN,73380892,N,Y,42.2581877,-71.1158278
PAST SALE,October-10-2025,Multi-Family (2-4 Unit),14-16 Pond St,Hyde Park,MA,02136,577500,4,2,Hyde Park,2184,5340,1935,,264,,Sold,,,https://www.redfin.com/MA/Hyde-Park/14-16-Pond-St-02136/home/193471737,MLS PIN,73311233,N,Y,42.2498899,-71.1165529
PAST SALE,December-19-2025,Single Family Residential,74 Davison St,Hyde Park,MA,02136,565000,3,1,Hyde Park,1244,3107,1880,,454,,Sold,,,https://www.redfin.com/MA/Hyde-Park/74-Davison-St-02136/home/11835561,MLS PIN,73455943,N,Y,42.257916,-71.1176731
PAST SALE,November-18-2025,Single Family Residential,228 Neponset Valley Pkwy,Hyde Park,MA,02136,700000,4,3,Boston,1746,4384,1942,,401,,Sold,,,https://www.redfin.com/MA/Hyde-Park/228-Neponset-Valley-Pkwy-02136/home/9134427,MLS PIN,73436351,N,Y,42.2367531,-71.1295102
PAST SALE,December-3-2025,Single Family Residential,43 Thompson St,Hyde Park,MA,02136,725000,3,2,Hyde Park,1700,5375,1910,,426,,Sold,,,https://www.redfin.com/MA/Hyde-Park/43-Thompson-St-02136/home/9131283,MLS PIN,73444449,N,Y,42.2520901,-71.1341522
PAST SALE,July-25-2025,Single Family Residential,14 Franklin Ter,Hyde Park,MA,02136,850000,3,2.5,Hyde Park,2333,5530,1910,,364,,Sold,,,https://www.redfin.com/MA/Hyde-Park/14-Franklin-Ter-02136/home/9128546,MLS PIN,73392895,N,Y,42.2524533,-71.1159555
PAST SALE,December-12-2025,Townhouse,61 W Milton St Unit B,Hyde Park,MA,02136,660000,3,2.5,Hyde Park,2350,8850,2004,,281,,Sold,,,https://www.redfin.com/MA/Hyde-Park/61-W-Milton-St-02136/unit-B/home/9326993,MLS PIN,73449177,N,Y,42.239155,-71.1392582
PAST SALE,September-15-2025,Multi-Family (2-4 Unit),61 Neponset Ave,Hyde Park,MA,02136,1040000,7,3.5,Hyde Park's Fairmount,2605,6588,2013,,399,,Sold,,,https://www.redfin.com/MA/Hyde-Park/61-Neponset-Ave-02136/home/11835601,MLS PIN,73407954,N,Y,42.2480126,-71.1186595
PAST SALE,August-15-2025,Single Family Residential,111 Pierce St,Hyde Park,MA,02136,712000,4,2,Hyde Park,1632,4660,1910,,436,,Sold,,,https://www.redfin.com/MA/Hyde-Park/111-Pierce-St-02136/home/9126877,MLS PIN,73380892,N,Y,42.2581877,-71.1158278
PAST SALE,October-10-2025,Multi-Family (2-4 Unit),14-16 Pond St,Hyde Park,MA,02136,577500,4,2,Hyde Park,2184,5340,1935,,264,,Sold,,,https://www.redfin.com/MA/Hyde-Park/14-16-Pond-St-02136/home/193471737,MLS PIN,73311233,N,Y,42.2498899,-71.1165529
PAST SALE,December-19-2025,Single Family Residential,74 Davison St,Hyde Park,MA,02136,565000,3,1,Hyde Park,1244,3107,1880,,454,,Sold,,,https://www.redfin.com/MA/Hyde-Park/74-Davison-St-02136/home/11835561,MLS PIN,73455943,N,Y,42.257916,-71.1176731
PAST SALE,May-23-2025,Condo/Co-op,50 Follen St #110,Cambridge,MA,02138,475000,0,1,Harvard Square,395,,1925,,1203,252,Sold,,,https://www.redfin.com/MA/Cambridge/50-Follen-St-02138/unit-110/home/11576213,MLS PIN,73368663,N,Y,42.3781346,-71.1213241
PAST SALE,May-15-2025,Condo/Co-op,989 Memorial Dr #391,Cambridge,MA,02138,2850000,3,2,Cambridge,2060,,1900,,1383,1461,Sold,,,https://www.redfin.com/MA/Cambridge/989-Memorial-Dr-02138/unit-391/home/11575237,MLS PIN,73352714,N,Y,42.3732333,-71.1260813
PAST SALE,September-29-2025,Single Family Residential,419 Broadway,Cambridge,MA,02138,2537250,4,4.5,Cambridge,2625,2671,1873,,967,,Sold,,,https://www.redfin.com/MA/Cambridge/419-Broadway-02138/home/11571591,MLS PIN,73405551,N,Y,42.3726886,-71.1089906
PAST SALE,October-16-2025,Condo/Co-op,31 Concord Ave Unit 10A,Cambridge,MA,02138,565000,2,1,Cambridge,744,,1920,,759,471,Sold,,,https://www.redfin.com/MA/Cambridge/31-Concord-Ave-02138/unit-10A/home/11586276,MLS PIN,73402460,N,Y,42.3798926,-71.1259541
PAST SALE,,Condo/Co-op,1 Aberdeen Way #202,Cambridge,MA,02138,1020000,2,2,,1507,,1960,,677,,,,,https://www.redfin.com/MA/Cambridge/1-Aberdeen-Way-02138/unit-202/home/11604330,,,N,Y,42.3774855,-71.1476368
PAST SALE,,Condo/Co-op,1572 Massachusetts Ave #59,Cambridge,MA,02138,800000,1,1,,670,,1850,,1194,,,,,https://www.redfin.com/MA/Cambridge/1572-Massachusetts-Ave-02138/unit-59/home/11576045,,,N,Y,42.3789725,-71.1206764
PAST SALE,,Condo/Co-op,3 Shepard St #5,Cambridge,MA,02138,1260000,2,2,,1465,,1920,,860,,,,,https://www.redfin.com/MA/Cambridge/3-Shepard-St-02138/unit-5/home/11577419,,,N,Y,42.381899,-71.120399
PAST SALE,,Condo/Co-op,1586 Cambridge St #1586,Cambridge,MA,02138,1935000,3,2.5,,2766,,1920,,700,,,,,https://www.redfin.com/MA/Cambridge/1586-Cambridge-St-02138/unit-1586/home/11571506,,,N,Y,42.3745265,-71.1079027
PAST SALE,,Condo/Co-op,1 Aberdeen Way #208,Cambridge,MA,02138,245000,1,2,,991,,1960,,247,,,,,https://www.redfin.com/MA/Cambridge/1-Aberdeen-Way-02138/unit-208/home/11604379,,,N,Y,42.3774855,-71.1476368
PAST SALE,December-31-2025,Multi-Family (5+ Unit),31-37 Mellen St,Cambridge,MA,02138,13000116,9,13.5,Cambridge,9999,9999,1890,,1300,,Sold,,,https://www.redfin.com/MA/Cambridge/37-Mellen-St-02138/home/196164697,MLS PIN,73475932,N,Y,42.3808977,-71.1166417
PAST SALE,December-11-2025,Townhouse,13 Mellen St,Cambridge,MA,02138,3220000,5,4.5,Harvard Square,2940,,1900,,1095,425,Sold,,,https://www.redfin.com/MA/Cambridge/13-Mellen-St-02138/unit-13FR/home/177218506,MLS PIN,73434254,N,Y,42.3809535,-71.1184173
PAST SALE,,Condo/Co-op,19 Fairmont Ave Unit B,Cambridge,MA,02139,660000,1,1,,690,,1902,,957,,,,,https://www.redfin.com/MA/Cambridge/19-Fairmont-Ave-02139/unit-B/home/11599642,,,N,Y,42.3619886,-71.1124906
PAST SALE,December-12-2025,Condo/Co-op,12 Inman St #55,Cambridge,MA,02139,775000,2,1,Cambridge,929,,1965,,834,423,Sold,,,https://www.redfin.com/MA/Cambridge/12-Inman-St-02139/unit-55/home/11562193,MLS PIN,73410988,N,Y,42.3670628,-71.1048682
PAST SALE,October-3-2025,Townhouse,11 Kinnaird St Unit A,Cambridge,MA,02139,2340000,3,3.5,Cambridge,2751,,1854,,851,500,Sold,,,https://www.redfin.com/MA/Cambridge/11-Kinnaird-St-02139/unit-A/home/198420700,MLS PIN,73439116,N,Y,42.3644389,-71.1091315
PAST SALE,,Condo/Co-op,213 Harvard St Unit 3R,Cambridge,MA,02139,1848000,3,2,,1231,,1903,,1501,,,,,https://www.redfin.com/MA/Cambridge/213-Harvard-St-02139/unit-3R/home/11558162,,,N,Y,42.3675077,-71.0988257
PAST SALE,,Condo/Co-op,285 Harvard St #409,Cambridge,MA,02139,525000,1,1,,496,,1910,,1058,,,,,https://www.redfin.com/MA/Cambridge/285-Harvard-St-02139/unit-409/home/11562547,,,N,Y,42.3694586,-71.1040306
PAST SALE,,Condo/Co-op,213 Harvard St Unit 2L,Cambridge,MA,02139,880000,2,2,,1231,,1903,,715,,,,,https://www.redfin.com/MA/Cambridge/213-Harvard-St-02139/unit-2L/home/11558154,,,N,Y,42.3675077,-71.0988257
PAST SALE,,Condo/Co-op,15 Maple Ave #2,Cambridge,MA,02139,950000,2,1,,882,,1880,,1077,,,,,https://www.redfin.com/MA/Cambridge/15-Maple-Ave-02139/unit-2/home/11563754,,,N,Y,42.3721198,-71.1053713
PAST SALE,May-27-2025,Condo/Co-op,318 Rindge Ave #112,Cambridge,MA,02140,849000,2,2,Cambridge,1210,,2005,,702,669,Sold,,,https://www.redfin.com/MA/Cambridge/318-Rindge-Ave-02140/unit-112/home/195172488,MLS PIN,73350648,N,Y,42.3917755,-71.1370215
PAST SALE,July-28-2025,Condo/Co-op,11 Cogswell Ave #16,Cambridge,MA,02140,550000,1,1,Cambridge,585,,1968,,940,369,Sold,,,https://www.redfin.com/MA/Cambridge/11-Cogswell-Ave-02140/unit-16/home/11583277,MLS PIN,73386205,N,Y,42.3912757,-71.1249201
PAST SALE,,Condo/Co-op,1 Newport Rd #6,Cambridge,MA,02140,200000,2,1,,1142,,1920,,175,,,,,https://www.redfin.com/MA/Cambridge/1-Newport-Rd-02140/unit-6/home/11598373,,,N,Y,42.3856804,-71.1188438
PAST SALE,,Condo/Co-op,15 Mount Vernon St #4,Cambridge,MA,02140,1300000,2,2,,1235,,1995,,1053,,,,,https://www.redfin.com/MA/Cambridge/15-Mount-Vernon-St-02140/unit-4/home/11578694,,,N,Y,42.3875186,-71.1198906
PAST SALE,,Condo/Co-op,175 Richdale Ave #308,Cambridge,MA,02140,1250000,3,2,,1497,,1998,,835,,,,,https://www.redfin.com/MA/Cambridge/175-Richdale-Ave-02140/unit-308/home/11549045,,,N,Y,42.389469,-71.126962
PAST SALE,,Condo/Co-op,38 Rice St #3,Cambridge,MA,02140,800000,2,1,,1066,,1910,,750,,,,,https://www.redfin.com/MA/Cambridge/38-Rice-St-02140/unit-3/home/11582732,,,N,Y,42.3944857,-71.1291399
PAST SALE,September-23-2025,Multi-Family (2-4 Unit),31 Hunting St,Cambridge,MA,02141,1110000,4,2,Cambridge,1552,2351,1894,,715,,Sold,,,https://www.redfin.com/MA/Cambridge/31-Hunting-St-02141/home/11554181,MLS PIN,73392767,N,Y,42.3737309,-71.0910693
PAST SALE,,Condo/Co-op,4 Canal Park #508,Cambridge,MA,02141,735000,1,1,,816,,1986,,901,,,,,https://www.redfin.com/MA/Cambridge/4-Canal-Park-02141/unit-508/home/11550234,,,N,Y,42.369547,-71.074941
PAST SALE,June-10-2025,Condo/Co-op,75-83 Cambridge Pkwy Unit E506,Cambridge,MA,02142,2090000,2,2,Kendall Square,1655,,1989,,1263,1764,Sold,,,https://www.redfin.com/MA/Cambridge/75-83-Cambridge-Pkwy-02142/unit-E506/home/191061265,MLS PIN,73373068,N,Y,42.3643818,-71.0769379
PAST SALE,July-18-2025,Townhouse,26-B Lake St Unit 26B,Somerville,MA,02143,1049900,3,2.5,Union Square,1654,,2003,,635,482,Sold,,,https://www.redfin.com/MA/Somerville/26-B-Lake-St-02143/unit-26B/home/187030137,MLS PIN,73382372,N,Y,42.3800392,-71.0998077
PAST SALE,October-24-2025,Single Family Residential,24 Central St,Somerville,MA,02143,1625000,6,4.5,Somerville,3796,6435,1890,,428,,Sold,,,https://www.redfin.com/MA/Somerville/24-Central-St-02143/home/8745112,MLS PIN,73386554,N,Y,42.3847044,-71.1062548
PAST SALE,,Condo/Co-op,11 Thorpe St,Somerville,MA,02143,80000,2,1.5,,1185,,1900,,68,,,,,https://www.redfin.com/MA/Somerville/11-Thorpe-St-02143/home/8748650,,,N,Y,42.3844586,-71.0939306
PAST SALE,February-24-2025,Condo/Co-op,207 Highland Ave Unit B,Somerville,MA,02143,1330000,4,3,Somerville,1730,,1900,,769,250,Sold,,,https://www.redfin.com/MA/Somerville/207-Highland-Ave-02143/unit-B/home/194846445,MLS PIN,73338258,N,Y,42.390051,-71.1071105
PAST SALE,February-28-2025,Condo/Co-op,28 South St #201,Somerville,MA,02143,1050000,2,2,Union Square,1227,,2024,,856,566,Sold,,,https://www.redfin.com/MA/Somerville/28-South-St-02143/unit-201/home/192745780,MLS PIN,73327083,N,Y,42.3741115,-71.0894568
PAST SALE,August-21-2025,Condo/Co-op,45 Kent St #2,Somerville,MA,02143,915000,2,2.5,Somerville,1172,,1900,,781,221,Sold,,,https://www.redfin.com/MA/Somerville/45-Kent-St-02143/unit-2/home/195472763,MLS PIN,73362127,N,Y,42.3825291,-71.1108171
PAST SALE,,Condo/Co-op,37 Lowell St #37,Somerville,MA,02143,915000,2,1.5,,1292,,1885,,708,,,,,https://www.redfin.com/MA/Somerville/37-Lowell-St-02143/unit-37/home/8748981,,,N,Y,42.3858067,-71.1108359
PAST SALE,June-16-2025,Condo/Co-op,13 Cottage Ave #2,Somerville,MA,02144,1675000,3,3.5,Somerville,2010,,1920,,833,175,Sold,,,https://www.redfin.com/MA/Somerville/13-Cottage-Ave-02144/unit-2/home/160676903,MLS PIN,73367022,N,Y,42.3939967,-71.1219322
PAST SALE,April-15-2025,Condo/Co-op,45 Wallace St #45,Somerville,MA,02144,1540000,3,2.5,Somerville,1801,,1900,,855,330,Sold,,,https://www.redfin.com/MA/Somerville/45-Wallace-St-02144/unit-45/home/194938432,MLS PIN,73341302,N,Y,42.3991627,-71.1224217
PAST SALE,August-1-2025,Condo/Co-op,1060 Broadway #102,Somerville,MA,02144,1247903,3,2,Somerville,1438,,1973,,868,750,Sold,,,https://www.redfin.com/MA/Somerville/1060-Broadway-02144/unit-102/home/173498181,MLS PIN,73374998,N,Y,42.401629,-71.12481
PAST SALE,July-10-2025,Condo/Co-op,50 Alpine St #2,Somerville,MA,02144,860000,2,2,Somerville,807,,1910,,1066,280,Sold,,,https://www.redfin.com/MA/Somerville/50-Alpine-St-02144/unit-2/home/39931228,MLS PIN,73380325,N,Y,42.3931761,-71.1089527
PAST SALE,September-9-2025,Multi-Family (2-4 Unit),115 Elm St,Somerville,MA,02144,1205000,4,2,Somerville,2493,2894,1920,,483,,Sold,,,https://www.redfin.com/MA/Somerville/115-Elm-St-02144/home/8702103,MLS PIN,73384270,N,Y,42.3902443,-71.1173208
PAST SALE,,Condo/Co-op,241 Powder House Blvd,Somerville,MA,02144,700000,2,1,,1000,,1910,,700,,,,,https://www.redfin.com/MA/Somerville/241-Powder-House-Blvd-02144/home/21626678,,,N,Y,42.4073698,-71.1296738
PAST SALE,,Condo/Co-op,79 Fairfax St #79,Somerville,MA,02144,685000,2,1,,1244,,1920,,551,,,,,https://www.redfin.com/MA/Somerville/79-Fairfax-St-02144/unit-79/home/8757440,,,N,Y,42.4124795,-71.1306226
PAST SALE,,Condo/Co-op,79 Fairfax St #79,Somerville,MA,02144,685000,2,1,,1244,,1920,,551,,,,,https://www.redfin.com/MA/Somerville/79-Fairfax-St-02144/unit-79/home/8757440,,,N,Y,42.4124795,-71.1306226
PAST SALE,May-16-2025,Condo/Co-op,398 Broadway Unit 2A,Somerville,MA,02145,770000,3,1.5,Somerville,1255,,1880,,614,580,Sold,,,https://www.redfin.com/MA/Somerville/398-Broadway-02145/unit-2A/home/8749569,MLS PIN,73356973,N,Y,42.3949114,-71.0984942
PAST SALE,December-19-2025,Multi-Family (2-4 Unit),36 Fountain Ave,Somerville,MA,02145,1490000,9,3,Somerville,3717,2560,1900,,401,,Sold,,,https://www.redfin.com/MA/Somerville/36-Fountain-Ave-02145/home/8737578,MLS PIN,73456662,N,Y,42.3833466,-71.0877148
PAST SALE,February-28-2025,Condo/Co-op,25 Wheatland St #3,Somerville,MA,02145,520000,1,1,Somerville,806,,1885,,645,194,Sold,,,https://www.redfin.com/MA/Somerville/25-Wheatland-St-02145/unit-3/home/18906902,MLS PIN,73326419,N,Y,42.3919376,-71.0898003
PAST SALE,August-5-2025,Condo/Co-op,280 Broadway #5,Somerville,MA,02145,475000,1,1,Somerville,635,,1900,,748,177,Sold,,,https://www.redfin.com/MA/Somerville/280-Broadway-02145/unit-5/home/21974560,MLS PIN,73371007,N,Y,42.3910685,-71.0921474
PAST SALE,August-6-2025,Condo/Co-op,7 Reeds Ct #1,Somerville,MA,02145,708500,3,2,Somerville,1070,,1890,,662,147,Sold,,,https://www.redfin.com/MA/Somerville/7-Reeds-Ct-02145/unit-1/home/174906505,MLS PIN,73374421,N,Y,42.3833028,-71.086672
PAST SALE,,Condo/Co-op,216 Cedar St,Somerville,MA,02145,699000,2,1,,827,,1910,,845,,,,,https://www.redfin.com/MA/Somerville/216-Cedar-St-02145/home/8760244,,,N,Y,42.3956555,-71.1101712
PAST SALE,November-4-2025,Condo/Co-op,519 Broadway #302,Somerville,MA,02145,734000,1,1,Somerville,851,,2020,,863,293,Sold,,,https://www.redfin.com/MA/Somerville/519-Broadway-02145/unit-302/home/172749137,MLS PIN,73434525,N,Y,42.3978873,-71.1050886
PAST SALE,,Condo/Co-op,48 Ash Ave Unit B,Somerville,MA,02145,500000,3,2,,1411,,1988,,354,,,,,https://www.redfin.com/MA/Somerville/48-Ash-Ave-02145/unit-B/home/8748450,,,N,Y,42.3992589,-71.0951022
PAST SALE,,Condo/Co-op,16 Arlington St #1,Somerville,MA,02145,650000,2,2.5,,1074,,1885,,605,,,,,https://www.redfin.com/MA/Somerville/16-Arlington-St-02145/unit-1/home/8736727,,,N,Y,42.3858761,-71.0823022
PAST SALE,September-30-2025,Multi-Family (2-4 Unit),154 Mount Vernon St,Malden,MA,02148,950000,5,2,Malden,2780,12079,1920,,342,,Sold,,,https://www.redfin.com/MA/Malden/154-Mount-Vernon-St-02148/home/11407063,MLS PIN,73420332,N,Y,42.4340489,-71.0621881
PAST SALE,April-3-2025,Multi-Family (2-4 Unit),511 Pleasant St,Malden,MA,02148,1160000,6,4,Malden,3487,5001,1900,,333,,Sold,,,https://www.redfin.com/MA/Malden/511-Pleasant-St-02148/home/11384340,MLS PIN,73317595,N,Y,42.4261562,-71.0841599
PAST SALE,September-12-2025,Single Family Residential,77 Autumn St,Malden,MA,02148,510000,3,1,Malden,1156,5227,1930,,441,,Sold,,,https://www.redfin.com/MA/Malden/77-Autumn-St-02148/home/11389291,MLS PIN,73429990,N,Y,42.4374669,-71.0688046
PAST SALE,,Condo/Co-op,27 Alpine St #17,Malden,MA,02148,300000,2,1.5,,954,,1968,,314,,,,,https://www.redfin.com/MA/Malden/27-Alpine-St-02148/unit-17/home/11399922,,,N,Y,42.4298887,-71.0778474
PAST SALE,,Condo/Co-op,3 Lebanon Ter,Malden,MA,02148,410000,3,1.5,,873,,1900,,470,,,,,https://www.redfin.com/MA/Malden/3-Lebanon-Ter-02148/home/21472482,,,N,Y,42.4355056,-71.0465629
PAST SALE,December-16-2025,Multi-Family (5+ Unit),17 Hubbard St,Malden,MA,02148,1600000,12,6,Malden,5814,,1954,,275,,Sold,,,https://www.redfin.com/MA/Malden/17-Hubbard-St-02148/home/11385911,MLS PIN,73463672,N,Y,42.4241,-71.0772773
PAST SALE,September-30-2025,Multi-Family (2-4 Unit),154 Mount Vernon St,Malden,MA,02148,950000,5,2,Malden,2780,12079,1920,,342,,Sold,,,https://www.redfin.com/MA/Malden/154-Mount-Vernon-St-02148/home/11407063,MLS PIN,73420332,N,Y,42.4340489,-71.0621881
PAST SALE,April-3-2025,Multi-Family (2-4 Unit),511 Pleasant St,Malden,MA,02148,1160000,6,4,Malden,3487,5001,1900,,333,,Sold,,,https://www.redfin.com/MA/Malden/511-Pleasant-St-02148/home/11384340,MLS PIN,73317595,N,Y,42.4261562,-71.0841599
PAST SALE,,Condo/Co-op,3 Lebanon Ter,Malden,MA,02148,410000,3,1.5,,873,,1900,,470,,,,,https://www.redfin.com/MA/Malden/3-Lebanon-Ter-02148/home/21472482,,,N,Y,42.4355056,-71.0465629
PAST SALE,December-16-2025,Multi-Family (5+ Unit),17 Hubbard St,Malden,MA,02148,1600000,12,6,Malden,5814,,1954,,275,,Sold,,,https://www.redfin.com/MA/Malden/17-Hubbard-St-02148/home/11385911,MLS PIN,73463672,N,Y,42.4241,-71.0772773
PAST SALE,,Condo/Co-op,27 Alpine St #17,Malden,MA,02148,300000,2,1.5,,954,,1968,,314,,,,,https://www.redfin.com/MA/Malden/27-Alpine-St-02148/unit-17/home/11399922,,,N,Y,42.4298887,-71.0778474
PAST SALE,September-12-2025,Single Family Residential,77 Autumn St,Malden,MA,02148,510000,3,1,Malden,1156,5227,1930,,441,,Sold,,,https://www.redfin.com/MA/Malden/77-Autumn-St-02148/home/11389291,MLS PIN,73429990,N,Y,42.4374669,-71.0688046
PAST SALE,December-30-2025,Multi-Family (2-4 Unit),16 Boylston St,Malden,MA,02148,740000,5,2,Malden,2236,5401,1900,,331,,Sold,,,https://www.redfin.com/MA/Malden/16-Boylston-St-02148/home/11405230,MLS PIN,73455830,N,Y,42.4217684,-71.0575596
PAST SALE,November-20-2025,Multi-Family (2-4 Unit),63 Malden St,Malden,MA,02148,850000,5,2,Malden,2878,6499,1890,,295,,Sold,,,https://www.redfin.com/MA/Malden/63-Malden-St-02148/home/11400934,MLS PIN,73443045,N,Y,42.4197125,-71.0786569
PAST SALE,March-17-2025,Townhouse,45 Holyoke #1,Malden,MA,02148,710000,2,3,Malden,1538,6752,2024,,462,337,Sold,,,https://www.redfin.com/MA/Malden/45-Holyoke-St-02148/unit-1/home/194285830,MLS PIN,73326410,N,Y,42.4243126,-71.0614397
PAST SALE,April-3-2025,Multi-Family (2-4 Unit),8 Bradford Ter,Everett,MA,02149,850000,4,2,Everett,1764,3040,1910,,482,,Sold,,,https://www.redfin.com/MA/Everett/8-Bradford-Ter-02149/home/8498599,MLS PIN,73332522,N,Y,42.419048,-71.0547232
PAST SALE,October-21-2025,Multi-Family (2-4 Unit),22 Belmont Park,Everett,MA,02149,1135000,5,3.5,Everett,2653,4517,1900,,428,,Sold,,,https://www.redfin.com/MA/Everett/22-Belmont-Park-02149/home/8503690,MLS PIN,73411734,N,Y,42.4149245,-71.0606177
PAST SALE,April-3-2025,Multi-Family (2-4 Unit),8 Bradford Ter,Everett,MA,02149,850000,4,2,Everett,1764,3040,1910,,482,,Sold,,,https://www.redfin.com/MA/Everett/8-Bradford-Ter-02149/home/8498599,MLS PIN,73332522,N,Y,42.419048,-71.0547232
PAST SALE,October-21-2025,Multi-Family (2-4 Unit),22 Belmont Park,Everett,MA,02149,1135000,5,3.5,Everett,2653,4517,1900,,428,,Sold,,,https://www.redfin.com/MA/Everett/22-Belmont-Park-02149/home/8503690,MLS PIN,73411734,N,Y,42.4149245,-71.0606177
PAST SALE,,Condo/Co-op,881 Broadway #41,Everett,MA,02149,305000,1,1,,718,,1973,,425,,,,,https://www.redfin.com/MA/Everett/881-Broadway-02149/unit-41/home/11775805,,,N,Y,42.4196647,-71.0438636
PAST SALE,October-28-2025,Townhouse,57 Belmont St #57,Everett,MA,02149,599000,3,2.5,Everett,1499,10000,2005,,400,342,Sold,,,https://www.redfin.com/MA/Everett/57-Belmont-St-02149/unit-57/home/77492863,MLS PIN,73438340,N,Y,42.4154131,-71.0617445
PAST SALE,July-9-2025,Single Family Residential,11 Dyer,Everett,MA,02149,868000,4,2.5,Everett,1801,7275,1900,,482,,Sold,,,https://www.redfin.com/MA/Everett/11-Dyer-Ave-02149/home/8507799,MLS PIN,73387061,N,Y,42.4114079,-71.0621447
PAST SALE,December-30-2025,Condo/Co-op,23 Chestnut St Unit 2L,Chelsea,MA,02150,341700,1,1,Chelsea,735,,1900,,465,255,Sold,,,https://www.redfin.com/MA/Chelsea/23-Chestnut-St-02150/unit-2L/home/137329951,MLS PIN,73447160,N,Y,42.388782,-71.0429517
PAST SALE,February-28-2025,Condo/Co-op,62 Beacon St #2,Chelsea,MA,02150,475000,3,1,Bellingham Square,918,,1900,,517,200,Sold,,,https://www.redfin.com/MA/Chelsea/62-Beacon-St-02150/unit-2/home/9003552,MLS PIN,73324067,N,Y,42.388911,-71.0424781
PAST SALE,April-10-2025,Condo/Co-op,1 Carey Cir #304,Revere,MA,02151,465000,2,2,Revere,1002,,1986,,464,295,Sold,,,https://www.redfin.com/MA/Revere/1-Carey-Cir-02151/unit-304/home/9022301,MLS PIN,73338491,N,Y,42.4362548,-70.9701904
PAST SALE,October-2-2025,Multi-Family (2-4 Unit),47 Roosevelt St,Revere,MA,02151,850000,4,2,Revere,1600,2932,1910,,531,,Sold,,,https://www.redfin.com/MA/Revere/47-Roosevelt-St-02151/home/9031856,MLS PIN,73419673,N,Y,42.4172299,-70.996125
PAST SALE,November-12-2025,Single Family Residential,85 Lancaster Ave,Revere,MA,02151,640000,5,2,Revere,2758,3999,1930,,232,,Sold,,,https://www.redfin.com/MA/Revere/85-Lancaster-Ave-02151/home/9024202,MLS PIN,73389954,N,Y,42.43932,-70.9648041
PAST SALE,August-29-2025,Condo/Co-op,133 Salem #415,Revere,MA,02151,245000,0,1,Revere,726,,2024,,337,211,Sold,,,https://www.redfin.com/MA/Revere/133-Salem-St-02151/unit-415/home/188223824,MLS PIN,73423450,N,Y,42.4383901,-71.0174147
PAST SALE,August-13-2025,Condo/Co-op,133 Salem Unit U106,Revere,MA,02151,365000,1,1,Revere,697,,2025,,524,321,Sold,,,https://www.redfin.com/MA/Revere/133-Salem-St-02151/unit-U106/home/195275567,MLS PIN,73355709,N,Y,42.4383683,-71.0174167
PAST SALE,September-9-2025,Condo/Co-op,133 Salem #208,Revere,MA,02151,285000,1,1,Revere,593,,2024,,481,240,Sold,,,https://www.redfin.com/MA/Revere/133-Salem-St-02151/unit-208/home/188222928,MLS PIN,73428190,N,Y,42.4383901,-71.0174147
PAST SALE,August-29-2025,Condo/Co-op,133 Salem #104,Revere,MA,02151,220000,0,1,Revere,480,,2024,,458,186,Sold,,,https://www.redfin.com/MA/Revere/133-Salem-St-02151/unit-104/home/188221526,MLS PIN,73423448,N,Y,42.4383901,-71.0174147
PAST SALE,September-22-2025,Townhouse,133 Salem St #201,Revere,MA,02151,320000,2,1,Revere,1022,,2025,,313,258,Sold,,,https://www.redfin.com/MA/Revere/133-Salem-St-02151/unit-201/home/198164676,MLS PIN,73434086,N,Y,42.4384016,-71.0172827
PAST SALE,October-24-2025,Townhouse,133 Salem St #205,Revere,MA,02151,250000,1,1,Revere,500,,1983,,500,252,Sold,,,https://www.redfin.com/MA/Revere/133-Salem-St-02151/unit-205/home/188222970,MLS PIN,73447373,N,Y,42.4383901,-71.0174147
PAST SALE,September-12-2025,Condo/Co-op,133 Salem #218,Revere,MA,02151,285000,1,1,Revere,635,,2024,,449,279,Sold,,,https://www.redfin.com/MA/Revere/133-Salem-St-02151/unit-218/home/188222927,MLS PIN,73430163,N,Y,42.4383901,-71.0174147
PAST SALE,June-27-2025,Condo/Co-op,133 Salem #413,Revere,MA,02151,445000,1,1,Revere,772,,2024,,576,382,Sold,,,https://www.redfin.com/MA/Revere/133-Salem-St-02151/unit-413/home/192198120,MLS PIN,73290377,N,Y,42.4383683,-71.0174167
PAST SALE,June-30-2025,Condo/Co-op,133 Salem Unit U305,Revere,MA,02151,359000,0,1,Revere,559,,2025,,642,312,Sold,,,https://www.redfin.com/MA/Revere/133-Salem-St-02151/unit-U305/home/195276079,MLS PIN,73355737,N,Y,42.4383683,-71.0174167
PAST SALE,July-9-2025,Condo/Co-op,133 Salem Unit U411,Revere,MA,02151,480000,1,1,Revere,824,,2024,,583,417,Sold,,,https://www.redfin.com/MA/Revere/133-Salem-St-02151/unit-U411/home/195424067,MLS PIN,73360399,N,Y,42.4383683,-71.0174167
PAST SALE,September-10-2025,Condo/Co-op,133 Salem #405,Revere,MA,02151,250000,0,1,Revere,492,,2024,,508,211,Sold,,,https://www.redfin.com/MA/Revere/133-Salem-St-02151/unit-405/home/188222954,MLS PIN,73428774,N,Y,42.4383901,-71.0174147
PAST SALE,September-18-2025,Condo/Co-op,133 Salem #109,Revere,MA,02151,250000,1,1,Revere,562,,2025,,445,247,Sold,,,https://www.redfin.com/MA/Revere/133-Salem-St-02151/unit-109/home/188221520,MLS PIN,73433029,N,Y,42.4383901,-71.0174147
PAST SALE,August-14-2025,Condo/Co-op,133 Salem #215,Revere,MA,02151,429000,0,1,Revere,683,,2025,,628,373,Sold,,,https://www.redfin.com/MA/Revere/133-Salem-St-02151/unit-215/home/195275895,MLS PIN,73355726,N,Y,42.4383683,-71.0174167
PAST SALE,June-27-2025,Condo/Co-op,133 Salem Unit U316,Revere,MA,02151,409000,1,1,Revere,675,,2025,,606,356,Sold,,,https://www.redfin.com/MA/Revere/133-Salem-St-02151/unit-U316/home/195276170,MLS PIN,73355756,N,Y,42.4383683,-71.0174167
PAST SALE,July-7-2025,Condo/Co-op,133 Salem #311,Revere,MA,02151,472500,1,1,Revere,823,,2024,,574,417,Sold,,,https://www.redfin.com/MA/Revere/133-Salem-St-02151/unit-311/home/195276099,MLS PIN,73355747,N,Y,42.4383683,-71.0174167
PAST SALE,August-14-2025,Condo/Co-op,133 Salem #406,Revere,MA,02151,429000,1,1,Revere,685,,2024,,626,421,Sold,,,https://www.redfin.com/MA/Revere/133-Salem-St-02151/unit-406/home/190649252,MLS PIN,73290380,N,Y,42.4383901,-71.0174147
PAST SALE,December-9-2025,Townhouse,133 Salem St #101,Revere,MA,02151,320000,2,1,Revere,1002,,1983,,319,324,Sold,,,https://www.redfin.com/MA/Revere/133-Salem-St-02151/unit-101/home/188399919,MLS PIN,73461018,N,Y,42.4383901,-71.0174147
PAST SALE,November-21-2025,Townhouse,133 Salem St #318,Revere,MA,02151,285000,1,1,Revere,617,,1983,,462,284,Sold,,,https://www.redfin.com/MA/Revere/133-Salem-St-02151/unit-318/home/188222977,MLS PIN,73446712,N,Y,42.4383901,-71.0174147
PAST SALE,December-4-2025,Condo/Co-op,133 Salem #206,Revere,MA,02151,355000,1,1,Revere,697,,2025,,509,371,Sold,,,https://www.redfin.com/MA/Revere/133-Salem-St-02151/unit-206/home/190649285,MLS PIN,73451412,N,Y,42.4383901,-71.0174147
PAST SALE,August-20-2025,Condo/Co-op,133 Salem #302,Revere,MA,02151,335000,0,1,Revere,492,,2024,,681,286,Sold,,,https://www.redfin.com/MA/Revere/133-Salem-St-02151/unit-302/home/191304872,MLS PIN,73256233,N,Y,42.4383683,-71.0174167
PAST SALE,June-30-2025,Condo/Co-op,133 Salem #110,Revere,MA,02151,400000,1,1,Revere,775,,2025,,516,356,Sold,,,https://www.redfin.com/MA/Revere/133-Salem-St-02151/unit-110/home/188375892,MLS PIN,73360382,N,Y,42.4383901,-71.0174147
PAST SALE,June-25-2025,Condo/Co-op,133 Salem #210,Revere,MA,02151,429000,1,1,Revere,774,,2024,,554,362,Sold,,,https://www.redfin.com/MA/Revere/133-Salem-St-02151/unit-210/home/191211369,MLS PIN,73253046,N,Y,42.4383683,-71.0174167
PAST SALE,June-30-2025,Condo/Co-op,133 Salem #303,Revere,MA,02151,359000,0,1,Revere,559,,2024,,642,303,Sold,,,https://www.redfin.com/MA/Revere/133-Salem-St-02151/unit-303/home/191304877,MLS PIN,73256234,N,Y,42.4383683,-71.0174167
PAST SALE,July-7-2025,Condo/Co-op,133 Salem #203,Revere,MA,02151,305000,0,1,Revere,559,,2024,,546,261,Sold,,,https://www.redfin.com/MA/Revere/133-Salem-St-02151/unit-203/home/191211345,MLS PIN,73253042,N,Y,42.4383683,-71.0174167
PAST SALE,August-29-2025,Condo/Co-op,133 Salem #204,Revere,MA,02151,250000,0,1,Revere,492,,2024,,508,200,Sold,,,https://www.redfin.com/MA/Revere/133-Salem-St-02151/unit-204/home/188222952,MLS PIN,73423380,N,Y,42.4383901,-71.0174147
PAST SALE,November-21-2025,Townhouse,133 Salem St #202,Revere,MA,02151,220000,1,1,Revere,499,,1983,,441,220,Sold,,,https://www.redfin.com/MA/Revere/133-Salem-St-02151/unit-202/home/188221521,MLS PIN,73457467,N,Y,42.4383901,-71.0174147
PAST SALE,August-29-2025,Condo/Co-op,133 Salem #308,Revere,MA,02151,285000,1,1,Revere,593,,2024,,481,240,Sold,,,https://www.redfin.com/MA/Revere/133-Salem-St-02151/unit-308/home/197546040,MLS PIN,73423378,N,Y,42.4384016,-71.0172827
PAST SALE,September-26-2025,Townhouse,133 Salem St #404,Revere,MA,02151,250000,1,1,Revere,499,,1983,,501,248,Sold,,,https://www.redfin.com/MA/Revere/133-Salem-St-02151/unit-404/home/188222969,MLS PIN,73439299,N,Y,42.4383901,-71.0174147
PAST SALE,September-12-2025,Condo/Co-op,133 Salem #209,Revere,MA,02151,285000,1,1,Revere,562,,2024,,507,279,Sold,,,https://www.redfin.com/MA/Revere/133-Salem-St-02151/unit-209/home/188222929,MLS PIN,73430148,N,Y,42.4383901,-71.0174147
PAST SALE,December-12-2025,Condo/Co-op,133 Salem St #103,Revere,MA,02151,220000,1,1,Revere,568,,1983,,387,22,Sold,,,https://www.redfin.com/MA/Revere/133-Salem-St-02151/unit-103/home/188221524,MLS PIN,73461937,N,Y,42.4383901,-71.0174147
PAST SALE,August-14-2025,Condo/Co-op,133 Salem Unit U312,Revere,MA,02151,475000,1,1,Revere,782,,2025,,607,417,Sold,,,https://www.redfin.com/MA/Revere/133-Salem-St-02151/unit-U312/home/195424029,MLS PIN,73360393,N,Y,42.4383683,-71.0174167
PAST SALE,August-15-2025,Condo/Co-op,133 Salem #217,Revere,MA,02151,439000,0,1,Revere,683,,2024,,643,371,Sold,,,https://www.redfin.com/MA/Revere/133-Salem-St-02151/unit-217/home/191229844,MLS PIN,73253736,N,Y,42.4383683,-71.0174167
PAST SALE,November-13-2025,Condo/Co-op,133 Salem #409,Revere,MA,02151,285000,1,1,Revere,562,,2024,,507,282,Sold,,,https://www.redfin.com/MA/Revere/133-Salem-St-02151/unit-409/home/198207655,MLS PIN,73435795,N,Y,42.4384016,-71.0172827
PAST SALE,June-25-2025,Condo/Co-op,133 Salem #216,Revere,MA,02151,400000,1,1,Revere,675,,2025,,593,347,Sold,,,https://www.redfin.com/MA/Revere/133-Salem-St-02151/unit-216/home/190649515,MLS PIN,73355730,N,Y,42.4383901,-71.0174147
PAST SALE,May-16-2025,Multi-Family (2-4 Unit),91 Pomona St,Revere,MA,02151,955000,6,3,Revere,2408,3899,1920,,397,,Sold,,,https://www.redfin.com/MA/Revere/91-Pomona-St-02151/home/9030467,MLS PIN,73376056,N,Y,42.4169544,-71.0039149
PAST SALE,October-29-2025,Townhouse,8 Revere St #5,Revere,MA,02151,679900,3,3,Revere,1600,,2025,,425,150,Sold,,,https://www.redfin.com/MA/Revere/8-Revere-St-02151/unit-5/home/198209287,MLS PIN,73435916,N,Y,42.4170508,-71.0083488
PAST SALE,June-30-2025,Condo/Co-op,133 Salem #108,Revere,MA,02151,339000,1,1,Revere,593,,2025,,572,333,Sold,,,https://www.redfin.com/MA/Revere/133-Salem-St-02151/unit-108/home/193147342,MLS PIN,73398484,N,Y,42.4383683,-71.0174167
PAST SALE,September-26-2025,Condo/Co-op,133 Salem #116,Revere,MA,02151,369000,1,1,Revere,675,,2025,,547,321,Sold,,,https://www.redfin.com/MA/Revere/133-Salem-St-02151/unit-116/home/188392274,MLS PIN,73360389,N,Y,42.4383901,-71.0174147
PAST SALE,September-12-2025,Condo/Co-op,133 Salem #402,Revere,MA,02151,250000,0,1,Revere,497,,2024,,503,245,Sold,,,https://www.redfin.com/MA/Revere/133-Salem-St-02151/unit-402/home/188222955,MLS PIN,73430128,N,Y,42.4383901,-71.0174147
PAST SALE,December-4-2025,Townhouse,133 Salem St #407,Revere,MA,02151,315000,1,1,Revere,552,,1983,,571,318,Sold,,,https://www.redfin.com/MA/Revere/133-Salem-St-02151/unit-407/home/190649287,MLS PIN,73453941,N,Y,42.4383901,-71.0174147
PAST SALE,September-11-2025,Condo/Co-op,133 Salem #105,Revere,MA,02151,220000,0,1,Revere,483,,2024,,455,216,Sold,,,https://www.redfin.com/MA/Revere/133-Salem-St-02151/unit-105/home/188221522,MLS PIN,73429705,N,Y,42.4383901,-71.0174147
PAST SALE,December-3-2025,Townhouse,8 Revere St #9,Revere,MA,02151,679900,3,3,Revere,1600,,2025,,425,187,Sold,,,https://www.redfin.com/MA/Revere/8-Revere-St-02151/unit-9/home/198594227,MLS PIN,73443467,N,Y,42.4170508,-71.0083488
PAST SALE,August-1-2025,Condo/Co-op,350 Revere Beach Blvd Unit 9S,Revere,MA,02151,455000,1,1,Revere Beach,859,,1988,,530,584,Sold,,,https://www.redfin.com/MA/Revere/350-Revere-Beach-Blvd-02151/unit-9S/home/9018560,MLS PIN,73398687,N,Y,42.4206444,-70.9862925
PAST SALE,July-25-2025,Condo/Co-op,350 Revere Beach Blvd Unit 13G,Revere,MA,02151,675000,2,2,Revere Beach,1434,,1988,,471,1500,Sold,,,https://www.redfin.com/MA/Revere/350-Revere-Beach-Blvd-02151/unit-13G/home/9018910,MLS PIN,73381899,N,Y,42.4206444,-70.9862925
PAST SALE,December-16-2025,Townhouse,8 Revere St #6,Revere,MA,02151,685000,3,3,Revere,1600,,2025,,428,187,Sold,,,https://www.redfin.com/MA/Revere/8-Revere-St-02151/unit-6/home/198578625,MLS PIN,73442813,N,Y,42.4170508,-71.0083488
PAST SALE,September-30-2025,Multi-Family (2-4 Unit),92 Hume Ave,Medford,MA,02155,1265000,6,2.5,Medford,2812,5870,1920,,450,,Sold,,,https://www.redfin.com/MA/Medford/92-Hume-Ave-02155/home/11795909,MLS PIN,73417968,N,Y,42.4096661,-71.1173946
PAST SALE,May-9-2025,Single Family Residential,38 Holton St,Medford,MA,02155,1034567,3,1.5,West Medford,1500,4876,1920,,690,,Sold,,,https://www.redfin.com/MA/Medford/38-Holton-St-02155/home/11790905,MLS PIN,73360562,N,Y,42.4182285,-71.1333483
PAST SALE,April-28-2025,Condo/Co-op,20 Ship Ave #37,Medford,MA,02155,655000,2,2,Medford,1193,,1987,,549,539,Sold,,,https://www.redfin.com/MA/Medford/20-Ship-Ave-02155/unit-37/home/11794408,MLS PIN,73351208,N,Y,42.4131981,-71.10025
PAST SALE,July-30-2025,Condo/Co-op,76 Ship Ave #7,Medford,MA,02155,563000,2,2,Medford,945,,1987,,596,379,Sold,,,https://www.redfin.com/MA/Medford/76-Ship-Ave-02155/unit-7/home/11793699,MLS PIN,73396291,N,Y,42.414943,-71.1025921
PAST SALE,June-16-2025,Condo/Co-op,24 South St #8,Medford,MA,02155,405000,1,1.5,Medford,721,1,1985,,562,307,Sold,,,https://www.redfin.com/MA/Medford/24-South-St-02155/unit-8/home/11801180,MLS PIN,73372082,N,Y,42.4165318,-71.1118889
PAST SALE,June-16-2025,Single Family Residential,75 Wyman St,Medford,MA,02155,1200000,3,2,West Medford,2312,6496,1900,,519,,Sold,,,https://www.redfin.com/MA/Medford/75-Wyman-St-02155/home/11786706,MLS PIN,73364275,N,Y,42.4233696,-71.1245934
PAST SALE,October-21-2025,Condo/Co-op,68 Central Ave #306,Medford,MA,02155,725000,2,2,Medford,1424,,1899,,509,911,Sold,,,https://www.redfin.com/MA/Medford/68-Central-Ave-02155/unit-306/home/12419301,MLS PIN,73428496,N,Y,42.4194885,-71.0943541
PAST SALE,June-27-2025,Single Family Residential,48 West St,Medford,MA,02155,860000,4,2.5,Medford,2016,5000,1926,,427,,Sold,,,https://www.redfin.com/MA/Medford/48-West-St-02155/home/11646687,MLS PIN,73375656,N,Y,42.4174004,-71.1209289
PAST SALE,October-24-2025,Condo/Co-op,320 Middlesex Ave Unit F404,Medford,MA,02155,635000,1,1,Wellington,824,,2024,,771,389,Sold,,,https://www.redfin.com/MA/Medford/320-Middlesex-Ave-02155/unit-F404/home/187368688,MLS PIN,73405906,N,Y,42.4141239,-71.0827017
PAST SALE,August-11-2025,Condo/Co-op,51 Kenmere Rd #51,Medford,MA,02155,743700,5,2,Medford,2100,6121,1920,,354,175,Sold,,,https://www.redfin.com/MA/Medford/51-Kenmere-Rd-02155/unit-51/home/192069581,MLS PIN,73352721,N,Y,42.4166991,-71.0870805
PAST SALE,August-8-2025,Townhouse,20 Ship Ave #44,Medford,MA,02155,649000,2,1.5,Medford,1154,1,1987,,562,525,Sold,,,https://www.redfin.com/MA/Medford/20-Ship-Ave-02155/unit-44/home/11794415,MLS PIN,73348531,N,Y,42.4131981,-71.10025
PAST SALE,,Condo/Co-op,3920 Mystic Valley Pkwy #1119,Medford,MA,02155,800000,2,2,,1226,,1988,,653,,,,,https://www.redfin.com/MA/Medford/3920-Mystic-Valley-Pkwy-02155/unit-1119/home/11776610,,,N,Y,42.4053547,-71.0907945
PAST SALE,April-7-2025,Multi-Family (2-4 Unit),62 Windsor Rd,Medford,MA,02155,980000,5,2,Tufts University,2114,3351,1910,,464,,Sold,,,https://www.redfin.com/MA/Medford/62-Windsor-Rd-02155/home/11796088,MLS PIN,73344958,N,Y,42.4086088,-71.1117857
PAST SALE,,Condo/Co-op,50 Water St #62,Medford,MA,02155,470000,2,1,,792,,1970,,593,,,,,https://www.redfin.com/MA/Medford/50-Water-St-02155/unit-62/home/11787591,,,N,Y,42.4213906,-71.104795
PAST SALE,February-9-2026,Single Family Residential,166 Arlington St,Medford,MA,02155,750000,4,2,Medford,1767,9929,1910,,424,,Sold,,,https://www.redfin.com/MA/Medford/166-Arlington-St-02155/home/11792431,MLS PIN,73476540,N,Y,42.4163732,-71.1350893
PAST SALE,March-7-2025,Single Family Residential,545 Winthrop St Lot 2,Medford,MA,02155,1850000,4,4.5,West Medford,3700,10124,2025,,500,,Sold,,,https://www.redfin.com/MA/Medford/545-Winthrop-St-02155/unit-2/home/193683161,MLS PIN,73325760,N,Y,42.4289742,-71.1285882
PAST SALE,May-9-2025,Single Family Residential,38 Holton St,Medford,MA,02155,1034567,3,1.5,West Medford,1500,4876,1920,,690,,Sold,,,https://www.redfin.com/MA/Medford/38-Holton-St-02155/home/11790905,MLS PIN,73360562,N,Y,42.4182285,-71.1333483
PAST SALE,April-28-2025,Condo/Co-op,20 Ship Ave #37,Medford,MA,02155,655000,2,2,Medford,1193,,1987,,549,539,Sold,,,https://www.redfin.com/MA/Medford/20-Ship-Ave-02155/unit-37/home/11794408,MLS PIN,73351208,N,Y,42.4131981,-71.10025
PAST SALE,July-30-2025,Condo/Co-op,76 Ship Ave #7,Medford,MA,02155,563000,2,2,Medford,945,,1987,,596,379,Sold,,,https://www.redfin.com/MA/Medford/76-Ship-Ave-02155/unit-7/home/11793699,MLS PIN,73396291,N,Y,42.414943,-71.1025921
PAST SALE,June-16-2025,Condo/Co-op,24 South St #8,Medford,MA,02155,405000,1,1.5,Medford,721,1,1985,,562,307,Sold,,,https://www.redfin.com/MA/Medford/24-South-St-02155/unit-8/home/11801180,MLS PIN,73372082,N,Y,42.4165318,-71.1118889
PAST SALE,June-16-2025,Single Family Residential,75 Wyman St,Medford,MA,02155,1200000,3,2,West Medford,2312,6496,1900,,519,,Sold,,,https://www.redfin.com/MA/Medford/75-Wyman-St-02155/home/11786706,MLS PIN,73364275,N,Y,42.4233696,-71.1245934
PAST SALE,October-21-2025,Condo/Co-op,68 Central Ave #306,Medford,MA,02155,725000,2,2,Medford,1424,,1899,,509,911,Sold,,,https://www.redfin.com/MA/Medford/68-Central-Ave-02155/unit-306/home/12419301,MLS PIN,73428496,N,Y,42.4194885,-71.0943541
PAST SALE,June-27-2025,Single Family Residential,48 West St,Medford,MA,02155,860000,4,2.5,Medford,2016,5000,1926,,427,,Sold,,,https://www.redfin.com/MA/Medford/48-West-St-02155/home/11646687,MLS PIN,73375656,N,Y,42.4174004,-71.1209289
PAST SALE,October-24-2025,Condo/Co-op,320 Middlesex Ave Unit F404,Medford,MA,02155,635000,1,1,Wellington,824,,2024,,771,389,Sold,,,https://www.redfin.com/MA/Medford/320-Middlesex-Ave-02155/unit-F404/home/187368688,MLS PIN,73405906,N,Y,42.4141239,-71.0827017
PAST SALE,August-11-2025,Condo/Co-op,51 Kenmere Rd #51,Medford,MA,02155,743700,5,2,Medford,2100,6121,1920,,354,175,Sold,,,https://www.redfin.com/MA/Medford/51-Kenmere-Rd-02155/unit-51/home/192069581,MLS PIN,73352721,N,Y,42.4166991,-71.0870805
PAST SALE,August-8-2025,Townhouse,20 Ship Ave #44,Medford,MA,02155,649000,2,1.5,Medford,1154,1,1987,,562,525,Sold,,,https://www.redfin.com/MA/Medford/20-Ship-Ave-02155/unit-44/home/11794415,MLS PIN,73348531,N,Y,42.4131981,-71.10025
PAST SALE,,Condo/Co-op,50 Water St #62,Medford,MA,02155,470000,2,1,,792,,1970,,593,,,,,https://www.redfin.com/MA/Medford/50-Water-St-02155/unit-62/home/11787591,,,N,Y,42.4213906,-71.104795
PAST SALE,February-9-2026,Single Family Residential,166 Arlington St,Medford,MA,02155,750000,4,2,Medford,1767,9929,1910,,424,,Sold,,,https://www.redfin.com/MA/Medford/166-Arlington-St-02155/home/11792431,MLS PIN,73476540,N,Y,42.4163732,-71.1350893
PAST SALE,March-7-2025,Single Family Residential,545 Winthrop St Lot 2,Medford,MA,02155,1850000,4,4.5,West Medford,3700,10124,2025,,500,,Sold,,,https://www.redfin.com/MA/Medford/545-Winthrop-St-02155/unit-2/home/193683161,MLS PIN,73325760,N,Y,42.4289742,-71.1285882
PAST SALE,December-18-2025,Condo/Co-op,421 High St #202,Medford,MA,02155,575000,1,1,West Medford,632,,2025,,910,400,Sold,,,https://www.redfin.com/MA/Medford/421-High-St-02155/unit-202/home/195242896,MLS PIN,73353966,N,Y,42.4213934,-71.1304839
PAST SALE,October-10-2025,Condo/Co-op,34 South St #202,Quincy,MA,02169,425000,2,2,Quincy,1100,,1975,,386,594,Sold,,,https://www.redfin.com/MA/Quincy/34-South-St-02169/unit-202/home/8942299,MLS PIN,73424911,N,Y,42.246468,-70.9956838
PAST SALE,June-13-2025,Townhouse,188 Quincy Ave Unit A1,Quincy,MA,02169,830000,3,2.5,Quincy,2119,,2023,,392,216,Sold,,,https://www.redfin.com/MA/Quincy/188-Quincy-Ave-02169/unit-A1/home/185653166,MLS PIN,73363220,N,Y,42.2422983,-70.9926191
PAST SALE,April-30-2025,Single Family Residential,175 Sea St,Quincy,MA,02169,656000,3,1.5,Merrymount,1876,8449,1925,,350,,Sold,,,https://www.redfin.com/MA/Quincy/175-Sea-St-02169/home/8922708,MLS PIN,73328660,N,Y,42.260879,-70.9934983
PAST SALE,May-16-2025,Single Family Residential,47 Pelican Rd,Quincy,MA,02169,790000,4,2,Quincy,1612,4998,1929,,490,,Sold,,,https://www.redfin.com/MA/Quincy/47-Pelican-Rd-02169/home/8920524,MLS PIN,73338514,N,Y,42.2623559,-70.981526
PAST SALE,January-6-2026,Condo/Co-op,15 Bower Rd Unit B2,Quincy,MA,02169,400000,2,2,Quincy,1038,,1988,,385,404,Sold,,,https://www.redfin.com/MA/Quincy/15-Bower-Rd-02169/unit-B2/home/8949550,MLS PIN,73441001,N,Y,42.2373872,-70.982577
PAST SALE,August-13-2025,Single Family Residential,20 Hillsboro St,Quincy,MA,02169,900000,5,2.5,Penn's Hill,2530,9354,1900,,356,,Sold,,,https://www.redfin.com/MA/Quincy/20-Hillsboro-St-02169/home/8955054,MLS PIN,73366908,N,Y,42.2335155,-70.9996058
PAST SALE,February-12-2026,Condo/Co-op,20 Whitney #3,Quincy,MA,02169,525000,2,2,Quincy Center,670,,1900,,784,250,Sold,,,https://www.redfin.com/MA/Quincy/20-Whitney-Rd-02169/unit-3/home/200135713,MLS PIN,73470528,N,Y,42.2543564,-71.0045919
PAST SALE,February-11-2026,Condo/Co-op,20 Whitney #5,Quincy,MA,02169,600000,2,2,Quincy Center,900,,1900,,667,275,Sold,,,https://www.redfin.com/MA/Quincy/20-Whitney-Rd-02169/unit-5/home/199872427,MLS PIN,73463997,N,Y,42.2543564,-71.0045919
PAST SALE,February-12-2026,Condo/Co-op,20 Whitney #4,Quincy,MA,02169,389000,2,2,Quincy Center,430,,1900,,905,200,Sold,,,https://www.redfin.com/MA/Quincy/20-Whitney-Rd-02169/unit-4/home/198870770,MLS PIN,73466957,N,Y,42.2543564,-71.0045919
PAST SALE,September-24-2025,Townhouse,62 Albertina St Unit B,Quincy,MA,02169,959000,4,3.5,Quincy,2184,,2025,,439,260,Sold,,,https://www.redfin.com/MA/Quincy/62-Albertina-St-02169/unit-B/home/195560247,MLS PIN,73452323,N,Y,42.2362298,-71.0167879
PAST SALE,April-30-2025,Townhouse,934 Southern Artery #214,Quincy,MA,02169,485000,2,1.5,Quincy,1355,,1986,,358,438,Sold,,,https://www.redfin.com/MA/Quincy/934-Southern-Artery-02169/unit-214/home/8946931,MLS PIN,73350455,N,Y,42.2450094,-70.9827915
PAST SALE,November-3-2025,Single Family Residential,27 Shirley St,Quincy,MA,02169,775000,3,1.5,Quincy,1376,4050,1926,,563,,Sold,,,https://www.redfin.com/MA/Quincy/27-Shirley-St-02169/home/8969945,MLS PIN,73422415,N,Y,42.2550292,-71.0327603
PAST SALE,August-29-2025,Single Family Residential,359 Southern Artery,Quincy,MA,02169,655000,3,1.5,Quincy,1152,6068,1930,,569,,Sold,,,https://www.redfin.com/MA/Quincy/359-Southern-Artery-02169/home/11718626,MLS PIN,73409423,N,Y,42.2568316,-71.0000719
PAST SALE,June-12-2025,Multi-Family (2-4 Unit),41 Bedford St,Quincy,MA,02169,1150000,4,2,Quincy Center,2570,6600,1920,,447,,Sold,,,https://www.redfin.com/MA/Quincy/41-Bedford-St-02169/home/8933912,MLS PIN,73374338,N,Y,42.2496794,-71.0101944
PAST SALE,December-12-2025,Condo/Co-op,106 Washington St #45,Quincy,MA,02169,699000,2,2,Quincy,1268,,2005,,551,515,Sold,,,https://www.redfin.com/MA/Quincy/106-Washington-St-02169/unit-45/home/12458752,MLS PIN,73452693,N,Y,42.2506552,-70.9987609
PAST SALE,October-1-2025,Multi-Family (5+ Unit),83-85 Water St,Quincy,MA,02169,975000,6,5,Quincy,3540,2977,1830,,275,,Sold,,,https://www.redfin.com/MA/Quincy/83-Water-St-02169/home/196500935,MLS PIN,73406776,N,Y,42.2425401,-71.0011905
PAST SALE,April-9-2025,Single Family Residential,43 Keyes St,Quincy,MA,02169,495000,3,1.5,Quincy,1138,1116,1941,,435,,Sold,,,https://www.redfin.com/MA/Quincy/43-Keyes-St-02169/home/11828805,MLS PIN,73333264,N,Y,42.245201,-70.988348
PAST SALE,October-10-2025,Condo/Co-op,34 South St #202,Quincy,MA,02169,425000,2,2,Quincy,1100,,1975,,386,594,Sold,,,https://www.redfin.com/MA/Quincy/34-South-St-02169/unit-202/home/8942299,MLS PIN,73424911,N,Y,42.246468,-70.9956838
PAST SALE,June-13-2025,Townhouse,188 Quincy Ave Unit A1,Quincy,MA,02169,830000,3,2.5,Quincy,2119,,2023,,392,216,Sold,,,https://www.redfin.com/MA/Quincy/188-Quincy-Ave-02169/unit-A1/home/185653166,MLS PIN,73363220,N,Y,42.2422983,-70.9926191
PAST SALE,April-30-2025,Single Family Residential,175 Sea St,Quincy,MA,02169,656000,3,1.5,Merrymount,1876,8449,1925,,350,,Sold,,,https://www.redfin.com/MA/Quincy/175-Sea-St-02169/home/8922708,MLS PIN,73328660,N,Y,42.260879,-70.9934983
PAST SALE,May-16-2025,Single Family Residential,47 Pelican Rd,Quincy,MA,02169,790000,4,2,Quincy,1612,4998,1929,,490,,Sold,,,https://www.redfin.com/MA/Quincy/47-Pelican-Rd-02169/home/8920524,MLS PIN,73338514,N,Y,42.2623559,-70.981526
PAST SALE,January-6-2026,Condo/Co-op,15 Bower Rd Unit B2,Quincy,MA,02169,400000,2,2,Quincy,1038,,1988,,385,404,Sold,,,https://www.redfin.com/MA/Quincy/15-Bower-Rd-02169/unit-B2/home/8949550,MLS PIN,73441001,N,Y,42.2373872,-70.982577
PAST SALE,August-13-2025,Single Family Residential,20 Hillsboro St,Quincy,MA,02169,900000,5,2.5,Penn's Hill,2530,9354,1900,,356,,Sold,,,https://www.redfin.com/MA/Quincy/20-Hillsboro-St-02169/home/8955054,MLS PIN,73366908,N,Y,42.2335155,-70.9996058
PAST SALE,February-12-2026,Condo/Co-op,20 Whitney #3,Quincy,MA,02169,525000,2,2,Quincy Center,670,,1900,,784,250,Sold,,,https://www.redfin.com/MA/Quincy/20-Whitney-Rd-02169/unit-3/home/200135713,MLS PIN,73470528,N,Y,42.2543564,-71.0045919
PAST SALE,September-24-2025,Townhouse,62 Albertina St Unit B,Quincy,MA,02169,959000,4,3.5,Quincy,2184,,2025,,439,260,Sold,,,https://www.redfin.com/MA/Quincy/62-Albertina-St-02169/unit-B/home/195560247,MLS PIN,73452323,N,Y,42.2362298,-71.0167879
PAST SALE,February-11-2026,Condo/Co-op,20 Whitney #5,Quincy,MA,02169,600000,2,2,Quincy Center,900,,1900,,667,275,Sold,,,https://www.redfin.com/MA/Quincy/20-Whitney-Rd-02169/unit-5/home/199872427,MLS PIN,73463997,N,Y,42.2543564,-71.0045919
PAST SALE,February-12-2026,Condo/Co-op,20 Whitney #4,Quincy,MA,02169,389000,2,2,Quincy Center,430,,1900,,905,200,Sold,,,https://www.redfin.com/MA/Quincy/20-Whitney-Rd-02169/unit-4/home/198870770,MLS PIN,73466957,N,Y,42.2543564,-71.0045919
PAST SALE,April-30-2025,Townhouse,934 Southern Artery #214,Quincy,MA,02169,485000,2,1.5,Quincy,1355,,1986,,358,438,Sold,,,https://www.redfin.com/MA/Quincy/934-Southern-Artery-02169/unit-214/home/8946931,MLS PIN,73350455,N,Y,42.2450094,-70.9827915
PAST SALE,November-3-2025,Single Family Residential,27 Shirley St,Quincy,MA,02169,775000,3,1.5,Quincy,1376,4050,1926,,563,,Sold,,,https://www.redfin.com/MA/Quincy/27-Shirley-St-02169/home/8969945,MLS PIN,73422415,N,Y,42.2550292,-71.0327603
PAST SALE,April-29-2025,Single Family Residential,231 N Central Ave,Quincy,MA,02170,758000,3,2,Quincy,1449,3780,1930,,523,,Sold,,,https://www.redfin.com/MA/Quincy/231-N-Central-Ave-02170/home/8991932,MLS PIN,73351021,N,Y,42.2630697,-71.0264335
PAST SALE,August-12-2025,Condo/Co-op,365 Newport Ave #101,Quincy,MA,02170,655000,2,2,Quincy,1212,,2021,,540,400,Sold,,,https://www.redfin.com/MA/Quincy/365-Newport-Ave-02170/unit-101/home/177345773,MLS PIN,73362369,N,Y,42.2646056,-71.0190863
PAST SALE,February-13-2026,Single Family Residential,197 Hobart,Quincy,MA,02170,980000,4,3,Quincy,2100,6545,1937,,467,,Sold,,,https://www.redfin.com/MA/Quincy/197-Hobart-St-02170/home/8993170,MLS PIN,73466133,N,Y,42.2665317,-71.031971
PAST SALE,July-15-2025,Single Family Residential,35 Acton St,Quincy,MA,02170,650000,4,1,Quincy,1600,7500,1924,,406,,Sold,,,https://www.redfin.com/MA/Quincy/35-Acton-St-02170/home/8991960,MLS PIN,73379645,N,Y,42.2630517,-71.0282922
PAST SALE,April-28-2025,Single Family Residential,6 Phillips St,Quincy,MA,02170,920000,3,2,Wollaston,1986,4032,1915,,463,,Sold,,,https://www.redfin.com/MA/Quincy/6-Phillips-St-02170/home/8978631,MLS PIN,73347784,N,Y,42.2703347,-71.0170113
PAST SALE,August-6-2025,Single Family Residential,78 Greene St,Quincy,MA,02170,703000,3,1,Quincy,1224,3799,1920,,574,,Sold,,,https://www.redfin.com/MA/Quincy/78-Greene-St-02170/home/8983060,MLS PIN,73397517,N,Y,42.2668504,-71.0105657
PAST SALE,April-29-2025,Single Family Residential,231 N Central Ave,Quincy,MA,02170,758000,3,2,Quincy,1449,3780,1930,,523,,Sold,,,https://www.redfin.com/MA/Quincy/231-N-Central-Ave-02170/home/8991932,MLS PIN,73351021,N,Y,42.2630697,-71.0264335
PAST SALE,August-12-2025,Condo/Co-op,365 Newport Ave #101,Quincy,MA,02170,655000,2,2,Quincy,1212,,2021,,540,400,Sold,,,https://www.redfin.com/MA/Quincy/365-Newport-Ave-02170/unit-101/home/177345773,MLS PIN,73362369,N,Y,42.2646056,-71.0190863
PAST SALE,July-15-2025,Single Family Residential,35 Acton St,Quincy,MA,02170,650000,4,1,Quincy,1600,7500,1924,,406,,Sold,,,https://www.redfin.com/MA/Quincy/35-Acton-St-02170/home/8991960,MLS PIN,73379645,N,Y,42.2630517,-71.0282922
PAST SALE,April-28-2025,Single Family Residential,6 Phillips St,Quincy,MA,02170,920000,3,2,Wollaston,1986,4032,1915,,463,,Sold,,,https://www.redfin.com/MA/Quincy/6-Phillips-St-02170/home/8978631,MLS PIN,73347784,N,Y,42.2703347,-71.0170113
PAST SALE,November-21-2025,Single Family Residential,37 Huckins Ave,Quincy,MA,02171,940000,4,2.5,Quincy,2367,6400,1940,,397,,Sold,,,https://www.redfin.com/MA/Quincy/37-Huckins-Ave-02171/home/9020203,MLS PIN,73437807,N,Y,42.2969204,-71.0127947
PAST SALE,December-1-2025,Condo/Co-op,185 Quincy Shore Dr #65,Quincy,MA,02171,362000,1,1,Quincy,846,,1975,,428,486,Sold,,,https://www.redfin.com/MA/Quincy/185-Quincy-Shore-Dr-02171/unit-65/home/18995024,MLS PIN,73441009,N,Y,42.2849786,-71.0290805
PAST SALE,July-2-2025,Townhouse,131 Dorchester St #131,Quincy,MA,02171,1188500,2,2.5,Quincy,1745,,2016,,681,250,Sold,,,https://www.redfin.com/MA/Quincy/131-Dorchester-St-02171/home/144908012,MLS PIN,73374715,N,Y,42.3013648,-71.0132858
PAST SALE,June-6-2025,Condo/Co-op,100 Marina Dr #201,Quincy,MA,02171,535500,2,1,Quincy,899,,1988,,596,616,Sold,,,https://www.redfin.com/MA/Quincy/100-Marina-Dr-02171/unit-201/home/9029558,MLS PIN,73348049,N,Y,42.294941,-71.0265153
PAST SALE,May-22-2025,Condo/Co-op,2001 Marina Dr #308,Quincy,MA,02171,810000,2,2,Quincy,1770,,1987,,458,1103,Sold,,,https://www.redfin.com/MA/Quincy/2001-Marina-Dr-02171/unit-308/home/11722019,MLS PIN,73324347,N,Y,42.2984064,-71.028094
PAST SALE,August-25-2025,Single Family Residential,24 Cass St,Melrose,MA,02176,1075000,3,1.5,Melrose,2000,3829,1920,,538,,Sold,,,https://www.redfin.com/MA/Melrose/24-Cass-St-02176/home/11781265,MLS PIN,73405066,N,Y,42.4543329,-71.0610716
PAST SALE,September-2-2025,Townhouse,150 Trenton St #150,Melrose,MA,02176,899999,5,1.5,Melrose,1938,,1900,,464,145,Sold,,,https://www.redfin.com/MA/Melrose/150-Trenton-St-02176/unit-150/home/173181564,MLS PIN,73408603,N,Y,42.4548422,-71.0718994
PAST SALE,March-24-2025,Single Family Residential,11 Natalie Ave,Melrose,MA,02176,1210000,4,1.5,Melrose Highlands,1754,10163,1900,,690,,Sold,,,https://www.redfin.com/MA/Melrose/11-Natalie-Ave-02176/home/11786277,MLS PIN,73335109,N,Y,42.4661795,-71.0779559
PAST SALE,December-10-2025,Single Family Residential,58 Summer St,Melrose,MA,02176,795000,3,2,Melrose,1410,4299,1890,,564,,Sold,,,https://www.redfin.com/MA/Melrose/58-Summer-St-02176/home/11780867,MLS PIN,73441931,N,Y,42.4523202,-71.0632564
PAST SALE,October-29-2025,Condo/Co-op,180 Green St #303,Melrose,MA,02176,389000,1,1,Melrose,714,,1986,,545,362,Sold,,,https://www.redfin.com/MA/Melrose/180-Green-St-02176/unit-303/home/11788669,MLS PIN,73428639,N,Y,42.465548,-71.060453
PAST SALE,August-20-2025,Single Family Residential,68 Albion St,Melrose,MA,02176,860000,4,2,Melrose,1953,4961,1900,,440,,Sold,,,https://www.redfin.com/MA/Melrose/68-Albion-St-02176/home/11787987,MLS PIN,73397008,N,Y,42.4674648,-71.0647724
PAST SALE,,Single Family Residential,26 W Hill Ave,Melrose,MA,02176,880000,3,1.5,,1781,8712,1895,,494,,,,,https://www.redfin.com/MA/Melrose/26-W-Hill-Ave-02176/home/11786589,,,N,Y,42.4718102,-71.0757154
PAST SALE,August-25-2025,Single Family Residential,24 Cass St,Melrose,MA,02176,1075000,3,1.5,Melrose,2000,3829,1920,,538,,Sold,,,https://www.redfin.com/MA/Melrose/24-Cass-St-02176/home/11781265,MLS PIN,73405066,N,Y,42.4543329,-71.0610716
PAST SALE,September-2-2025,Townhouse,150 Trenton St #150,Melrose,MA,02176,899999,5,1.5,Melrose,1938,,1900,,464,145,Sold,,,https://www.redfin.com/MA/Melrose/150-Trenton-St-02176/unit-150/home/173181564,MLS PIN,73408603,N,Y,42.4548422,-71.0718994
PAST SALE,March-24-2025,Single Family Residential,11 Natalie Ave,Melrose,MA,02176,1210000,4,1.5,Melrose Highlands,1754,10163,1900,,690,,Sold,,,https://www.redfin.com/MA/Melrose/11-Natalie-Ave-02176/home/11786277,MLS PIN,73335109,N,Y,42.4661795,-71.0779559
PAST SALE,December-10-2025,Single Family Residential,58 Summer St,Melrose,MA,02176,795000,3,2,Melrose,1410,4299,1890,,564,,Sold,,,https://www.redfin.com/MA/Melrose/58-Summer-St-02176/home/11780867,MLS PIN,73441931,N,Y,42.4523202,-71.0632564
PAST SALE,August-20-2025,Single Family Residential,68 Albion St,Melrose,MA,02176,860000,4,2,Melrose,1953,4961,1900,,440,,Sold,,,https://www.redfin.com/MA/Melrose/68-Albion-St-02176/home/11787987,MLS PIN,73397008,N,Y,42.4674648,-71.0647724
PAST SALE,October-29-2025,Condo/Co-op,180 Green St #303,Melrose,MA,02176,389000,1,1,Melrose,714,,1986,,545,362,Sold,,,https://www.redfin.com/MA/Melrose/180-Green-St-02176/unit-303/home/11788669,MLS PIN,73428639,N,Y,42.465548,-71.060453
PAST SALE,,Single Family Residential,26 W Hill Ave,Melrose,MA,02176,880000,3,1.5,,1781,8712,1895,,494,,,,,https://www.redfin.com/MA/Melrose/26-W-Hill-Ave-02176/home/11786589,,,N,Y,42.4718102,-71.0757154
PAST SALE,,Condo/Co-op,23 Waverly Pl #23,Melrose,MA,02176,562550,2,2,,1512,,1900,,372,,,,,https://www.redfin.com/MA/Melrose/23-Waverly-Pl-02176/unit-23/home/11406066,,,N,Y,42.450569,-71.0687401
PAST SALE,February-11-2026,Townhouse,12-14 Sylvan St #2,Melrose,MA,02176,1410000,6,4,Melrose,3611,,2025,,390,280,Sold,,,https://www.redfin.com/MA/Melrose/12-Sylvan-St-02176/unit-2/home/199400641,MLS PIN,73464797,N,Y,42.4453378,-71.0674306
PAST SALE,May-29-2025,Single Family Residential,149 East Foster St,Melrose,MA,02176,1062500,3,2,Eastside-Common,1728,8512,1920,,615,,Sold,,,https://www.redfin.com/MA/Melrose/149-E-Foster-St-02176/home/11781352,MLS PIN,73367632,N,Y,42.455179,-71.0586778
PAST SALE,February-4-2026,Townhouse,12-14 Sylvan St #1,Melrose,MA,02176,1439000,6,4,Melrose,3593,,2025,,401,290,Sold,,,https://www.redfin.com/MA/Melrose/12-Sylvan-St-02176/unit-1/home/199720236,MLS PIN,73463012,N,Y,42.4453378,-71.0674306
PAST SALE,April-18-2025,Single Family Residential,32 Marmion Rd,Melrose,MA,02176,1075000,3,1.5,Bellevue Country Club,1679,13682,1933,,640,,Sold,,,https://www.redfin.com/MA/Melrose/32-Marmion-Rd-02176/home/11789681,MLS PIN,73339714,N,Y,42.4631558,-71.0535607
PAST SALE,October-9-2025,Condo/Co-op,49 Melrose St Unit 7E,Melrose,MA,02176,432000,1,1,Melrose,804,,1972,,537,404,Sold,,,https://www.redfin.com/MA/Melrose/49-Melrose-St-02176/unit-7E/home/11787851,MLS PIN,73429242,N,Y,42.4652225,-71.0633918
PAST SALE,June-13-2025,Single Family Residential,26 Laurel St,Melrose,MA,02176,995000,3,1.5,Melrose,1587,8512,1915,,627,,Sold,,,https://www.redfin.com/MA/Melrose/26-Laurel-St-02176/home/11781327,MLS PIN,73374204,N,Y,42.4546784,-71.0583153
PAST SALE,June-13-2025,Single Family Residential,509 William St,Stoneham,MA,02180,1380000,4,3.5,Stoneham,3800,24367,2018,,363,,Sold,,,https://www.redfin.com/MA/Stoneham/509-William-St-02180/home/144912434,MLS PIN,73363457,N,Y,42.4900633,-71.1151895
PAST SALE,January-12-2026,Condo/Co-op,40 Main St #505,Stoneham,MA,02180,440000,1,1.5,Stoneham,832,,1982,,529,297,Sold,,,https://www.redfin.com/MA/Stoneham/40-Main-St-02180/unit-505/home/11656717,MLS PIN,73456381,N,Y,42.4997485,-71.1002615
PAST SALE,June-27-2025,Single Family Residential,23 Landers Rd,Stoneham,MA,02180,1535000,4,3.5,Stoneham,5509,12894,1994,,279,,Sold,,,https://www.redfin.com/MA/Stoneham/23-Landers-Rd-02180/home/11655430,MLS PIN,73360738,N,Y,42.4801109,-71.0863701
PAST SALE,June-16-2025,Single Family Residential,12 Summer St,Stoneham,MA,02180,655000,3,1.5,Stoneham,1672,7440,1957,,392,,Sold,,,https://www.redfin.com/MA/Stoneham/12-Summer-St-02180/home/11668381,MLS PIN,73368242,N,Y,42.4742513,-71.0991289
PAST SALE,August-7-2025,Townhouse,224 Park St Unit C9,Stoneham,MA,02180,714000,3,2.5,Stoneham,2268,,1984,,315,567,Sold,,,https://www.redfin.com/MA/Stoneham/224-Park-St-02180/unit-C9/home/11665224,MLS PIN,73392669,N,Y,42.470165,-71.105862
PAST SALE,December-23-2025,Single Family Residential,62 High St Lot 9,Stoneham,MA,02180,1736351,4,2.5,Stoneham,3057,10000,2025,,568,,Sold,,,https://www.redfin.com/MA/Stoneham/62-High-St-02180/unit-9/home/194647515,MLS PIN,73353917,N,Y,42.4947315,-71.0945463
PAST SALE,August-29-2025,Condo/Co-op,66 Main St Unit 37A,Stoneham,MA,02180,235000,1,1,Stoneham,441,,1967,,533,286,Sold,,,https://www.redfin.com/MA/Stoneham/66-Main-St-02180/unit-37A/home/11657621,MLS PIN,73418514,N,Y,42.4976677,-71.099599
PAST SALE,June-13-2025,Single Family Residential,509 William St,Stoneham,MA,02180,1380000,4,3.5,Stoneham,3800,24367,2018,,363,,Sold,,,https://www.redfin.com/MA/Stoneham/509-William-St-02180/home/144912434,MLS PIN,73363457,N,Y,42.4900633,-71.1151895
PAST SALE,January-12-2026,Condo/Co-op,40 Main St #505,Stoneham,MA,02180,440000,1,1.5,Stoneham,832,,1982,,529,297,Sold,,,https://www.redfin.com/MA/Stoneham/40-Main-St-02180/unit-505/home/11656717,MLS PIN,73456381,N,Y,42.4997485,-71.1002615
PAST SALE,June-27-2025,Single Family Residential,23 Landers Rd,Stoneham,MA,02180,1535000,4,3.5,Stoneham,5509,12894,1994,,279,,Sold,,,https://www.redfin.com/MA/Stoneham/23-Landers-Rd-02180/home/11655430,MLS PIN,73360738,N,Y,42.4801109,-71.0863701
PAST SALE,June-16-2025,Single Family Residential,12 Summer St,Stoneham,MA,02180,655000,3,1.5,Stoneham,1672,7440,1957,,392,,Sold,,,https://www.redfin.com/MA/Stoneham/12-Summer-St-02180/home/11668381,MLS PIN,73368242,N,Y,42.4742513,-71.0991289
PAST SALE,August-7-2025,Townhouse,224 Park St Unit C9,Stoneham,MA,02180,714000,3,2.5,Stoneham,2268,,1984,,315,567,Sold,,,https://www.redfin.com/MA/Stoneham/224-Park-St-02180/unit-C9/home/11665224,MLS PIN,73392669,N,Y,42.470165,-71.105862
PAST SALE,August-29-2025,Condo/Co-op,66 Main St Unit 37A,Stoneham,MA,02180,235000,1,1,Stoneham,441,,1967,,533,286,Sold,,,https://www.redfin.com/MA/Stoneham/66-Main-St-02180/unit-37A/home/11657621,MLS PIN,73418514,N,Y,42.4976677,-71.099599
PAST SALE,December-23-2025,Single Family Residential,62 High St Lot 9,Stoneham,MA,02180,1736351,4,2.5,Stoneham,3057,10000,2025,,568,,Sold,,,https://www.redfin.com/MA/Stoneham/62-High-St-02180/unit-9/home/194647515,MLS PIN,73353917,N,Y,42.4947315,-71.0945463
PAST SALE,October-17-2025,Vacant Land,5 Graystone Rd,Stoneham,MA,02180,450000,,,Stoneham,,10000,,,,,Sold,,,https://www.redfin.com/MA/Stoneham/5-Graystone-Rd-02180/home/85676239,MLS PIN,73426502,N,Y,42.4702686,-71.1018906
PAST SALE,January-14-2026,Condo/Co-op,100 Ledgewood Dr #618,Stoneham,MA,02180,515000,2,2,Lindenwood,1061,,1985,,485,519,Sold,,,https://www.redfin.com/MA/Stoneham/100-Ledgewood-Dr-02180/unit-618/home/11666909,MLS PIN,73458058,N,Y,42.4823096,-71.1101415
PAST SALE,October-23-2025,Single Family Residential,62 High St Lot 11,Stoneham,MA,02180,1841755,4,2.5,Stoneham,4236,10064,2025,,435,,Sold,,,https://www.redfin.com/MA/Stoneham/62-High-St-02180/unit-11/home/194344661,MLS PIN,73327205,N,Y,42.4947315,-71.0945463
PAST SALE,November-20-2025,Single Family Residential,62 High St Lot 10,Stoneham,MA,02180,1981843,4,2.5,Stoneham,4236,10000,2025,,468,,Sold,,,https://www.redfin.com/MA/Stoneham/62-High-St-02180/unit-10/home/194344662,MLS PIN,73327204,N,Y,42.4947315,-71.0945463
PAST SALE,September-9-2025,Single Family Residential,47 Crawford Rd,Braintree,MA,02184,760000,3,2,Braintree,1901,7257,1928,,400,,Sold,,,https://www.redfin.com/MA/Braintree/47-Crawford-Rd-02184/home/8815453,MLS PIN,73407667,N,Y,42.2040348,-70.9954284
PAST SALE,November-26-2025,Single Family Residential,108 Armstrong Cir,Braintree,MA,02184,800000,5,2,Braintree,2503,7562,1954,,320,,Sold,,,https://www.redfin.com/MA/Braintree/108-Armstrong-Cir-02184/home/8821792,MLS PIN,73447520,N,Y,42.1951538,-71.0274672
PAST SALE,August-29-2025,Single Family Residential,165 Storrs Ave,Braintree,MA,02184,915000,3,2.5,Braintree,2496,15947,1938,,367,,Sold,,,https://www.redfin.com/MA/Braintree/165-Storrs-Ave-02184/home/8841627,MLS PIN,73405112,N,Y,42.2193092,-71.0115235
PAST SALE,October-30-2025,Single Family Residential,45 Forest St,Braintree,MA,02184,1025000,5,4,Braintree,3123,13199,1959,,328,,Sold,,,https://www.redfin.com/MA/Braintree/45-Forest-St-02184/home/8828931,MLS PIN,73428240,N,Y,42.185766,-70.9879756
PAST SALE,July-30-2025,Condo/Co-op,428 John Mahar Hwy #412,Braintree,MA,02184,682000,2,2,Braintree,1475,,2013,,462,489,Sold,,,https://www.redfin.com/MA/Braintree/428-John-Mahar-Hwy-02184/unit-412/home/45420350,MLS PIN,73370111,N,Y,42.1987756,-70.9943837
PAST SALE,May-20-2025,Single Family Residential,1091 Liberty St,Braintree,MA,02184,900000,4,4,Braintree Highlands,2801,15255,1952,,321,,Sold,,,https://www.redfin.com/MA/Braintree/1091-Liberty-St-02184/home/8828186,MLS PIN,73344286,N,Y,42.1875083,-70.9899955
PAST SALE,June-17-2025,Condo/Co-op,426 John Mahar Hwy #107,Braintree,MA,02184,625000,2,2,Braintree,1470,,2014,,425,472,Sold,,,https://www.redfin.com/MA/Braintree/426-John-Mahar-Hwy-02184/unit-107/home/54735864,MLS PIN,73317329,N,Y,42.1980683,-70.9950337
PAST SALE,December-19-2025,Single Family Residential,39 Morrison Rd,Braintree,MA,02184,915000,3,3.5,Braintree,2200,5998,1925,,416,,Sold,,,https://www.redfin.com/MA/Braintree/39-Morrison-Rd-02184/home/8846645,MLS PIN,73431742,N,Y,42.2254627,-70.9918343
PAST SALE,January-15-2026,Single Family Residential,305 Franklin St,Braintree,MA,02184,710000,4,1.5,Braintree,1369,15080,1890,,519,,Sold,,,https://www.redfin.com/MA/Braintree/305-Franklin-St-02184/home/8813104,MLS PIN,73440973,N,Y,42.2099653,-71.0156125
PAST SALE,September-2-2025,Single Family Residential,85 Walnut Ave,Braintree,MA,02184,790000,3,2.5,Braintree,979,9866,1940,,807,,Sold,,,https://www.redfin.com/MA/Braintree/85-Walnut-Ave-02184/home/8852920,MLS PIN,73423106,N,Y,42.2145899,-70.9714558
PAST SALE,May-23-2025,Single Family Residential,17 Orchard St,Braintree,MA,02184,1313000,4,3,Braintree,2817,9300,2024,,466,,Sold,,,https://www.redfin.com/MA/Braintree/17-Orchard-St-02184/home/8850892,MLS PIN,73379604,N,Y,42.2264094,-70.9779523
PAST SALE,September-22-2025,Single Family Residential,176 West St,Braintree,MA,02184,810000,4,2,Braintree,1785,39870,1939,,454,,Sold,,,https://www.redfin.com/MA/Braintree/176-West-St-02184/home/8842658,MLS PIN,73414952,N,Y,42.214481,-71.012623
PAST SALE,May-5-2025,Single Family Residential,8 Albee Dr,Braintree,MA,02184,1660000,4,3.5,Braintree,3196,25003,2024,,519,,Sold,,,https://www.redfin.com/MA/Braintree/8-Albee-Dr-02184/home/110065955,MLS PIN,73360223,N,Y,42.170794,-71.001764
PAST SALE,May-29-2025,Single Family Residential,115 Whites Hill Dr,Braintree,MA,02184,1900000,5,4.5,Braintree,4513,26285,2024,,421,,Sold,,,https://www.redfin.com/MA/Braintree/115-Whites-Hill-Dr-02184/home/144856017,MLS PIN,73351358,N,Y,42.213361,-70.976217
PAST SALE,August-8-2025,Single Family Residential,45 Calvin St,Braintree,MA,02184,790000,4,2,Braintree,1750,19998,1955,,451,,Sold,,,https://www.redfin.com/MA/Braintree/45-Calvin-St-02184/home/8842292,MLS PIN,73405677,N,Y,42.2150164,-71.0256564
PAST SALE,April-18-2025,Condo/Co-op,426 John Mahar Hwy #209,Braintree,MA,02184,479900,1,1,Braintree,1030,,2014,,466,355,Sold,,,https://www.redfin.com/MA/Braintree/426-John-Mahar-Hwy-02184/unit-209/home/55592892,MLS PIN,73329131,N,Y,42.1980683,-70.9950337
PAST SALE,October-20-2025,Single Family Residential,56 Woodside Ave,Braintree,MA,02184,600000,2,1,Braintree,1140,7562,1951,,526,,Sold,,,https://www.redfin.com/MA/Braintree/56-Woodside-Ave-02184/home/8820097,MLS PIN,73428883,N,Y,42.1743381,-71.0167879
PAST SALE,September-8-2025,Single Family Residential,88 Hancock St,Braintree,MA,02184,577000,3,1,Braintree,1400,,1915,,412,,Sold,,,https://www.redfin.com/MA/Braintree/88-Hancock-St-02184/home/11698724,MLS PIN,73412798,N,Y,42.2001276,-71.0049465
PAST SALE,May-16-2025,Condo/Co-op,414 John Mahar Hwy Unit A409,Braintree,MA,02184,630000,2,2,Braintree,1325,,2011,,475,426,Sold,,,https://www.redfin.com/MA/Braintree/414-John-Mahar-Hwy-02184/unit-A409/home/45443471,MLS PIN,73362515,N,Y,42.1995273,-70.9963803
PAST SALE,July-30-2025,Single Family Residential,45 Hobart Ave,Braintree,MA,02184,957500,4,3,Braintree,2926,7000,1915,,327,,Sold,,,https://www.redfin.com/MA/Braintree/45-Hobart-Ave-02184/home/8812778,MLS PIN,73386723,N,Y,42.2092857,-71.0058761
PAST SALE,September-9-2025,Single Family Residential,47 Crawford Rd,Braintree,MA,02184,760000,3,2,Braintree,1901,7257,1928,,400,,Sold,,,https://www.redfin.com/MA/Braintree/47-Crawford-Rd-02184/home/8815453,MLS PIN,73407667,N,Y,42.2040348,-70.9954284
PAST SALE,November-26-2025,Single Family Residential,108 Armstrong Cir,Braintree,MA,02184,800000,5,2,Braintree,2503,7562,1954,,320,,Sold,,,https://www.redfin.com/MA/Braintree/108-Armstrong-Cir-02184/home/8821792,MLS PIN,73447520,N,Y,42.1951538,-71.0274672
PAST SALE,August-29-2025,Single Family Residential,165 Storrs Ave,Braintree,MA,02184,915000,3,2.5,Braintree,2496,15947,1938,,367,,Sold,,,https://www.redfin.com/MA/Braintree/165-Storrs-Ave-02184/home/8841627,MLS PIN,73405112,N,Y,42.2193092,-71.0115235
PAST SALE,October-30-2025,Single Family Residential,45 Forest St,Braintree,MA,02184,1025000,5,4,Braintree,3123,13199,1959,,328,,Sold,,,https://www.redfin.com/MA/Braintree/45-Forest-St-02184/home/8828931,MLS PIN,73428240,N,Y,42.185766,-70.9879756
PAST SALE,July-30-2025,Condo/Co-op,428 John Mahar Hwy #412,Braintree,MA,02184,682000,2,2,Braintree,1475,,2013,,462,489,Sold,,,https://www.redfin.com/MA/Braintree/428-John-Mahar-Hwy-02184/unit-412/home/45420350,MLS PIN,73370111,N,Y,42.1987756,-70.9943837
PAST SALE,June-17-2025,Condo/Co-op,426 John Mahar Hwy #107,Braintree,MA,02184,625000,2,2,Braintree,1470,,2014,,425,472,Sold,,,https://www.redfin.com/MA/Braintree/426-John-Mahar-Hwy-02184/unit-107/home/54735864,MLS PIN,73317329,N,Y,42.1980683,-70.9950337
PAST SALE,May-20-2025,Single Family Residential,1091 Liberty St,Braintree,MA,02184,900000,4,4,Braintree Highlands,2801,15255,1952,,321,,Sold,,,https://www.redfin.com/MA/Braintree/1091-Liberty-St-02184/home/8828186,MLS PIN,73344286,N,Y,42.1875083,-70.9899955
PAST SALE,December-19-2025,Single Family Residential,39 Morrison Rd,Braintree,MA,02184,915000,3,3.5,Braintree,2200,5998,1925,,416,,Sold,,,https://www.redfin.com/MA/Braintree/39-Morrison-Rd-02184/home/8846645,MLS PIN,73431742,N,Y,42.2254627,-70.9918343
PAST SALE,January-15-2026,Single Family Residential,305 Franklin St,Braintree,MA,02184,710000,4,1.5,Braintree,1369,15080,1890,,519,,Sold,,,https://www.redfin.com/MA/Braintree/305-Franklin-St-02184/home/8813104,MLS PIN,73440973,N,Y,42.2099653,-71.0156125
PAST SALE,May-23-2025,Single Family Residential,17 Orchard St,Braintree,MA,02184,1313000,4,3,Braintree,2817,9300,2024,,466,,Sold,,,https://www.redfin.com/MA/Braintree/17-Orchard-St-02184/home/8850892,MLS PIN,73379604,N,Y,42.2264094,-70.9779523
PAST SALE,September-2-2025,Single Family Residential,85 Walnut Ave,Braintree,MA,02184,790000,3,2.5,Braintree,979,9866,1940,,807,,Sold,,,https://www.redfin.com/MA/Braintree/85-Walnut-Ave-02184/home/8852920,MLS PIN,73423106,N,Y,42.2145899,-70.9714558
PAST SALE,May-29-2025,Single Family Residential,115 Whites Hill Dr,Braintree,MA,02184,1900000,5,4.5,Braintree,4513,26285,2024,,421,,Sold,,,https://www.redfin.com/MA/Braintree/115-Whites-Hill-Dr-02184/home/144856017,MLS PIN,73351358,N,Y,42.213361,-70.976217
PAST SALE,September-22-2025,Single Family Residential,176 West St,Braintree,MA,02184,810000,4,2,Braintree,1785,39870,1939,,454,,Sold,,,https://www.redfin.com/MA/Braintree/176-West-St-02184/home/8842658,MLS PIN,73414952,N,Y,42.214481,-71.012623
PAST SALE,May-5-2025,Single Family Residential,8 Albee Dr,Braintree,MA,02184,1660000,4,3.5,Braintree,3196,25003,2024,,519,,Sold,,,https://www.redfin.com/MA/Braintree/8-Albee-Dr-02184/home/110065955,MLS PIN,73360223,N,Y,42.170794,-71.001764
PAST SALE,January-14-2026,Single Family Residential,26 Berlin Ave,Milton,MA,02186,1005000,4,2,Milton,2142,4500,1985,,469,,Sold,,,https://www.redfin.com/MA/Milton/26-Berlin-Ave-02186/home/8920599,MLS PIN,73461678,N,Y,42.2647252,-71.0414322
PAST SALE,February-5-2026,Single Family Residential,73 Sassamon Ave,Milton,MA,02186,859000,4,1.5,Blue Hills,1960,5502,1959,,438,,Sold,,,https://www.redfin.com/MA/Milton/73-Sassamon-Ave-02186/home/8936547,MLS PIN,73454577,N,Y,42.231747,-71.067914
PAST SALE,June-30-2025,Single Family Residential,37 Meagher Ave,Milton,MA,02186,850000,3,1.5,Milton,1927,4400,1928,,441,,Sold,,,https://www.redfin.com/MA/Milton/37-Meagher-Ave-02186/home/8906395,MLS PIN,73385792,N,Y,42.2558621,-71.0918622
PAST SALE,February-12-2026,Townhouse,69 Wolcott Woods Ln #69,Milton,MA,02186,1899000,2,2.5,Milton,2500,,2023,,760,860,Sold,,,https://www.redfin.com/MA/Milton/69-Wolcott-Woods-Ln-02186/unit-69/home/180511757,MLS PIN,73473373,N,Y,42.222851,-71.114827
PAST SALE,May-16-2025,Single Family Residential,47 Denmark Ave,Milton,MA,02186,710000,3,1,East Milton,990,4500,1949,,717,,Sold,,,https://www.redfin.com/MA/Milton/47-Denmark-Ave-02186/home/8920563,MLS PIN,73356765,N,Y,42.2647339,-71.0409798
PAST SALE,June-18-2025,Multi-Family (2-4 Unit),19-21 Denmark Ave,Milton,MA,02186,980000,4,2,East Milton,1861,4500,1890,,527,,Sold,,,https://www.redfin.com/MA/Milton/19-21-Denmark-Ave-02186/home/195485492,MLS PIN,73362886,N,Y,42.2655704,-71.041599
PAST SALE,January-14-2026,Single Family Residential,26 Berlin Ave,Milton,MA,02186,1005000,4,2,Milton,2142,4500,1985,,469,,Sold,,,https://www.redfin.com/MA/Milton/26-Berlin-Ave-02186/home/8920599,MLS PIN,73461678,N,Y,42.2647252,-71.0414322
PAST SALE,February-5-2026,Single Family Residential,73 Sassamon Ave,Milton,MA,02186,859000,4,1.5,Blue Hills,1960,5502,1959,,438,,Sold,,,https://www.redfin.com/MA/Milton/73-Sassamon-Ave-02186/home/8936547,MLS PIN,73454577,N,Y,42.231747,-71.067914
PAST SALE,June-30-2025,Single Family Residential,37 Meagher Ave,Milton,MA,02186,850000,3,1.5,Milton,1927,4400,1928,,441,,Sold,,,https://www.redfin.com/MA/Milton/37-Meagher-Ave-02186/home/8906395,MLS PIN,73385792,N,Y,42.2558621,-71.0918622
PAST SALE,February-12-2026,Townhouse,69 Wolcott Woods Ln #69,Milton,MA,02186,1899000,2,2.5,Milton,2500,,2023,,760,860,Sold,,,https://www.redfin.com/MA/Milton/69-Wolcott-Woods-Ln-02186/unit-69/home/180511757,MLS PIN,73473373,N,Y,42.222851,-71.114827
PAST SALE,August-21-2025,Single Family Residential,45 Harding Ave,Weymouth,MA,02188,630000,3,2,Weymouth,1807,6250,1925,,349,,Sold,,,https://www.redfin.com/MA/Weymouth/45-Harding-Ave-02188/home/11514141,MLS PIN,73401477,N,Y,42.2234634,-70.9557644
PAST SALE,July-2-2025,Single Family Residential,40 Emilissa Ln,Weymouth,MA,02188,788000,4,3,Weymouth,2800,15000,1986,,281,,Sold,,,https://www.redfin.com/MA/Weymouth/40-Emilissa-Ln-02188/home/11525013,MLS PIN,73363180,N,Y,42.1864012,-70.9600841
PAST SALE,August-25-2025,Single Family Residential,37 Idlewell St,Weymouth,MA,02188,692500,4,2,Weymouth Landing,1358,17250,1948,,510,,Sold,,,https://www.redfin.com/MA/Weymouth/37-Idlewell-St-02188/home/11511737,MLS PIN,73402847,N,Y,42.2273126,-70.9542788
PAST SALE,December-22-2025,Single Family Residential,24 Blake Rd,Weymouth,MA,02188,539000,3,1,Weymouth,1448,7620,1948,,372,,Sold,,,https://www.redfin.com/MA/Weymouth/24-Blake-Rd-02188/home/11520371,MLS PIN,73455391,N,Y,42.2081002,-70.9632711
PAST SALE,June-25-2025,Townhouse,800 Justin Dr #3,Weymouth,MA,02188,510000,2,1.5,Weymouth,1232,202423,2013,,414,278,Sold,,,https://www.redfin.com/MA/Weymouth/800-Justin-Dr-02188/unit-3/home/39951014,MLS PIN,73375330,N,Y,42.1969999,-70.969646
PAST SALE,October-10-2025,Single Family Residential,271 Roosevelt Rd,Weymouth,MA,02188,714900,3,1.5,Weymouth,1428,15238,1985,,501,,Sold,,,https://www.redfin.com/MA/Weymouth/271-Roosevelt-Rd-02188/home/11514593,MLS PIN,73422169,N,Y,42.2218485,-70.9529275
PAST SALE,June-23-2025,Single Family Residential,300 Summer St,Weymouth,MA,02188,620000,3,1.5,Murphy School,1500,9991,1948,,413,,Sold,,,https://www.redfin.com/MA/Weymouth/300-Summer-St-02188/home/11521910,MLS PIN,73324955,N,Y,42.2034529,-70.9675202
PAST SALE,September-12-2025,Single Family Residential,38 Cottage Ln,Weymouth,MA,02188,775000,3,2,Weymouth,2443,25802,1942,,317,,Sold,,,https://www.redfin.com/MA/Weymouth/38-Cottage-Ln-02188/home/11522076,MLS PIN,73409106,N,Y,42.2035659,-70.9598347
PAST SALE,August-20-2025,Single Family Residential,19 K St,East Weymouth,MA,02189,733775,3,2,Weymouth,1960,15483,1985,,374,,Sold,,,https://www.redfin.com/MA/East-Weymouth/19-K-St-02189/home/11513487,MLS PIN,73385060,N,Y,42.2251452,-70.9278925
PAST SALE,September-30-2025,Single Family Residential,55 Cedar St,East Weymouth,MA,02189,375000,2,1.5,Weymouth,1397,11402,1903,,268,,Sold,,,https://www.redfin.com/MA/East-Weymouth/55-Cedar-St-02189/home/11519676,MLS PIN,73431159,N,Y,42.2130654,-70.9208477
PAST SALE,January-8-2026,Single Family Residential,449 Middle St,East Weymouth,MA,02189,690000,3,2,Weymouth,1105,9660,1965,,624,,Sold,,,https://www.redfin.com/MA/East-Weymouth/449-Middle-St-02189/home/11521280,MLS PIN,73457837,N,Y,42.2087098,-70.9437189
PAST SALE,July-18-2025,Single Family Residential,43 Morningside Path,East Weymouth,MA,02189,410000,3,1,Weymouth,828,4487,1915,,495,,Sold,,,https://www.redfin.com/MA/East-Weymouth/43-Morningside-Path-02189/home/11521400,MLS PIN,73373487,N,Y,42.2058394,-70.9313901
PAST SALE,August-8-2025,Multi-Family (2-4 Unit),44-46 Wyman Rd,Braintree,MA,02189,1150000,6,3,Braintree,3038,8760,1900,,379,,Sold,,,https://www.redfin.com/MA/Braintree/44-46-Wyman-Rd-02184/home/196282969,MLS PIN,73400590,N,Y,42.2183635,-71.0009499
PAST SALE,January-23-2026,Townhouse,955 Pleasant St #11,East Weymouth,MA,02189,470000,3,1.5,Weymouth,1311,,2005,,359,150,Sold,,,https://www.redfin.com/MA/East-Weymouth/955-Pleasant-St-02189/unit-11/home/39950898,MLS PIN,73447568,N,Y,42.199437,-70.9235878
PAST SALE,July-18-2025,Single Family Residential,24 Garey St,East Weymouth,MA,02189,610000,2,2,Weymouth Heights,1134,7200,1940,,538,,Sold,,,https://www.redfin.com/MA/East-Weymouth/24-Garey-St-02189/home/11515679,MLS PIN,73393806,N,Y,42.2232642,-70.9355532
PAST SALE,June-13-2025,Single Family Residential,29 Wright St,Weymouth,MA,02190,745000,4,4,Weymouth,2009,9350,1957,,371,,Sold,,,https://www.redfin.com/MA/Weymouth/29-Wright-St-02190/home/11528031,MLS PIN,73367938,N,Y,42.1675443,-70.9432572
PAST SALE,August-6-2025,Single Family Residential,184 Stonehaven Dr,Weymouth,MA,02190,990000,4,3.5,Weymouth,2528,4803,2017,,392,,Sold,,,https://www.redfin.com/MA/Weymouth/184-Stonehaven-Dr-02190/home/146631710,MLS PIN,73386098,N,Y,42.1578904,-70.9539834
PAST SALE,September-12-2025,Single Family Residential,35 Ford Rd,Weymouth,MA,02190,710000,4,2,Weymouth,2187,30120,1967,,325,,Sold,,,https://www.redfin.com/MA/Weymouth/35-Ford-Rd-02190/home/11525684,MLS PIN,73410569,N,Y,42.1824594,-70.9228911
PAST SALE,December-10-2025,Single Family Residential,17 Buchanan Ln,Weymouth,MA,02190,880000,4,4,Weymouth,3013,15009,1955,,292,,Sold,,,https://www.redfin.com/MA/Weymouth/17-Buchanan-Ln-02190/home/11528795,MLS PIN,73404438,N,Y,42.1650088,-70.9363593
PAST SALE,July-18-2025,Single Family Residential,180 Forest St,Weymouth,MA,02190,845000,4,3.5,Weymouth,2155,48400,1940,,392,,Sold,,,https://www.redfin.com/MA/Weymouth/180-Forest-St-02190/home/11525921,MLS PIN,73388265,N,Y,42.175931,-70.9717025
PAST SALE,March-17-2025,Single Family Residential,42 Manchester St,Weymouth,MA,02190,1165770,3,2.5,Stonebridge at Union Point,3123,4680,2024,,373,120,Sold,,,https://www.redfin.com/MA/Weymouth/42-Manchester-St-02190/home/167723455,MLS PIN,73290384,N,Y,42.1619428,-70.9406193
PAST SALE,February-11-2026,Single Family Residential,1 Sandpiper Grn,Weymouth,MA,02190,645000,2,2.5,Union Point,1532,2493,2013,,421,338,Sold,,,https://www.redfin.com/MA/Weymouth/1-Sandpiper-Grn-02190/home/110091949,MLS PIN,73461948,N,Y,42.1574877,-70.9480623
PAST SALE,February-13-2026,Condo/Co-op,55 Greentree Ln #47,Weymouth,MA,02190,345000,2,1.5,Weymouth,910,,1970,,379,435,Sold,,,https://www.redfin.com/MA/Weymouth/55-Greentree-Ln-02190/unit-47/home/11527680,MLS PIN,73470424,N,Y,42.1663913,-70.9523116
PAST SALE,November-14-2025,Single Family Residential,17 Sears Rd,Weymouth,MA,02190,890000,4,3.5,South Weymouth,3010,84506,1998,,296,,Sold,,,https://www.redfin.com/MA/Weymouth/17-Sears-Rd-02190/home/11526791,MLS PIN,73439139,N,Y,42.1751576,-70.9286964
PAST SALE,October-30-2025,Single Family Residential,54 Parkview St,Weymouth,MA,02190,699900,2,2.5,Union Point,1448,1487,2012,,483,225,Sold,,,https://www.redfin.com/MA/Weymouth/54-Parkview-St-02190/home/40174257,MLS PIN,73426996,N,Y,42.1580629,-70.947238
PAST SALE,March-7-2025,Condo/Co-op,65 Greentree Ln #17,Weymouth,MA,02190,320000,2,1.5,Weymouth,910,522720,1970,,352,395,Sold,,,https://www.redfin.com/MA/Weymouth/65-Greentree-Ln-02190/unit-17/home/11527618,MLS PIN,73315138,N,Y,42.1665935,-70.9517543
PAST SALE,July-18-2025,Single Family Residential,180 Forest St,Weymouth,MA,02190,845000,4,3.5,Weymouth,2155,48400,1940,,392,,Sold,,,https://www.redfin.com/MA/Weymouth/180-Forest-St-02190/home/11525921,MLS PIN,73388265,N,Y,42.175931,-70.9717025
PAST SALE,August-7-2025,Single Family Residential,26 Weybosset St,North Weymouth,MA,02191,735000,4,3,Weymouth,1936,3600,1928,,380,,Sold,,,https://www.redfin.com/MA/North-Weymouth/26-Weybosset-St-02191/home/11503543,MLS PIN,73388050,N,Y,42.2454012,-70.9561152
PAST SALE,September-2-2025,Condo/Co-op,15 Sleeper St #202,Boston,MA,02210,1250000,2,1,Fort Point,1453,,1911,,860,738,Sold,,,https://www.redfin.com/MA/Boston/15-Sleeper-St-02210/unit-202/home/9252703,MLS PIN,73402015,N,Y,42.3519417,-71.048997
PAST SALE,February-12-2026,Condo/Co-op,35 Channel Center St #402,Boston,MA,02210,1690000,2,2,Boston,1735,1735,1919,,974,1079,Sold,,,https://www.redfin.com/MA/Boston/35-Channel-Ctr-St-02210/unit-402/home/11737300,MLS PIN,73476756,N,Y,42.3463413,-71.0506125
PAST SALE,May-14-2025,Condo/Co-op,135 Seaport Blvd #1206,Boston,MA,02210,1675000,2,2,Seaport District,1013,,2020,,1654,2147,Sold,,,https://www.redfin.com/MA/Boston/135-Seaport-Blvd-02210/unit-1206/home/170121734,MLS PIN,73349399,N,Y,42.3499752,-71.0435321
PAST SALE,November-13-2025,Condo/Co-op,82 Jersey St Unit B1,Boston,MA,02215,490000,1,1,The Fenway,650,650,1920,,754,430,Sold,,,https://www.redfin.com/MA/Boston/82-Jersey-St-02215/unit-B1/home/9273695,MLS PIN,73425942,N,Y,42.3441186,-71.097387
PAST SALE,May-8-2025,Single Family Residential,37 Bouve Ave,Brockton,MA,02301,415000,2,1,Brockton,900,7200,1930,,461,,Sold,,,https://www.redfin.com/MA/Brockton/37-Bouve-Ave-02301/home/16325862,MLS PIN,73352187,N,Y,42.0697237,-71.0305822
PAST SALE,May-30-2025,Single Family Residential,32 Shaw Rd,Brockton,MA,02301,435000,2,1,Brockton,745,5567,1963,,584,,Sold,,,https://www.redfin.com/MA/Brockton/32-Shaw-Rd-02301/home/16331997,MLS PIN,73360667,N,Y,42.0667331,-71.0540134
PAST SALE,October-24-2025,Multi-Family (2-4 Unit),25 Somerset Pl,Brockton,MA,02301,962500,9,3,Brockton,4400,6639,1904,,219,,Sold,,,https://www.redfin.com/MA/Brockton/25-Somerset-Pl-02301/home/16321663,MLS PIN,73393188,N,Y,42.0761586,-71.0182205
PAST SALE,August-18-2025,Single Family Residential,63 Menlo St,Brockton,MA,02301,623000,5,2.5,Brockton,2187,3777,1925,,285,,Sold,,,https://www.redfin.com/MA/Brockton/63-Menlo-St-02301/home/16324490,MLS PIN,73357177,N,Y,42.0689505,-71.0235249
PAST SALE,,Single Family Residential,14 Clyde St,Brockton,MA,02301,341000,3,1,,1830,7405,1931,,186,,,,,https://www.redfin.com/MA/Brockton/14-Clyde-St-02301/home/16321939,,,N,Y,42.1105107,-71.0298244
PAST SALE,,Condo/Co-op,685 Oak St Unit 16-3,Brockton,MA,02301,220000,2,1.5,,1083,,1985,,203,,,,,https://www.redfin.com/MA/Brockton/685-Oak-St-02301/unit-16-3/home/16332499,,,N,Y,42.103014,-71.055619
PAST SALE,May-9-2025,Townhouse,17 Foster St #4,Brockton,MA,02301,409900,3,2.5,Brockton,1403,,2013,,292,250,Sold,,,https://www.redfin.com/MA/Brockton/17-Foster-St-02301/unit-4/home/76487877,MLS PIN,73352228,N,Y,42.0742052,-71.0229745
PAST SALE,November-7-2025,Multi-Family (2-4 Unit),88 Vine St,Brockton,MA,02301,810000,8,3,Brockton,3171,7719,1912,,255,,Sold,,,https://www.redfin.com/MA/Brockton/88-Vine-St-02301/home/16322365,MLS PIN,73447512,N,Y,42.0993328,-71.0249499
PAST SALE,,Condo/Co-op,17 Foster St #17,Brockton,MA,02301,410000,3,2.5,,1403,,2013,,292,,,,,https://www.redfin.com/MA/Brockton/17-Foster-St-02301/unit-17/home/21784627,,,N,Y,42.0742052,-71.0229745
PAST SALE,June-3-2025,Multi-Family (2-4 Unit),20 3rd St,Brockton,MA,02301,885000,5,,Brockton,2004,,1900,,442,,Sold,,,https://www.redfin.com/MA/Brockton/20-3rd-St-02301/home/16324433,MLS PIN,73384389,N,Y,42.0692272,-71.0247351
PAST SALE,August-4-2025,Townhouse,17 Foster St #17,Brockton,MA,02301,410000,3,2.5,Brockton,1403,,2013,,292,250,Sold,,,https://www.redfin.com/MA/Brockton/17-Foster-St-02301/unit-17/home/21773310,MLS PIN,73410288,N,Y,42.0739753,-71.0227779
PAST SALE,January-6-2026,Multi-Family (5+ Unit),1435 Main St,Brockton,MA,02301,690000,7,3.5,Brockton,4680,2701,1920,,147,,Sold,,,https://www.redfin.com/MA/Brockton/1435-Main-St-02301/home/16317787,MLS PIN,73462675,N,Y,42.056937,-71.0134142
PAST SALE,September-15-2025,Single Family Residential,104 Debbie Rd Lot 16,Brockton,MA,02301,885000,4,2.5,Mia Meadows,2750,30000,2025,,322,42,Sold,,,https://www.redfin.com/MA/Brockton/104-Debbie-Rd-02302/unit-16/home/197828841,MLS PIN,73429372,N,Y,42.0934377,-70.986712
PAST SALE,July-23-2025,Multi-Family (2-4 Unit),33-35 Field St,Brockton,MA,02301,700000,6,2,Brockton,2376,4996,1925,,295,,Sold,,,https://www.redfin.com/MA/Brockton/33-Field-St-02301/home/16321918,MLS PIN,73369694,N,Y,42.1049232,-71.0230221
PAST SALE,March-24-2025,Multi-Family (2-4 Unit),67 Malvern Rd,Brockton,MA,02301,760000,7,2,Brockton,2289,5998,1900,,332,,Sold,,,https://www.redfin.com/MA/Brockton/67-Malvern-Rd-02301/home/16329310,MLS PIN,73341132,N,Y,42.0869882,-71.0393302
PAST SALE,April-25-2025,Single Family Residential,51 Linnea Ave,Brockton,MA,02301,415000,2,1,Brockton,870,5937,1957,,477,,Sold,,,https://www.redfin.com/MA/Brockton/51-Linnea-Ave-02301/home/16324252,MLS PIN,73348357,N,Y,42.0675509,-71.0264381
PAST SALE,July-16-2025,Condo/Co-op,685 Oak St Unit 11-5,Brockton,MA,02301,275000,2,1.5,Brockton,1141,,1985,,241,589,Sold,,,https://www.redfin.com/MA/Brockton/685-Oak-St-02301/unit-11-5/home/16332680,MLS PIN,73391832,N,Y,42.103014,-71.055619
PAST SALE,December-30-2025,Multi-Family (2-4 Unit),23 Foster St,Brockton,MA,02301,715000,6,2,Brockton,2238,7910,1872,,319,,Sold,,,https://www.redfin.com/MA/Brockton/23-Foster-St-02301/home/16318346,MLS PIN,73455126,N,Y,42.0735904,-71.0226347
PAST SALE,March-21-2025,Multi-Family (2-4 Unit),728 Main St,Brockton,MA,02301,779000,6,2.5,Brockton,4825,4465,1910,,161,,Sold,,,https://www.redfin.com/MA/Brockton/728-Main-St-02301/home/16321331,MLS PIN,73333906,N,Y,42.0709844,-71.0179802
PAST SALE,June-16-2025,Condo/Co-op,81 Colonel Bell Dr Unit 2G,Brockton,MA,02301,175000,1,1,Brockton,622,,1973,,281,248,Sold,,,https://www.redfin.com/MA/Brockton/81-Colonel-Bell-Dr-02301/unit-2G/home/16328644,MLS PIN,73331324,N,Y,42.0931762,-71.0385656
PAST SALE,July-25-2025,Condo/Co-op,221 Oak St Unit 2-31,Brockton,MA,02301,265000,1,1,Brockton,960,,1982,,276,451,Sold,,,https://www.redfin.com/MA/Brockton/221-Oak-St-02301/unit-2-31/home/16328088,MLS PIN,73384939,N,Y,42.101995,-71.0345525
PAST SALE,March-14-2025,Condo/Co-op,221 Oak St Unit 15-23,Brockton,MA,02301,310000,2,2,Brockton,1155,,1982,,268,550,Sold,,,https://www.redfin.com/MA/Brockton/221-Oak-St-02301/unit-15-23/home/16327852,MLS PIN,73330722,N,Y,42.101995,-71.0345525
PAST SALE,,Single Family Residential,14 Clyde St,Brockton,MA,02301,341000,3,1,,1830,7405,1931,,186,,,,,https://www.redfin.com/MA/Brockton/14-Clyde-St-02301/home/16321939,,,N,Y,42.1105107,-71.0298244
PAST SALE,July-23-2025,Multi-Family (2-4 Unit),33-35 Field St,Brockton,MA,02301,700000,6,2,Brockton,2376,4996,1925,,295,,Sold,,,https://www.redfin.com/MA/Brockton/33-Field-St-02301/home/16321918,MLS PIN,73369694,N,Y,42.1049232,-71.0230221
PAST SALE,,Multi-Family (2-4 Unit),47 Kingman St,Brockton,MA,02302,425000,4,2,,1536,6098,1900,,277,,,,,https://www.redfin.com/MA/Brockton/47-Kingman-St-02302/home/16335805,,,N,Y,42.0825998,-71.0019739
PAST SALE,,Other,697 Plain St,Brockton,MA,02302,210000,,,,,95396,,,,,,,,https://www.redfin.com/MA/Brockton/697-Plain-St-02302/home/16321049,,,N,Y,42.0471448,-70.9902741
PAST SALE,,Single Family Residential,196 Southfield Dr,Brockton,MA,02302,300000,3,1,,1316,10019,1971,,228,,,,,https://www.redfin.com/MA/Brockton/196-Southfield-Dr-02302/home/16320359,,,N,Y,42.0614238,-70.9890468
PAST SALE,April-4-2025,Single Family Residential,561 Summer,Brockton,MA,02302,500000,3,1,Brockton,1120,18565,1900,,446,,Sold,,,https://www.redfin.com/MA/Brockton/561-Summer-St-02302/home/16320152,MLS PIN,73332138,N,Y,42.0637789,-71.0027999
PAST SALE,January-23-2026,Single Family Residential,13 Barry St,Brockton,MA,02302,350000,3,1,Brockton,1352,11012,1972,,259,,Sold,,,https://www.redfin.com/MA/Brockton/13-Barry-St-02302/home/16335402,MLS PIN,73465030,N,Y,42.0854657,-71.0076977
PAST SALE,October-17-2025,Single Family Residential,187 Arthur St,Brockton,MA,02302,825000,4,2.5,Brockton,2400,32825,2025,,344,,Sold,,,https://www.redfin.com/MA/Brockton/187-Arthur-St-02302/home/189728927,MLS PIN,73435599,N,Y,42.103336,-71.007769
PAST SALE,June-16-2025,Single Family Residential,59 Hopkins Rd,Brockton,MA,02302,525000,3,1,Brockton,1148,11021,1971,,457,,Sold,,,https://www.redfin.com/MA/Brockton/59-Hopkins-Rd-02302/home/16320635,MLS PIN,73378389,N,Y,42.063132,-70.9887707
PAST SALE,October-16-2025,Single Family Residential,95 Nicholson Dr,Brockton,MA,02302,630000,3,1.5,Brockton,1380,12502,1960,,457,,Sold,,,https://www.redfin.com/MA/Brockton/95-Nicholson-Dr-02302/home/16333954,MLS PIN,73408320,N,Y,42.0999092,-70.9955114
PAST SALE,September-8-2025,Single Family Residential,110 Portland St,Brockton,MA,02302,610000,3,2,Brockton,1408,7200,1965,,433,,Sold,,,https://www.redfin.com/MA/Brockton/110-Portland-St-02302/home/16335947,MLS PIN,73369958,N,Y,42.0768189,-70.9822172
PAST SALE,December-31-2025,Multi-Family (2-4 Unit),99 Grove St,Brockton,MA,02302,750000,6,3,Brockton,3188,8960,1899,,235,,Sold,,,https://www.redfin.com/MA/Brockton/99-Grove-St-02302/home/16321340,MLS PIN,73454894,N,Y,42.07221,-71.0139297
PAST SALE,July-11-2025,Vacant Land,Lot 2 Arthur St,Brockton,MA,02302,240000,,,Brockton,,53166,,,,,Sold,,,https://www.redfin.com/MA/Brockton/2-Arthur-St-02302/home/195976854,MLS PIN,73384491,N,Y,42.1027107,-71.0164265
PAST SALE,April-4-2025,Single Family Residential,55 Bourne St,Brockton,MA,02302,420000,3,1,Brockton,1208,8499,1963,,348,,Sold,,,https://www.redfin.com/MA/Brockton/55-Bourne-St-02302/home/16329873,MLS PIN,73342224,N,Y,42.1101484,-71.0074869
PAST SALE,May-28-2025,Single Family Residential,94 Jacob St,Brockton,MA,02302,430000,2,2,Brockton,1261,7200,1974,,341,,Sold,,,https://www.redfin.com/MA/Brockton/94-Jacob-St-02302/home/16337149,MLS PIN,73354845,N,Y,42.0772845,-70.997821
PAST SALE,July-31-2025,Single Family Residential,314 W Main St,Avon,MA,02322,845000,3,2.5,Avon,2700,30002,1941,,313,,Sold,,,https://www.redfin.com/MA/Avon/314-W-Main-St-02322/home/11823357,MLS PIN,73386556,N,Y,42.1279222,-71.0414936
PAST SALE,July-31-2025,Single Family Residential,314 W Main St,Avon,MA,02322,845000,3,2.5,Avon,2700,30002,1941,,313,,Sold,,,https://www.redfin.com/MA/Avon/314-W-Main-St-02322/home/11823357,MLS PIN,73386556,N,Y,42.1279222,-71.0414936
PAST SALE,September-22-2025,Condo/Co-op,18 Mountain Ash Rd #18,East Bridgewater,MA,02333,480000,2,2,,1380,,2004,,348,280,Sold,,,https://www.redfin.com/MA/East-Bridgewater/18-Mountain-Ash-Rd-02333/unit-18/home/177902407,RIS,1395869,N,Y,42.0404616,-70.9391458
PAST SALE,April-16-2025,Single Family Residential,14 Batti Ave,East Bridgewater,MA,02333,530000,3,1.5,East Bridgewater,1400,11000,1962,,379,,Sold,,,https://www.redfin.com/MA/East-Bridgewater/14-Batti-Ave-02333/home/16347054,MLS PIN,73340603,N,Y,42.0407134,-70.9593006
PAST SALE,,Single Family Residential,40 King Hill Rd,Hanover,MA,02339,525000,4,2.5,,1456,34412,1974,,361,,,,,https://www.redfin.com/MA/Hanover/40-King-Hill-Rd-02339/home/16351437,,,N,Y,42.0931479,-70.8827538
PAST SALE,September-30-2025,Single Family Residential,14 Wood Hollow Way,Hanover,MA,02339,1270000,4,2.5,Wood Hollow,3598,30002,2018,,353,29,Sold,,,https://www.redfin.com/MA/Hanover/14-Wood-Hollow-Way-02339/home/133162207,MLS PIN,73426320,N,Y,42.0918398,-70.885868
PAST SALE,January-27-2026,Single Family Residential,255 Holmes St,Hanson,MA,02341,710000,3,2.5,Hanson,2918,48984,2004,,243,,Sold,,,https://www.redfin.com/MA/Hanson/255-Holmes-St-02341/home/16358469,MLS PIN,73459699,N,Y,42.0551382,-70.886107
PAST SALE,December-22-2025,Single Family Residential,417 Birchbark Dr,Hanson,MA,02341,760000,4,2.5,Hanson,3805,47916,1989,,200,,Sold,,,https://www.redfin.com/MA/Hanson/417-Birchbark-Dr-02341/home/16356029,MLS PIN,73446314,N,Y,42.0778486,-70.8999205
PAST SALE,September-2-2025,Townhouse,11 Hayford Trl #14,Hanson,MA,02341,657190,2,2.5,Hanson,2062,,2025,,319,352,Sold,,,https://www.redfin.com/MA/Hanson/11-Hayford-Trl-02341/unit-14/home/195470273,MLS PIN,73361943,N,Y,42.086136,-70.891701
PAST SALE,July-30-2025,Townhouse,1139 Main St #3,Hanson,MA,02341,389900,1,1.5,Hanson,1257,,2024,,310,225,Sold,,,https://www.redfin.com/MA/Hanson/1139-Main-St-02341/unit-3/home/194027435,MLS PIN,73383594,N,Y,42.0431677,-70.8823843
PAST SALE,September-4-2025,Townhouse,9 Hayford Trl #13,Hanson,MA,02341,655880,2,2.5,Hanson,2062,,2025,,318,352,Sold,,,https://www.redfin.com/MA/Hanson/9-Hayford-Trl-02341/unit-13/home/195470274,MLS PIN,73361942,N,Y,42.0865243,-70.8918114
PAST SALE,May-2-2025,Condo/Co-op,1407 Main St #1,Hanson,MA,02341,524900,2,2.5,Hanson,1980,43560,2025,,265,150,Sold,,,https://www.redfin.com/MA/Hanson/1407-Main-St-02341/unit-1/home/195041673,MLS PIN,73346526,N,Y,42.0413366,-70.8918218
PAST SALE,June-18-2025,Townhouse,18 Howland Trl #36,Hanson,MA,02341,723000,2,2.5,Hanson,2324,,2024,,311,389,Sold,,,https://www.redfin.com/MA/Hanson/18-Howland-Trl-02341/unit-36/home/194460270,MLS PIN,73329524,N,Y,42.0860075,-70.8920275
PAST SALE,March-14-2025,Townhouse,1139 Main St #1,Hanson,MA,02341,425000,1,1.5,Hanson,1243,,2024,,342,225,Sold,,,https://www.redfin.com/MA/Hanson/1139-Main-St-02341/unit-1/home/194027339,MLS PIN,73321275,N,Y,42.0431677,-70.8823843
PAST SALE,February-28-2025,Townhouse,12 Howland Trl #39,Hanson,MA,02341,702160,2,2.5,Hanson,2202,,2024,,319,389,Sold,,,https://www.redfin.com/MA/Hanson/12-Howland-Trl-02341/unit-39/home/194460308,MLS PIN,73329526,N,Y,42.0861288,-70.8921971
PAST SALE,November-18-2025,Townhouse,15 Hayford Trl #16,Hanson,MA,02341,762990,2,2.5,Hanson,2324,,2024,,328,389,Sold,,,https://www.redfin.com/MA/Hanson/15-Hayford-Trl-02341/unit-16/home/196108167,MLS PIN,73391461,N,Y,42.086552,-70.8916342
PAST SALE,December-30-2025,Vacant Land,248 East Washington St,Hanson,MA,02341,800000,,,Hanson,,370915,,,,,Sold,,,https://www.redfin.com/MA/Hanson/248-E-Washington-St-02341/home/16356991,MLS PIN,73345402,N,Y,42.0786185,-70.8756263
PAST SALE,June-25-2025,Single Family Residential,18 Bradford St,Holbrook,MA,02343,550000,3,2,Holbrook,1792,9601,1955,,307,,Sold,,,https://www.redfin.com/MA/Holbrook/18-Bradford-St-02343/home/8878447,MLS PIN,73370766,N,Y,42.1431874,-71.0019292
PAST SALE,June-25-2025,Single Family Residential,18 Bradford St,Holbrook,MA,02343,550000,3,2,Holbrook,1792,9601,1955,,307,,Sold,,,https://www.redfin.com/MA/Holbrook/18-Bradford-St-02343/home/8878447,MLS PIN,73370766,N,Y,42.1431874,-71.0019292
PAST SALE,April-9-2025,Single Family Residential,59 Warren St,Abington,MA,02351,599000,3,1.5,Abington,1178,27424,1890,,508,,Sold,,,https://www.redfin.com/MA/Abington/59-Warren-St-02351/home/16308268,MLS PIN,73336378,N,Y,42.1266929,-70.9545687
PAST SALE,August-22-2025,Single Family Residential,71 Groveland St,Abington,MA,02351,607000,4,2,Abington,1524,43541,1933,,398,,Sold,,,https://www.redfin.com/MA/Abington/71-Groveland-St-02351/home/16306675,MLS PIN,73392643,N,Y,42.1041738,-70.9567422
PAST SALE,January-9-2026,Condo/Co-op,14 Kingswood Dr #3,Abington,MA,02351,289900,2,1,Abington,943,,1971,,307,423,Sold,,,https://www.redfin.com/MA/Abington/14-Kingswood-Dr-02351/unit-3/home/16308525,MLS PIN,73457356,N,Y,42.133306,-70.973362
PAST SALE,July-31-2025,Single Family Residential,737 Linwood St,Abington,MA,02351,588000,3,2,Abington,1358,19583,1968,,433,,Sold,,,https://www.redfin.com/MA/Abington/737-Linwood-St-02351/home/16307259,MLS PIN,73391147,N,Y,42.1144281,-70.9757439
PAST SALE,April-10-2025,Townhouse,402 Tamarack #402,Abington,MA,02351,505000,2,3,Abington,1400,,2004,,361,333,Sold,,,https://www.redfin.com/MA/Abington/402-Tamarack-Ln-02351/unit-402/home/77515593,MLS PIN,73341057,N,Y,42.114307,-70.9951728
PAST SALE,February-27-2025,Condo/Co-op,711 Hampton Way #711,Abington,MA,02351,502000,2,3,Abington,1469,,2004,,342,419,Sold,,,https://www.redfin.com/MA/Abington/711-Hampton-Way-02351/unit-711/home/88015120,MLS PIN,73326743,N,Y,42.1136369,-70.9944356
PAST SALE,April-17-2025,Single Family Residential,391 Plymouth St,Abington,MA,02351,590000,3,1,Abington,1708,37007,1957,,345,,Sold,,,https://www.redfin.com/MA/Abington/391-Plymouth-St-02351/home/16305470,MLS PIN,73338451,N,Y,42.1182475,-70.9369216
PAST SALE,January-21-2026,Single Family Residential,144 Helen Dr,Abington,MA,02351,735000,3,2.5,Abington,1582,30038,1993,,465,,Sold,,,https://www.redfin.com/MA/Abington/144-Helen-Dr-02351/home/16308697,MLS PIN,73462649,N,Y,42.1228991,-70.9657352
PAST SALE,January-9-2026,Condo/Co-op,14 Kingswood Dr #3,Abington,MA,02351,289900,2,1,Abington,943,,1971,,307,423,Sold,,,https://www.redfin.com/MA/Abington/14-Kingswood-Dr-02351/unit-3/home/16308525,MLS PIN,73457356,N,Y,42.133306,-70.973362
PAST SALE,May-28-2025,Single Family Residential,6 Oakland Ave,North Easton,MA,02356,557000,4,2.5,Easton Center,2064,16912,1906,,270,,Sold,,,https://www.redfin.com/MA/North-Easton/6-Oakland-Ave-02356/home/15994419,MLS PIN,73367390,N,Y,42.0641133,-71.1036073
PAST SALE,February-28-2025,Multi-Family (2-4 Unit),434 N Main St,Randolph,MA,02368,890000,6,2.5,Randolph,2588,8935,1860,,344,,Sold,,,https://www.redfin.com/MA/Randolph/434-N-Main-St-02368/home/11731332,MLS PIN,73319497,N,Y,42.1718753,-71.0474207
PAST SALE,April-10-2025,Single Family Residential,90 Liberty St,Randolph,MA,02368,277000,5,1,Randolph,1822,17160,1850,,152,,Sold,,,https://www.redfin.com/MA/Randolph/90-Liberty-St-02368/home/11729867,MLS PIN,73306389,N,Y,42.1755063,-71.0447392
PAST SALE,March-28-2025,Single Family Residential,14 Lind Ter,Randolph,MA,02368,477000,3,1,Randolph,972,7500,1957,,491,,Sold,,,https://www.redfin.com/MA/Randolph/14-Lind-Ter-02368/home/11732690,MLS PIN,73337518,N,Y,42.1646481,-71.0322031
PAST SALE,September-19-2025,Single Family Residential,85 Rear Mill St,Randolph,MA,02368,198000,2,,Randolph,847,5520,1900,,234,,Sold,,,https://www.redfin.com/MA/Randolph/85-Mill-St-02368/home/11733835,MLS PIN,73428162,N,Y,42.164197,-71.0349556
PAST SALE,November-19-2025,Single Family Residential,12 Jane St,Randolph,MA,02368,499000,4,1.5,North Randolph,1732,5000,1928,,288,,Sold,,,https://www.redfin.com/MA/Randolph/12-Jane-St-02368/home/11720524,MLS PIN,73441279,N,Y,42.1944205,-71.061732
PAST SALE,January-2-2026,Single Family Residential,15 Payson Ave,Randolph,MA,02368,1217000,4,3.5,Randolph,3748,12196,2025,,325,,Sold,,,https://www.redfin.com/MA/Randolph/15-Payson-Ave-02368/home/198836820,MLS PIN,73450484,N,Y,42.142162,-71.035766
PAST SALE,February-28-2025,Multi-Family (2-4 Unit),434 N Main St,Randolph,MA,02368,890000,6,2.5,Randolph,2588,8935,1860,,344,,Sold,,,https://www.redfin.com/MA/Randolph/434-N-Main-St-02368/home/11731332,MLS PIN,73319497,N,Y,42.1718753,-71.0474207
PAST SALE,April-10-2025,Single Family Residential,90 Liberty St,Randolph,MA,02368,277000,5,1,Randolph,1822,17160,1850,,152,,Sold,,,https://www.redfin.com/MA/Randolph/90-Liberty-St-02368/home/11729867,MLS PIN,73306389,N,Y,42.1755063,-71.0447392
PAST SALE,September-19-2025,Single Family Residential,85 Rear Mill St,Randolph,MA,02368,198000,2,,Randolph,847,5520,1900,,234,,Sold,,,https://www.redfin.com/MA/Randolph/85-Mill-St-02368/home/11733835,MLS PIN,73428162,N,Y,42.164197,-71.0349556
PAST SALE,March-28-2025,Single Family Residential,14 Lind Ter,Randolph,MA,02368,477000,3,1,Randolph,972,7500,1957,,491,,Sold,,,https://www.redfin.com/MA/Randolph/14-Lind-Ter-02368/home/11732690,MLS PIN,73337518,N,Y,42.1646481,-71.0322031
PAST SALE,January-2-2026,Single Family Residential,15 Payson Ave,Randolph,MA,02368,1217000,4,3.5,Randolph,3748,12196,2025,,325,,Sold,,,https://www.redfin.com/MA/Randolph/15-Payson-Ave-02368/home/198836820,MLS PIN,73450484,N,Y,42.142162,-71.035766
PAST SALE,September-19-2025,Single Family Residential,125 Reed St,Rockland,MA,02370,525000,3,1,Rockland,1639,6072,1900,,320,,Sold,,,https://www.redfin.com/MA/Rockland/125-Reed-St-02370/home/14808345,MLS PIN,73418003,N,Y,42.1299778,-70.9204297
PAST SALE,,Condo/Co-op,5 Hobart Ln,Rockland,MA,02370,450000,2,2,,1347,,1988,,334,,,,,https://www.redfin.com/MA/Rockland/5-Hobart-Ln-02370/home/14808580,,,N,Y,42.1468886,-70.9023405
PAST SALE,March-6-2025,Single Family Residential,136 Salem St,Rockland,MA,02370,575000,3,2,Rockland,1632,17085,1945,,352,,Sold,,,https://www.redfin.com/MA/Rockland/136-Salem-St-02370/home/14812489,MLS PIN,73291446,N,Y,42.1409151,-70.9249063
PAST SALE,June-11-2025,Single Family Residential,34 Clark Rd,Rockland,MA,02370,510000,3,1,Rockland,1000,9000,1962,,510,,Sold,,,https://www.redfin.com/MA/Rockland/34-Clark-Rd-02370/home/14810159,MLS PIN,73369506,N,Y,42.1210648,-70.9267115
PAST SALE,April-2-2025,Single Family Residential,25 Scotch Dam Rd,South Easton,MA,02375,903000,4,3,Easton,3419,40089,1983,,264,,Sold,,,https://www.redfin.com/MA/South-Easton/25-Scotch-Dam-Rd-02375/home/15993154,MLS PIN,73309996,N,Y,42.0461999,-71.0892857
PAST SALE,October-31-2025,Single Family Residential,114 Short St,South Easton,MA,02375,475000,3,1.5,Easton,2800,30000,1971,,170,,Sold,,,https://www.redfin.com/MA/South-Easton/114-Short-St-02375/home/15992903,MLS PIN,73322774,N,Y,42.0440056,-71.0988722
PAST SALE,May-12-2025,Townhouse,1005 Auburn St Unit D3,Whitman,MA,02382,525000,2,2.5,Whitman,1332,,2022,,394,220,Sold,,,https://www.redfin.com/MA/Whitman/1005-Auburn-St-02382/unit-D3/home/190517394,MLS PIN,73357994,N,Y,42.0709703,-70.9655348
PAST SALE,December-18-2025,Townhouse,877 Auburnville Way Unit D4,Whitman,MA,02382,510000,2,2,Whitman,2090,,2005,,244,441,Sold,,,https://www.redfin.com/MA/Whitman/877-Auburnville-Way-02382/unit-D4/home/16453747,MLS PIN,73446263,N,Y,42.070941,-70.964793
PAST SALE,October-1-2025,Multi-Family (2-4 Unit),30 Cherry St,Whitman,MA,02382,630000,4,2,Whitman,1442,7484,1900,,437,,Sold,,,https://www.redfin.com/MA/Whitman/30-Cherry-St-02382/home/16456137,MLS PIN,73405210,N,Y,42.0868,-70.9226365
PAST SALE,,Condo/Co-op,703 Auburn St,Whitman,MA,02382,520000,3,2.5,,1532,,2006,,339,,,,,https://www.redfin.com/MA/Whitman/703-Auburn-St-02382/home/16453835,,,N,Y,42.0700239,-70.9569136
PAST SALE,January-13-2026,Townhouse,501 Auburn St #201,Whitman,MA,02382,440000,2,1.5,Whitman,1320,,1988,,333,490,Sold,,,https://www.redfin.com/MA/Whitman/501-Auburn-St-02382/unit-201/home/16454562,MLS PIN,73459808,N,Y,42.071187,-70.949692
PAST SALE,April-30-2025,Single Family Residential,63 George St,Whitman,MA,02382,590000,3,2.5,Whitman,1523,9100,1900,,387,,Sold,,,https://www.redfin.com/MA/Whitman/63-George-St-02382/home/16454243,MLS PIN,73339836,N,Y,42.0804856,-70.9143583
PAST SALE,October-15-2025,Single Family Residential,10 Dewey Rd,Lexington,MA,02420,1500000,3,2.5,Lexington,2549,29875,1958,,588,,Sold,,,https://www.redfin.com/MA/Lexington/10-Dewey-Rd-02420/home/8586481,MLS PIN,73424366,N,Y,42.4837092,-71.2362142
PAST SALE,August-15-2025,Single Family Residential,11 N Hancock St,Lexington,MA,02420,950000,3,2.5,Lexington,1600,4459,1940,,594,,Sold,,,https://www.redfin.com/MA/Lexington/11-N-Hancock-St-02420/home/8579318,MLS PIN,73382335,N,Y,42.4637386,-71.2401306
PAST SALE,August-1-2025,Condo/Co-op,30 Bow St #1,Lexington,MA,02420,440000,1,1,Lexington,687,,1925,,640,,Sold,,,https://www.redfin.com/MA/Lexington/30-Bow-St-02420/unit-1/home/137132387,MLS PIN,73348543,N,Y,42.427299,-71.194134
PAST SALE,September-29-2025,Condo/Co-op,9 Lisbeth St #9,Lexington,MA,02420,700000,2,1.5,Lexington,988,,2013,,709,200,Sold,,,https://www.redfin.com/MA/Lexington/9-Lisbeth-St-02421/unit-9/home/174978609,MLS PIN,73394509,N,Y,42.4263804,-71.1987583
PAST SALE,,Condo/Co-op,663 Lowell St #23,Lexington,MA,02420,810000,2,2,,1367,,1995,,593,,,,,https://www.redfin.com/MA/Lexington/663-Lowell-St-02420/unit-23/home/8580494,,,N,Y,42.4674012,-71.2073819
PAST SALE,October-15-2025,Single Family Residential,10 Dewey Rd,Lexington,MA,02420,1500000,3,2.5,Lexington,2549,29875,1958,,588,,Sold,,,https://www.redfin.com/MA/Lexington/10-Dewey-Rd-02420/home/8586481,MLS PIN,73424366,N,Y,42.4837092,-71.2362142
PAST SALE,August-15-2025,Single Family Residential,11 N Hancock St,Lexington,MA,02420,950000,3,2.5,Lexington,1600,4459,1940,,594,,Sold,,,https://www.redfin.com/MA/Lexington/11-N-Hancock-St-02420/home/8579318,MLS PIN,73382335,N,Y,42.4637386,-71.2401306
PAST SALE,August-1-2025,Condo/Co-op,30 Bow St #1,Lexington,MA,02420,440000,1,1,Lexington,687,,1925,,640,,Sold,,,https://www.redfin.com/MA/Lexington/30-Bow-St-02420/unit-1/home/137132387,MLS PIN,73348543,N,Y,42.427299,-71.194134
PAST SALE,September-29-2025,Condo/Co-op,9 Lisbeth St #9,Lexington,MA,02420,700000,2,1.5,Lexington,988,,2013,,709,200,Sold,,,https://www.redfin.com/MA/Lexington/9-Lisbeth-St-02421/unit-9/home/174978609,MLS PIN,73394509,N,Y,42.4263804,-71.1987583
PAST SALE,,Condo/Co-op,663 Lowell St #23,Lexington,MA,02420,810000,2,2,,1367,,1995,,593,,,,,https://www.redfin.com/MA/Lexington/663-Lowell-St-02420/unit-23/home/8580494,,,N,Y,42.4674012,-71.2073819
PAST SALE,August-21-2025,Single Family Residential,659 Marrett Rd,Lexington,MA,02421,1090000,3,3,Lexington,1852,9164,1950,,589,,Sold,,,https://www.redfin.com/MA/Lexington/659-Marrett-Rd-02421/home/8562124,MLS PIN,73397387,N,Y,42.4413038,-71.2521184
PAST SALE,August-28-2025,Single Family Residential,18 Blossom St,Lexington,MA,02421,1750000,4,3,Lexington,2847,40454,1999,,615,,Sold,,,https://www.redfin.com/MA/Lexington/18-Blossom-St-02421/home/8543516,MLS PIN,73401792,N,Y,42.4195868,-71.2243574
PAST SALE,September-2-2025,Single Family Residential,32 Moon Hill Rd,Lexington,MA,02421,2250000,4,3,Lexington,3207,21598,1950,,702,141,Sold,,,https://www.redfin.com/MA/Lexington/32-Moon-Hill-Rd-02421/home/8542719,MLS PIN,73401554,N,Y,42.4223063,-71.2128636
PAST SALE,May-29-2025,Single Family Residential,533 Marrett Rd,Lexington,MA,02421,1190000,3,2.5,Lexington,1781,16521,1941,,668,,Sold,,,https://www.redfin.com/MA/Lexington/533-Marrett-Rd-02421/home/8556774,MLS PIN,73350203,N,Y,42.4371336,-71.2488832
PAST SALE,December-15-2025,Single Family Residential,20 Loring Rd,Lexington,MA,02421,1800000,5,2.5,Prospect Hill,1168,104487,1959,,1541,,Sold,,,https://www.redfin.com/MA/Lexington/20-Loring-Rd-02421/home/8561239,MLS PIN,73329592,N,Y,42.4390045,-71.2356304
PAST SALE,,Condo/Co-op,223 Waltham St Unit B,Lexington,MA,02421,1267500,4,3.5,,2145,,1857,,591,,,,,https://www.redfin.com/MA/Lexington/223-Waltham-St-02421/unit-B/home/8561145,,,N,Y,42.4430533,-71.2308751
PAST SALE,August-21-2025,Single Family Residential,659 Marrett Rd,Lexington,MA,02421,1090000,3,3,Lexington,1852,9164,1950,,589,,Sold,,,https://www.redfin.com/MA/Lexington/659-Marrett-Rd-02421/home/8562124,MLS PIN,73397387,N,Y,42.4413038,-71.2521184
PAST SALE,August-28-2025,Single Family Residential,18 Blossom St,Lexington,MA,02421,1750000,4,3,Lexington,2847,40454,1999,,615,,Sold,,,https://www.redfin.com/MA/Lexington/18-Blossom-St-02421/home/8543516,MLS PIN,73401792,N,Y,42.4195868,-71.2243574
PAST SALE,September-2-2025,Single Family Residential,32 Moon Hill Rd,Lexington,MA,02421,2250000,4,3,Lexington,3207,21598,1950,,702,141,Sold,,,https://www.redfin.com/MA/Lexington/32-Moon-Hill-Rd-02421/home/8542719,MLS PIN,73401554,N,Y,42.4223063,-71.2128636
PAST SALE,May-29-2025,Single Family Residential,533 Marrett Rd,Lexington,MA,02421,1190000,3,2.5,Lexington,1781,16521,1941,,668,,Sold,,,https://www.redfin.com/MA/Lexington/533-Marrett-Rd-02421/home/8556774,MLS PIN,73350203,N,Y,42.4371336,-71.2488832
PAST SALE,,Condo/Co-op,223 Waltham St Unit B,Lexington,MA,02421,1267500,4,3.5,,2145,,1857,,591,,,,,https://www.redfin.com/MA/Lexington/223-Waltham-St-02421/unit-B/home/8561145,,,N,Y,42.4430533,-71.2308751
PAST SALE,December-15-2025,Single Family Residential,20 Loring Rd,Lexington,MA,02421,1800000,5,2.5,Prospect Hill,1168,104487,1959,,1541,,Sold,,,https://www.redfin.com/MA/Lexington/20-Loring-Rd-02421/home/8561239,MLS PIN,73329592,N,Y,42.4390045,-71.2356304
PAST SALE,February-28-2025,Townhouse,88 Potter Pond Rd #88,Lexington,MA,02421,1100000,3,3,Lexington,2218,,1984,,496,929,Sold,,,https://www.redfin.com/MA/Lexington/88-Potter-Pond-02421/unit-88/home/8542112,MLS PIN,73334871,N,Y,42.4126786,-71.2153506
PAST SALE,May-5-2025,Single Family Residential,16 Common Ct,Lexington,MA,02421,2500000,3,3.5,Lexington,3491,,2025,,716,500,Sold,,,https://www.redfin.com/MA/Lexington/16-Common-CT-02421/home/195463419,MLS PIN,73361663,N,Y,42.428691,-71.228023
PAST SALE,June-17-2025,Single Family Residential,2 Welch Rd,Lexington,MA,02421,2440000,4,3.5,Lexington,3000,5279,2025,,813,,Sold,,,https://www.redfin.com/MA/Lexington/2-Welch-Rd-02421/home/8567701,MLS PIN,73363032,N,Y,42.4458071,-71.2508322
PAST SALE,March-21-2025,Townhouse,15 Linc Cole Ln #15,Lexington,MA,02421,1800000,3,2.5,Lexington,3285,25189,2025,,548,600,Sold,,,https://www.redfin.com/MA/Lexington/15-Linc-Cole-Ln-02421/unit-15/home/194835216,MLS PIN,73337788,N,Y,42.4228083,-71.2099517
PAST SALE,July-8-2025,Single Family Residential,4 Philip Rd,Lexington,MA,02421,1715000,4,2.5,Follen Hill,2575,15936,1954,,666,,Sold,,,https://www.redfin.com/MA/Lexington/4-Philip-Rd-02421/home/8547699,MLS PIN,73384984,N,Y,42.4259032,-71.2147574
PAST SALE,April-11-2025,Single Family Residential,34 Bridge St,Lexington,MA,02421,2502000,5,5,Lexington,4078,6500,2025,,614,,Sold,,,https://www.redfin.com/MA/Lexington/34-Bridge-St-02421/home/8555765,MLS PIN,73345492,N,Y,42.4341824,-71.2393816
PAST SALE,August-6-2025,Single Family Residential,37 Baker,Lexington,MA,02421,1375000,3,2.5,Lexington,2132,5400,1948,,645,,Sold,,,https://www.redfin.com/MA/Lexington/37-Baker-Ave-02421/home/8545980,MLS PIN,73401380,N,Y,42.4233491,-71.2000881
PAST SALE,October-9-2025,Condo/Co-op,74 Kent St Unit C10,Brookline,MA,02445,1835000,3,3,Brookline,2488,,2001,,738,1331,Sold,,,https://www.redfin.com/MA/Brookline/74-Kent-St-02445/unit-C10/home/11501891,MLS PIN,73426573,N,Y,42.3338593,-71.1156538
PAST SALE,July-22-2025,Condo/Co-op,99 Pond Ave #202,Brookline,MA,02445,585000,1,1,Brookline,870,,1970,,672,769,Sold,,,https://www.redfin.com/MA/Brookline/99-Pond-Ave-02445/unit-202/home/11487985,MLS PIN,73390399,N,Y,42.3295349,-71.1155609
PAST SALE,June-12-2025,Condo/Co-op,12 Davis Ct #2,Brookline,MA,02445,475000,1,1,Brookline Village,568,,1840,,836,160,Sold,,,https://www.redfin.com/MA/Brookline/12-Davis-Ct-02445/unit-2/home/21624740,MLS PIN,73358322,N,Y,42.332299,-71.1192514
PAST SALE,,Single Family Residential,15 Warwick Rd,Brookline,MA,02445,885000,3,2,,1890,6098,1945,,468,,,,,https://www.redfin.com/MA/Brookline/15-Warwick-Rd-02445/home/102046306,,,N,Y,42.338273,-71.1429917
PAST SALE,October-9-2025,Condo/Co-op,74 Kent St Unit C10,Brookline,MA,02445,1835000,3,3,Brookline,2488,,2001,,738,1331,Sold,,,https://www.redfin.com/MA/Brookline/74-Kent-St-02445/unit-C10/home/11501891,MLS PIN,73426573,N,Y,42.3338593,-71.1156538
PAST SALE,July-22-2025,Condo/Co-op,99 Pond Ave #202,Brookline,MA,02445,585000,1,1,Brookline,870,,1970,,672,769,Sold,,,https://www.redfin.com/MA/Brookline/99-Pond-Ave-02445/unit-202/home/11487985,MLS PIN,73390399,N,Y,42.3295349,-71.1155609
PAST SALE,June-12-2025,Condo/Co-op,12 Davis Ct #2,Brookline,MA,02445,475000,1,1,Brookline Village,568,,1840,,836,160,Sold,,,https://www.redfin.com/MA/Brookline/12-Davis-Ct-02445/unit-2/home/21624740,MLS PIN,73358322,N,Y,42.332299,-71.1192514
PAST SALE,December-23-2025,Multi-Family (2-4 Unit),105 Sumner Rd,Brookline,MA,02445,1420000,0,,Brookline,2815,3676,1910,,504,,Sold,,,https://www.redfin.com/MA/Brookline/105-Sumner-Rd-02445/home/11470748,MLS PIN,73158380,N,Y,42.3319342,-71.1308564
PAST SALE,May-28-2025,Condo/Co-op,1807 Beacon St #3,Brookline,MA,02445,1400000,3,1.5,Brookline,1668,,1908,,839,641,Sold,,,https://www.redfin.com/MA/Brookline/1807-Beacon-St-02445/unit-3/home/11482224,MLS PIN,73360796,N,Y,42.3370469,-71.1439039
PAST SALE,January-23-2026,Single Family Residential,18 Cushing Rd,Brookline,MA,02445,1351000,2,2,Brookline,1230,9839,1940,,1098,,Sold,,,https://www.redfin.com/MA/Brookline/18-Cushing-Rd-02445/home/11507365,MLS PIN,73458322,N,Y,42.3285053,-71.1275142
PAST SALE,June-6-2025,Condo/Co-op,1450-1454 Beacon St #204,Brookline,MA,02446,480000,1,1,Coolidge Corner,573,,1926,,838,534,Sold,,,https://www.redfin.com/MA/Brookline/1450-Beacon-St-02446/unit-204/home/187181977,MLS PIN,73353422,N,Y,42.3408781,-71.1273916
PAST SALE,December-12-2025,Condo/Co-op,18 Browne St #2,Brookline,MA,02446,1740000,4,2,Brookline,2138,,1915,,814,651,Sold,,,https://www.redfin.com/MA/Brookline/18-Browne-St-02446/unit-2/home/11445480,MLS PIN,73443691,N,Y,42.3453745,-71.1161189
PAST SALE,April-10-2025,Condo/Co-op,638 Washington St #1,Brookline,MA,02446,679000,2,1,Brookline,1063,,1900,,639,715,Sold,,,https://www.redfin.com/MA/Brookline/638-Washington-St-02446/unit-1/home/11473995,MLS PIN,73356025,N,Y,42.3382596,-71.1321614
PAST SALE,August-21-2025,Condo/Co-op,2-14 Saint Paul St #311,Brookline,MA,02446,1260000,2,2,Brookline,1183,,2003,,1065,1016,Sold,,,https://www.redfin.com/MA/Brookline/2-14-Saint-Paul-St-02446/unit-311/home/11505129,MLS PIN,73413617,N,Y,42.337302,-71.119833
PAST SALE,April-9-2025,Condo/Co-op,439 Washington St #5,Brookline,MA,02446,1100000,2,1,Brookline,1451,,1940,,758,651,Sold,,,https://www.redfin.com/MA/Brookline/439-Washington-St-02446/unit-5/home/11469044,MLS PIN,73349837,N,Y,42.335725,-71.124582
PAST SALE,September-2-2025,Condo/Co-op,31 Pond St #2,Waltham,MA,02451,300000,1,1,Waltham,542,,1981,,554,264,Sold,,,https://www.redfin.com/MA/Waltham/31-Pond-St-02451/unit-2/home/11808952,MLS PIN,73402433,N,Y,42.379851,-71.2374893
PAST SALE,June-27-2025,Single Family Residential,48 Hillcrest Rd,Waltham,MA,02451,1475000,4,3.5,Waltham,3200,7200,2018,,461,,Sold,,,https://www.redfin.com/MA/Waltham/48-Hillcrest-Rd-02451/home/167722126,MLS PIN,73370715,N,Y,42.4123127,-71.2470983
PAST SALE,November-10-2025,Single Family Residential,20 Woodchester Cir,Waltham,MA,02451,1195000,3,2.5,Waltham,2396,19998,1962,,499,,Sold,,,https://www.redfin.com/MA/Waltham/20-Woodchester-Cir-02451/home/11798738,MLS PIN,73424857,N,Y,42.418818,-71.2675805
PAST SALE,June-27-2025,Single Family Residential,48 Hillcrest Rd,Waltham,MA,02451,1475000,4,3.5,Waltham,3200,7200,2018,,461,,Sold,,,https://www.redfin.com/MA/Waltham/48-Hillcrest-Rd-02451/home/167722126,MLS PIN,73370715,N,Y,42.4123127,-71.2470983
PAST SALE,November-10-2025,Single Family Residential,20 Woodchester Cir,Waltham,MA,02451,1195000,3,2.5,Waltham,2396,19998,1962,,499,,Sold,,,https://www.redfin.com/MA/Waltham/20-Woodchester-Cir-02451/home/11798738,MLS PIN,73424857,N,Y,42.418818,-71.2675805
PAST SALE,August-20-2025,Single Family Residential,61 Upton Rd,Waltham,MA,02452,1276000,4,2.5,Waltham,3276,7092,2004,,389,,Sold,,,https://www.redfin.com/MA/Waltham/61-Upton-Rd-02452/home/11437987,MLS PIN,73401565,N,Y,42.3899343,-71.2015004
PAST SALE,October-3-2025,Townhouse,208 Church St #208,Waltham,MA,02452,600000,2,1.5,Waltham,1532,,1977,,392,381,Sold,,,https://www.redfin.com/MA/Waltham/208-Church-St-02452/unit-208/home/170571495,MLS PIN,73408258,N,Y,42.3810382,-71.2311768
PAST SALE,August-1-2025,Townhouse,73 South St #1,Waltham,MA,02453,970000,3,3.5,Waltham,2720,,2012,,357,250,Sold,,,https://www.redfin.com/MA/Waltham/73-South-St-02453/unit-1/home/76478913,MLS PIN,73358358,N,Y,42.3732956,-71.2503682
PAST SALE,May-23-2025,Townhouse,21 Cook Unit -,Newton,MA,02458,1395000,3,3.5,Nonantum,2510,,2013,,556,,Sold,,,https://www.redfin.com/MA/Newton/21-Cook-St-02458/Unit/home/195433639,MLS PIN,73360891,N,Y,42.3602913,-71.1987021
PAST SALE,June-20-2025,Single Family Residential,28 Jameson Rd,Newton,MA,02458,1950000,4,4.5,Newton,2611,8490,1925,,747,,Sold,,,https://www.redfin.com/MA/Newton/28-Jameson-Rd-02458/home/11474730,MLS PIN,73371330,N,Y,42.3453825,-71.1859029
PAST SALE,April-8-2025,Townhouse,10 Murphy #10,Newton,MA,02458,1500000,3,3.5,Newton,2356,100,2024,,637,400,Sold,,,https://www.redfin.com/MA/Newton/10-Murphy-Ct-02458/unit-10/home/199875554,MLS PIN,73464731,N,Y,42.357676,-71.1999517
PAST SALE,,Condo/Co-op,20 Oakland St #20,Newton,MA,02458,900000,1,2,,1890,,1900,,476,,,,,https://www.redfin.com/MA/Newton/20-Oakland-St-02458/unit-20/home/11503208,,,N,Y,42.3538557,-71.1893456
PAST SALE,June-2-2025,Townhouse,4 Murphy Ct #4,Newton,MA,02458,1449000,3,3.5,Newton,2188,8830,2024,,662,380,Sold,,,https://www.redfin.com/MA/Newton/4-Murphy-Ct-02458/unit-4/home/193216837,MLS PIN,73374041,N,Y,42.3578691,-71.1997386
PAST SALE,May-15-2025,Condo/Co-op,105 Ripley St #105,Newton,MA,02459,893000,3,2,Newton,1295,,1926,,690,,Sold,,,https://www.redfin.com/MA/Newton/105-Ripley-St-02459/unit-105/home/12372826,MLS PIN,73351090,N,Y,42.3263643,-71.188266
PAST SALE,,Condo/Co-op,11 Nottingham St #2,Newton Center,MA,02459,710000,2,1,,1358,,1921,,523,,,,,https://www.redfin.com/MA/Newton-Center/11-Nottingham-St-02459/unit-2/home/11501831,,,N,Y,42.3372636,-71.1886564
PAST SALE,May-15-2025,Townhouse,35 John St #35,Newton,MA,02459,1900888,4,4,Newton,3971,9153,2024,,479,,Sold,,,https://www.redfin.com/MA/Newton/35-John-St-02459/unit-35/home/191022718,MLS PIN,73376141,N,Y,42.3204864,-71.1814222
PAST SALE,May-15-2025,Condo/Co-op,105 Ripley St #105,Newton,MA,02459,893000,3,2,Newton,1295,,1926,,690,,Sold,,,https://www.redfin.com/MA/Newton/105-Ripley-St-02459/unit-105/home/12372826,MLS PIN,73351090,N,Y,42.3263643,-71.188266
PAST SALE,,Condo/Co-op,40 Pleasant St #4,Newton Center,MA,02459,1651800,3,3.5,,1477,,1998,,1118,,,,,https://www.redfin.com/MA/Newton-Center/40-Pleasant-St-02459/unit-4/home/11407361,,,N,Y,42.331456,-71.1960703
PAST SALE,May-15-2025,Townhouse,35 John St #35,Newton,MA,02459,1900888,4,4,Newton,3971,9153,2024,,479,,Sold,,,https://www.redfin.com/MA/Newton/35-John-St-02459/unit-35/home/191022718,MLS PIN,73376141,N,Y,42.3204864,-71.1814222
PAST SALE,,Condo/Co-op,11 Nottingham St #2,Newton Center,MA,02459,710000,2,1,,1358,,1921,,523,,,,,https://www.redfin.com/MA/Newton-Center/11-Nottingham-St-02459/unit-2/home/11501831,,,N,Y,42.3372636,-71.1886564
PAST SALE,December-16-2025,Single Family Residential,59 Deborah Rd,Newton Center,MA,02459,1920000,4,2.5,Newton,3189,10323,1955,,602,,Sold,,,https://www.redfin.com/MA/Newton-Center/59-Deborah-Rd-02459/home/11484162,MLS PIN,73447131,N,Y,42.3078381,-71.1842907
PAST SALE,March-7-2025,Townhouse,37 Judkins St Unit A,Newtonville,MA,02460,1592000,4,3.5,Newton,3013,8385,2016,,528,400,Sold,,,https://www.redfin.com/MA/Newtonville/37-Judkins-St-02460/unit-A/home/11421468,MLS PIN,73294453,N,Y,42.3573507,-71.2049691
PAST SALE,,Condo/Co-op,64 Harvard St #64,Newtonville,MA,02460,952000,3,2,,1423,,1890,,669,,,,,https://www.redfin.com/MA/Newtonville/64-Harvard-St-02460/unit-64/home/11502464,,,N,Y,42.3503018,-71.2011189
PAST SALE,,Condo/Co-op,55 Gay St #55,Newtonville,MA,02460,850000,3,1.5,,1470,,1920,,578,,,,,https://www.redfin.com/MA/Newtonville/55-Gay-St-02460/unit-55/home/11503055,,,N,Y,42.3460913,-71.203136
PAST SALE,March-14-2025,Single Family Residential,312 Lake Ave,Newton Highlands,MA,02461,2000000,5,2.5,Newton Highlands,1968,10110,1890,,1016,,Sold,,,https://www.redfin.com/MA/Newton-Highlands/312-Lake-Ave-02461/home/11448637,MLS PIN,73330035,N,Y,42.3232628,-71.2053156
PAST SALE,December-18-2025,Single Family Residential,17 Deforest Rd,Newton Lower Falls,MA,02462,1192500,3,3,Newton,2550,7000,1950,,468,,Sold,,,https://www.redfin.com/MA/Newton-Lower-Falls/17-Deforest-Rd-02462/home/11438305,MLS PIN,73420507,N,Y,42.3336469,-71.2574291
PAST SALE,December-18-2025,Single Family Residential,17 Deforest Rd,Newton Lower Falls,MA,02462,1192500,3,3,Newton,2550,7000,1950,,468,,Sold,,,https://www.redfin.com/MA/Newton-Lower-Falls/17-Deforest-Rd-02462/home/11438305,MLS PIN,73420507,N,Y,42.3336469,-71.2574291
PAST SALE,January-8-2026,Townhouse,102 Thurston Rd #100,Newton Upper Falls,MA,02464,1710000,5,3.5,Newton Upper Falls,3526,12251,2020,,485,140,Sold,,,https://www.redfin.com/MA/Newton-Upper-Falls/102-Thurston-Rd-02464/unit-100/home/11445522,MLS PIN,73435141,N,Y,42.3147504,-71.2202828
PAST SALE,May-9-2025,Condo/Co-op,1208 Chestnut St #1208,Newton,MA,02464,605000,3,1,Newton,1249,11082,1900,,484,250,Sold,,,https://www.redfin.com/MA/Newton/1208-Chestnut-St-02464/unit-1208/home/77520207,MLS PIN,73332132,N,Y,42.3094277,-71.2216455
PAST SALE,,Condo/Co-op,1208 Chestnut St,Newton Upper Falls,MA,02464,605000,3,1,,1249,,1900,,484,,,,,https://www.redfin.com/MA/Newton-Upper-Falls/1208-Chestnut-St-02464/home/11502579,,,N,Y,42.3095186,-71.2213506
PAST SALE,January-16-2026,Townhouse,27-29 Indiana Ter #27,Newton Upper Falls,MA,02464,1780000,5,4.5,Newton Upper Falls,3497,8370,2025,,509,200,Sold,,,https://www.redfin.com/MA/Newton-Upper-Falls/27-Indiana-Ter-02464/unit-27/home/200076313,MLS PIN,73468751,N,Y,42.3102335,-71.2220522
PAST SALE,January-8-2026,Townhouse,102 Thurston Rd #100,Newton Upper Falls,MA,02464,1710000,5,3.5,Newton Upper Falls,3526,12251,2020,,485,140,Sold,,,https://www.redfin.com/MA/Newton-Upper-Falls/102-Thurston-Rd-02464/unit-100/home/11445522,MLS PIN,73435141,N,Y,42.3147504,-71.2202828
PAST SALE,May-9-2025,Condo/Co-op,1208 Chestnut St #1208,Newton,MA,02464,605000,3,1,Newton,1249,11082,1900,,484,250,Sold,,,https://www.redfin.com/MA/Newton/1208-Chestnut-St-02464/unit-1208/home/77520207,MLS PIN,73332132,N,Y,42.3094277,-71.2216455
PAST SALE,,Condo/Co-op,1208 Chestnut St,Newton Upper Falls,MA,02464,605000,3,1,,1249,,1900,,484,,,,,https://www.redfin.com/MA/Newton-Upper-Falls/1208-Chestnut-St-02464/home/11502579,,,N,Y,42.3095186,-71.2213506
PAST SALE,January-16-2026,Townhouse,27-29 Indiana Ter #27,Newton Upper Falls,MA,02464,1780000,5,4.5,Newton Upper Falls,3497,8370,2025,,509,200,Sold,,,https://www.redfin.com/MA/Newton-Upper-Falls/27-Indiana-Ter-02464/unit-27/home/200076313,MLS PIN,73468751,N,Y,42.3102335,-71.2220522
PAST SALE,June-16-2025,Condo/Co-op,405 Cherry St #2,West Newton,MA,02465,1200000,3,2.5,West Newton,2035,10690,1863,,590,600,Sold,,,https://www.redfin.com/MA/West-Newton/405-Cherry-St-02465/unit-2/home/11502758,MLS PIN,73358140,N,Y,42.3505832,-71.2291841
PAST SALE,September-15-2025,Townhouse,893 Watertown St Unit -,Newton,MA,02465,1290000,4,3,West Newton,2801,20007,1840,,461,,Sold,,,https://www.redfin.com/MA/Newton/893-Watertown-St-02465/home/11494301,MLS PIN,73401545,N,Y,42.3513386,-71.2221106
PAST SALE,December-18-2025,Townhouse,10 Crescent St #1,Newton,MA,02465,1699000,4,3.5,Newton,3645,9525,2025,,466,250,Sold,,,https://www.redfin.com/MA/Newton/10-Crescent-ST-02465/unit-1/home/199112581,MLS PIN,73455276,N,Y,42.348678,-71.236831
PAST SALE,May-14-2025,Single Family Residential,176A River St,West Newton,MA,02465,2430000,5,4.5,Newton,5127,10152,2024,,474,,Sold,,,https://www.redfin.com/MA/West-Newton/176-River-St-02465/home/11443025,MLS PIN,73350282,N,Y,42.3538898,-71.2338976
PAST SALE,April-28-2025,Condo/Co-op,50-56 Broadlawn Park #419,Chestnut Hill,MA,02467,445000,1,1,Chestnut Hill,785,785,1974,,567,495,Sold,,,https://www.redfin.com/MA/Chestnut-Hill/50-56-Broadlawn-Park-02467/unit-419/home/9205375,MLS PIN,73350588,N,Y,42.3025161,-71.1641189
PAST SALE,July-1-2025,Condo/Co-op,250 Hammond Pond Pkwy Unit 606N,Chestnut Hill,MA,02467,949000,2,2,Chestnut Hill,1311,761642,1978,,724,875,Sold,,,https://www.redfin.com/MA/Chestnut-Hill/250-Hammond-Pond-Pkwy-02467/unit-606N/home/11467590,MLS PIN,73364280,N,Y,42.321374,-71.179806
PAST SALE,December-8-2025,Condo/Co-op,250 Hammond Pond Pkwy Unit 603S,Chestnut Hill,MA,02467,630000,1,1.5,Newton,899,761428,1978,,701,626,Sold,,,https://www.redfin.com/MA/Chestnut-Hill/250-Hammond-Pond-Pkwy-02467/unit-603S/home/11468349,MLS PIN,73433746,N,Y,42.321374,-71.179806
PAST SALE,,Condo/Co-op,250 Hammond Pond Pkwy Unit 1004S,Chestnut Hill,MA,02467,510000,1,1.5,,854,,1978,,597,,,,,https://www.redfin.com/MA/Chestnut-Hill/250-Hammond-Pond-Pkwy-02467/unit-1004S/home/11468575,,,N,Y,42.321374,-71.179806
PAST SALE,April-28-2025,Condo/Co-op,50-56 Broadlawn Park #419,Chestnut Hill,MA,02467,445000,1,1,Chestnut Hill,785,785,1974,,567,495,Sold,,,https://www.redfin.com/MA/Chestnut-Hill/50-56-Broadlawn-Park-02467/unit-419/home/9205375,MLS PIN,73350588,N,Y,42.3025161,-71.1641189
PAST SALE,July-1-2025,Condo/Co-op,250 Hammond Pond Pkwy Unit 606N,Chestnut Hill,MA,02467,949000,2,2,Chestnut Hill,1311,761642,1978,,724,875,Sold,,,https://www.redfin.com/MA/Chestnut-Hill/250-Hammond-Pond-Pkwy-02467/unit-606N/home/11467590,MLS PIN,73364280,N,Y,42.321374,-71.179806
PAST SALE,December-8-2025,Condo/Co-op,250 Hammond Pond Pkwy Unit 603S,Chestnut Hill,MA,02467,630000,1,1.5,Newton,899,761428,1978,,701,626,Sold,,,https://www.redfin.com/MA/Chestnut-Hill/250-Hammond-Pond-Pkwy-02467/unit-603S/home/11468349,MLS PIN,73433746,N,Y,42.321374,-71.179806
PAST SALE,,Condo/Co-op,250 Hammond Pond Pkwy Unit 1004S,Chestnut Hill,MA,02467,510000,1,1.5,,854,,1978,,597,,,,,https://www.redfin.com/MA/Chestnut-Hill/250-Hammond-Pond-Pkwy-02467/unit-1004S/home/11468575,,,N,Y,42.321374,-71.179806
PAST SALE,January-9-2026,Condo/Co-op,250 Hammond Pond Pkwy Unit 603N,Chestnut Hill,MA,02467,820000,2,2,Chestnut Hill,1285,761428,1978,,638,910,Sold,,,https://www.redfin.com/MA/Chestnut-Hill/250-Hammond-Pond-Pkwy-02467/unit-603N/home/11467576,MLS PIN,73463790,N,Y,42.321374,-71.179806
PAST SALE,October-14-2025,Single Family Residential,5 Southwick,Waban,MA,02468,2425000,4,3.5,Waban,4364,13454,1939,,556,,Sold,,,https://www.redfin.com/MA/Waban/5-Southwick-Rd-02468/home/11457902,MLS PIN,73424191,N,Y,42.3244242,-71.2304406
PAST SALE,October-14-2025,Single Family Residential,5 Southwick,Waban,MA,02468,2425000,4,3.5,Waban,4364,13454,1939,,556,,Sold,,,https://www.redfin.com/MA/Waban/5-Southwick-Rd-02468/home/11457902,MLS PIN,73424191,N,Y,42.3244242,-71.2304406
PAST SALE,,Condo/Co-op,896 Chestnut St #1,Waban,MA,02468,1750000,4,3.5,,2021,,2017,,866,,,,,https://www.redfin.com/MA/Waban/896-Chestnut-St-02468/unit-1/home/113430216,,,N,Y,42.3186662,-71.2254293
PAST SALE,April-17-2025,Townhouse,11 James St #11,Watertown,MA,02472,977500,3,2.5,Watertown,1873,,1983,,522,283,Sold,,,https://www.redfin.com/MA/Watertown/11-James-St-02472/unit-11/home/11690935,MLS PIN,73338525,N,Y,42.3836732,-71.1948803
PAST SALE,April-22-2025,Condo/Co-op,46 Barnard Ave #46,Watertown,MA,02472,915000,2,1.5,Watertown,1471,10281,1896,,622,,Sold,,,https://www.redfin.com/MA/Watertown/46-Barnard-Ave-02472/unit-46/home/179492787,MLS PIN,73338651,N,Y,42.3712818,-71.1768248
PAST SALE,May-14-2025,Single Family Residential,18 Rutland St,Watertown,MA,02472,776000,3,1,Watertown,1228,5750,1945,,632,,Sold,,,https://www.redfin.com/MA/Watertown/18-Rutland-St-02472/home/11695024,MLS PIN,73329811,N,Y,42.3727821,-71.2045528
PAST SALE,July-22-2025,Condo/Co-op,133 Warren St #11,Watertown,MA,02472,380000,2,1,Watertown,600,,1957,,633,350,Sold,,,https://www.redfin.com/MA/Watertown/133-Warren-St-02472/unit-11/home/11703739,MLS PIN,73347184,N,Y,42.3760032,-71.1946072
PAST SALE,,Condo/Co-op,87 Church St,Watertown,MA,02472,1375000,4,3.5,,2553,,2005,,539,,,,,https://www.redfin.com/MA/Watertown/87-Church-St-02472/home/11705415,,,N,Y,42.3690405,-71.1827035
PAST SALE,,Condo/Co-op,311 Waverley Ave #311,Watertown,MA,02472,665000,3,2,,1823,,1925,,365,,,,,https://www.redfin.com/MA/Watertown/311-Waverley-Ave-02472/unit-311/home/11704623,,,N,Y,42.3802223,-71.1868535
PAST SALE,,Condo/Co-op,48 Bacon St #48,Watertown,MA,02472,984000,3,3,,1559,,2003,,631,,,,,https://www.redfin.com/MA/Watertown/48-Bacon-St-02472/unit-48/home/11704577,,,N,Y,42.3687079,-71.1941587
PAST SALE,August-14-2025,Multi-Family (2-4 Unit),27-29 Laurel St,Watertown,MA,02472,820000,4,2,East Watertown,2376,4207,1920,,345,,Sold,,,https://www.redfin.com/MA/Watertown/27-29-Laurel-St-02472/home/196206532,MLS PIN,73397728,N,Y,42.365958,-71.1643319
PAST SALE,,Condo/Co-op,97 Galen St,Watertown,MA,02472,1030000,4,2.5,,2360,,1896,,436,,,,,https://www.redfin.com/MA/Watertown/97-Galen-St-02472/home/11683022,,,N,Y,42.3619437,-71.1860178
PAST SALE,,Condo/Co-op,121 Channing Rd #121,Watertown,MA,02472,699900,3,1,,1300,,1939,,538,,,,,https://www.redfin.com/MA/Watertown/121-Channing-Rd-02472/unit-121/home/11704337,,,N,Y,42.3781826,-71.1820918
PAST SALE,July-18-2025,Condo/Co-op,8R Riverside St Unit 2-2,Watertown,MA,02472,460000,2,1,Watertown,685,,1962,,672,450,Sold,,,https://www.redfin.com/MA/Watertown/8R-Riverside-St-02472/unit-2-2/home/11695675,MLS PIN,73382346,N,Y,42.3645186,-71.1830361
PAST SALE,October-28-2025,Single Family Residential,15 Hartford Rd,Arlington,MA,02474,1600000,5,3.5,Arlington,2557,8851,1967,,626,,Sold,,,https://www.redfin.com/MA/Arlington/15-Hartford-Rd-02474/home/8434832,MLS PIN,73431777,N,Y,42.4288077,-71.1588463
PAST SALE,July-30-2025,Single Family Residential,22 Yale Rd,Arlington,MA,02474,1010730,3,1.5,Arlington,1152,7954,1954,,877,,Sold,,,https://www.redfin.com/MA/Arlington/22-Yale-Rd-02474/home/8413234,MLS PIN,73396170,N,Y,42.4138644,-71.1378864
PAST SALE,June-24-2025,Single Family Residential,15 Janet Rd,Arlington,MA,02474,1191111,3,1.5,Arlington,1980,6003,1958,,602,,Sold,,,https://www.redfin.com/MA/Arlington/15-Janet-Rd-02474/home/8432335,MLS PIN,73378151,N,Y,42.4259108,-71.164277
PAST SALE,December-30-2025,Condo/Co-op,34 Hamilton Rd #302,Arlington,MA,02474,550000,2,1,Arlington,937,,1985,,587,520,Sold,,,https://www.redfin.com/MA/Arlington/34-Hamilton-Rd-02474/unit-302/home/8406793,MLS PIN,73460159,N,Y,42.4080196,-71.1490685
PAST SALE,May-15-2025,Condo/Co-op,248 Massachusetts Ave #2,Arlington,MA,02474,1350000,3,2.5,Arlington,2010,,2016,,672,385,Sold,,,https://www.redfin.com/MA/Arlington/248-Massachusetts-Ave-02474/unit-2/home/113978010,MLS PIN,73345001,N,Y,42.4072351,-71.1446371
PAST SALE,,Single Family Residential,2 Summer Street Pl,Arlington,MA,02474,716000,3,1.5,,1553,2614,1920,,461,,,,,https://www.redfin.com/MA/Arlington/2-Summer-Street-Pl-02474/home/11774633,,,N,Y,42.4220609,-71.1639365
PAST SALE,,Condo/Co-op,215 Massachusetts Ave #21,Arlington,MA,02474,480000,1,1,,658,,1966,,729,,,,,https://www.redfin.com/MA/Arlington/215-Massachusetts-Ave-02474/unit-21/home/108430269,,,N,Y,42.4063581,-71.1424295
PAST SALE,,Condo/Co-op,81 Maynard St #81,Arlington,MA,02474,960000,3,2,,1590,,1924,,604,,,,,https://www.redfin.com/MA/Arlington/81-Maynard-St-02474/unit-81/home/8466361,,,N,Y,42.4196755,-71.1453915
PAST SALE,October-28-2025,Single Family Residential,15 Hartford Rd,Arlington,MA,02474,1600000,5,3.5,Arlington,2557,8851,1967,,626,,Sold,,,https://www.redfin.com/MA/Arlington/15-Hartford-Rd-02474/home/8434832,MLS PIN,73431777,N,Y,42.4288077,-71.1588463
PAST SALE,July-30-2025,Single Family Residential,22 Yale Rd,Arlington,MA,02474,1010730,3,1.5,Arlington,1152,7954,1954,,877,,Sold,,,https://www.redfin.com/MA/Arlington/22-Yale-Rd-02474/home/8413234,MLS PIN,73396170,N,Y,42.4138644,-71.1378864
PAST SALE,June-24-2025,Single Family Residential,15 Janet Rd,Arlington,MA,02474,1191111,3,1.5,Arlington,1980,6003,1958,,602,,Sold,,,https://www.redfin.com/MA/Arlington/15-Janet-Rd-02474/home/8432335,MLS PIN,73378151,N,Y,42.4259108,-71.164277
PAST SALE,,Single Family Residential,2 Summer Street Pl,Arlington,MA,02474,716000,3,1.5,,1553,2614,1920,,461,,,,,https://www.redfin.com/MA/Arlington/2-Summer-Street-Pl-02474/home/11774633,,,N,Y,42.4220609,-71.1639365
PAST SALE,,Condo/Co-op,81 Maynard St #81,Arlington,MA,02474,960000,3,2,,1590,,1924,,604,,,,,https://www.redfin.com/MA/Arlington/81-Maynard-St-02474/unit-81/home/8466361,,,N,Y,42.4196755,-71.1453915
PAST SALE,December-10-2025,Condo/Co-op,975 Massachusetts Ave #307,Arlington,MA,02476,531000,2,2,Arlington,1092,,1989,,486,413,Sold,,,https://www.redfin.com/MA/Arlington/975-Massachusetts-Ave-02476/unit-307/home/8419112,MLS PIN,73451652,N,Y,42.4195618,-71.1671121
PAST SALE,September-2-2025,Condo/Co-op,23 Oak Knls #23,Arlington,MA,02476,1060000,2,2,Arlington,1548,,1850,,685,200,Sold,,,https://www.redfin.com/MA/Arlington/23-Oak-Knl-02476/unit-23/home/176498406,MLS PIN,73403136,N,Y,42.413513,-71.157983
PAST SALE,January-14-2026,Condo/Co-op,1025 Massachusetts Ave #310,Arlington,MA,02476,1112000,2,2,Arlington Heights,1371,47089,2025,,811,654,Sold,,,https://www.redfin.com/MA/Arlington/1025-Massachusetts-Ave-02476/unit-310/home/194595193,MLS PIN,73332117,N,Y,42.4204059,-71.1692006
PAST SALE,January-8-2026,Condo/Co-op,1025 Massachusetts Ave #505,Arlington,MA,02476,719000,1,1,Arlington,781,47089,2025,,921,373,Sold,,,https://www.redfin.com/MA/Arlington/1025-Massachusetts-Ave-02476/unit-505/home/190782659,MLS PIN,73237167,N,Y,42.4204059,-71.1692006
PAST SALE,January-6-2026,Condo/Co-op,1025 Massachusetts Ave #410,Arlington,MA,02476,1061775,2,2,Arlington Heights,1312,47089,2025,,809,626,Sold,,,https://www.redfin.com/MA/Arlington/1025-Massachusetts-Ave-02476/unit-410/home/194595194,MLS PIN,73332118,N,Y,42.4204059,-71.1692006
PAST SALE,December-10-2025,Condo/Co-op,975 Massachusetts Ave #307,Arlington,MA,02476,531000,2,2,Arlington,1092,,1989,,486,413,Sold,,,https://www.redfin.com/MA/Arlington/975-Massachusetts-Ave-02476/unit-307/home/8419112,MLS PIN,73451652,N,Y,42.4195618,-71.1671121
PAST SALE,September-2-2025,Condo/Co-op,23 Oak Knls #23,Arlington,MA,02476,1060000,2,2,Arlington,1548,,1850,,685,200,Sold,,,https://www.redfin.com/MA/Arlington/23-Oak-Knl-02476/unit-23/home/176498406,MLS PIN,73403136,N,Y,42.413513,-71.157983
PAST SALE,January-6-2026,Condo/Co-op,1025 Massachusetts Ave #410,Arlington,MA,02476,1061775,2,2,Arlington Heights,1312,47089,2025,,809,626,Sold,,,https://www.redfin.com/MA/Arlington/1025-Massachusetts-Ave-02476/unit-410/home/194595194,MLS PIN,73332118,N,Y,42.4204059,-71.1692006
PAST SALE,January-14-2026,Condo/Co-op,1025 Massachusetts Ave #310,Arlington,MA,02476,1112000,2,2,Arlington Heights,1371,47089,2025,,811,654,Sold,,,https://www.redfin.com/MA/Arlington/1025-Massachusetts-Ave-02476/unit-310/home/194595193,MLS PIN,73332117,N,Y,42.4204059,-71.1692006
PAST SALE,January-8-2026,Condo/Co-op,1025 Massachusetts Ave #505,Arlington,MA,02476,719000,1,1,Arlington,781,47089,2025,,921,373,Sold,,,https://www.redfin.com/MA/Arlington/1025-Massachusetts-Ave-02476/unit-505/home/190782659,MLS PIN,73237167,N,Y,42.4204059,-71.1692006
PAST SALE,January-13-2026,Condo/Co-op,1025 Massachusetts Ave #402,Arlington,MA,02476,1025000,2,2,Arlington,1216,47089,2025,,843,580,Sold,,,https://www.redfin.com/MA/Arlington/1025-Massachusetts-Ave-02476/unit-402/home/193528826,MLS PIN,73312828,N,Y,42.4204059,-71.1692006
PAST SALE,January-12-2026,Condo/Co-op,1025 Massachusetts Ave #311,Arlington,MA,02476,1125600,2,2,Arlington,1405,47089,2025,,801,670,Sold,,,https://www.redfin.com/MA/Arlington/1025-Massachusetts-Ave-02476/unit-311/home/193528964,MLS PIN,73312829,N,Y,42.4204059,-71.1692006
PAST SALE,April-16-2025,Single Family Residential,111 Dow Ave,Arlington,MA,02476,900000,3,1.5,Arlington,1970,8533,1960,,457,,Sold,,,https://www.redfin.com/MA/Arlington/111-Dow-Ave-02476/home/8464316,MLS PIN,73349021,N,Y,42.4171133,-71.1909799
PAST SALE,January-12-2026,Condo/Co-op,1025 Massachusetts Ave #209,Arlington,MA,02476,1060000,2,2,Arlington,1214,47089,2025,,873,579,Sold,,,https://www.redfin.com/MA/Arlington/1025-Massachusetts-Ave-02476/unit-209/home/193528825,MLS PIN,73312821,N,Y,42.4204059,-71.1692006
PAST SALE,January-5-2026,Condo/Co-op,1025 Massachusetts Ave #507,Arlington,MA,02476,1000000,2,2,Arlington,1175,47089,2025,,851,561,Sold,,,https://www.redfin.com/MA/Arlington/1025-Massachusetts-Ave-02476/unit-507/home/190614006,MLS PIN,73229575,N,Y,42.4204059,-71.1692006
PAST SALE,January-6-2026,Condo/Co-op,1025 Massachusetts Ave #302,Arlington,MA,02476,1025000,2,2,Arlington Heights,1245,47089,2025,,823,594,Sold,,,https://www.redfin.com/MA/Arlington/1025-Massachusetts-Ave-02476/unit-302/home/191427763,MLS PIN,73258368,N,Y,42.4204059,-71.1692006
PAST SALE,January-29-2026,Condo/Co-op,1025 Massachusetts Ave #205,Arlington,MA,02476,1075250,2,2,Arlington Heights,1338,47089,2025,,804,638,Sold,,,https://www.redfin.com/MA/Arlington/1025-Massachusetts-Ave-02476/unit-205/home/198809800,MLS PIN,73448645,N,Y,42.4203889,-71.1689421
PAST SALE,,Condo/Co-op,10 Leslie Rd #10,Belmont,MA,02478,900000,3,2,,1755,,1924,,513,,,,,https://www.redfin.com/MA/Belmont/10-Leslie-Rd-02478/unit-10/home/11375091,,,N,Y,42.3881086,-71.1799706
PAST SALE,April-4-2025,Single Family Residential,28 Mansfield Rd,Wellesley,MA,02481,2065000,5,4.5,Wellesley,3238,15490,1950,,638,,Sold,,,https://www.redfin.com/MA/Wellesley/28-Mansfield-Rd-02481/home/8992087,MLS PIN,73355213,N,Y,42.3074879,-71.3060967
PAST SALE,May-2-2025,Single Family Residential,229 Bristol Rd,Wellesley,MA,02481,3400000,4,4.5,Cliff Estates,5000,20007,2016,,680,,Sold,,,https://www.redfin.com/MA/Wellesley/229-Bristol-Rd-02481/home/8990190,MLS PIN,73354421,N,Y,42.3110999,-71.3012713
PAST SALE,September-3-2025,Single Family Residential,53 Abbott Rd,Wellesley,MA,02481,2300000,3,2.5,Country Club Neighborhood,4158,57011,1902,,553,,Sold,,,https://www.redfin.com/MA/Wellesley/53-Abbott-Rd-02481/home/11726641,MLS PIN,73426838,N,Y,42.3076263,-71.2726311
PAST SALE,September-3-2025,Single Family Residential,53 Abbott Rd,Wellesley,MA,02481,2300000,3,2.5,Country Club Neighborhood,4158,57011,1902,,553,,Sold,,,https://www.redfin.com/MA/Wellesley/53-Abbott-Rd-02481/home/11726641,MLS PIN,73426838,N,Y,42.3076263,-71.2726311
PAST SALE,May-2-2025,Single Family Residential,229 Bristol Rd,Wellesley,MA,02481,3400000,4,4.5,Cliff Estates,5000,20007,2016,,680,,Sold,,,https://www.redfin.com/MA/Wellesley/229-Bristol-Rd-02481/home/8990190,MLS PIN,73354421,N,Y,42.3110999,-71.3012713
PAST SALE,April-4-2025,Single Family Residential,28 Mansfield Rd,Wellesley,MA,02481,2065000,5,4.5,Wellesley,3238,15490,1950,,638,,Sold,,,https://www.redfin.com/MA/Wellesley/28-Mansfield-Rd-02481/home/8992087,MLS PIN,73355213,N,Y,42.3074879,-71.3060967
PAST SALE,July-10-2025,Single Family Residential,10 Lanark Rd,Wellesley,MA,02481,4400000,6,3.5,Wellesley Farms,6996,24930,1932,,629,,Sold,,,https://www.redfin.com/MA/Wellesley/10-Lanark-Rd-02481/home/8976182,MLS PIN,73345077,N,Y,42.3178296,-71.279595
PAST SALE,May-8-2025,Single Family Residential,32 Rockland St,Wellesley,MA,02481,775000,3,1.5,Wellesley,1798,11675,1963,,431,,Sold,,,https://www.redfin.com/MA/Wellesley/32-Rockland-St-02481/home/8976341,MLS PIN,73353888,N,Y,42.3106385,-71.2797879
PAST SALE,February-27-2025,Single Family Residential,24 Arnold Rd,Wellesley,MA,02481,2535000,3,2.5,Cliff Estates,3691,32860,1940,,687,,Sold,,,https://www.redfin.com/MA/Wellesley/24-Arnold-Rd-02481/home/8979177,MLS PIN,73327189,N,Y,42.3106071,-71.2848921
PAST SALE,November-17-2025,Single Family Residential,28 Wall St,Wellesley,MA,02481,2895000,5,4.5,Wellesley,3706,10000,1941,,781,,Sold,,,https://www.redfin.com/MA/Wellesley/28-Wall-St-02481/home/8983396,MLS PIN,73424748,N,Y,42.3047925,-71.2885577
PAST SALE,September-3-2025,Single Family Residential,28 Cunningham Rd,Wellesley,MA,02481,1420000,3,2.5,Wellesley,2118,5854,1927,,670,,Sold,,,https://www.redfin.com/MA/Wellesley/28-Cunningham-Rd-02481/home/11724755,MLS PIN,73400131,N,Y,42.3123889,-71.2670273
PAST SALE,May-22-2025,Single Family Residential,10 Springdale Ave,Wellesley,MA,02481,1725000,4,2.5,Wellesley Farms,2255,15492,1927,,765,,Sold,,,https://www.redfin.com/MA/Wellesley/10-Springdale-Ave-02481/home/8969893,MLS PIN,73347614,N,Y,42.3225568,-71.2667025
PAST SALE,May-9-2025,Single Family Residential,77 Arnold Rd,Wellesley,MA,02481,2600000,4,3.5,Wellesley Hills,3266,51052,1935,,796,,Sold,,,https://www.redfin.com/MA/Wellesley/77-Arnold-Rd-02481/home/8979054,MLS PIN,73357718,N,Y,42.3132365,-71.2867131
PAST SALE,July-25-2025,Condo/Co-op,100 Linden St Unit 101,Wellesley,MA,02482,2925000,2,2.5,Wellesley,2160,,2024,,1354,2068,Sold,,,https://www.redfin.com/MA/Wellesley/100-Linden-St-02482/unit-101/home/189335107,MLS PIN,73410164,N,Y,42.2985911,-71.2951665
PAST SALE,July-25-2025,Condo/Co-op,100 Linden St Unit 101,Wellesley,MA,02482,2925000,2,2.5,Wellesley,2160,,2024,,1354,2068,Sold,,,https://www.redfin.com/MA/Wellesley/100-Linden-St-02482/unit-101/home/189335107,MLS PIN,73410164,N,Y,42.2985911,-71.2951665
PAST SALE,March-7-2025,Vacant Land,22-24 Edgemoor Ave,Wellesley,MA,02482,800000,,,Wellesley,,14366,,,,,Sold,,,https://www.redfin.com/MA/Wellesley/22-Edgemoor-Ave-02482/home/194354628,MLS PIN,73327221,N,Y,42.3073902,-71.3272631
PAST SALE,August-18-2025,Single Family Residential,25 Bryn Mawr Rd,Wellesley,MA,02482,2325000,5,3.5,Hardy,4072,7035,2015,,571,,Sold,,,https://www.redfin.com/MA/Wellesley/25-Bryn-Mawr-Rd-02482/home/8999115,MLS PIN,73405220,N,Y,42.309734,-71.3189952
PAST SALE,April-3-2025,Single Family Residential,10 Livingston Rd,Wellesley,MA,02482,3831000,5,5.5,Dana Hall,4863,42843,1988,,788,,Sold,,,https://www.redfin.com/MA/Wellesley/10-Livingston-Rd-02482/home/11725558,MLS PIN,73339644,N,Y,42.282905,-71.2899961
PAST SALE,April-23-2025,Single Family Residential,4 Stevens Rd,Wellesley,MA,02482,2000000,3,2.5,Wellesley,2521,18750,1966,,793,,Sold,,,https://www.redfin.com/MA/Wellesley/4-Stevens-Rd-02482/home/9000177,MLS PIN,73341375,N,Y,42.3067999,-71.3245013
PAST SALE,May-12-2025,Single Family Residential,26 Cottage St,Wellesley,MA,02482,2550000,5,3.5,Dana Hall,3468,9518,1871,,735,,Sold,,,https://www.redfin.com/MA/Wellesley/26-Cottage-St-02482/home/8986269,MLS PIN,73356755,N,Y,42.2910436,-71.2932002
PAST SALE,May-16-2025,Single Family Residential,5 Sabrina Rd,Wellesley,MA,02482,4212500,7,7.5,Dana Hall,7000,41179,2000,,602,,Sold,,,https://www.redfin.com/MA/Wellesley/5-Sabrina-Rd-02482/home/11725550,MLS PIN,73342045,N,Y,42.2800958,-71.2909401
PAST SALE,June-6-2025,Condo/Co-op,85 Grove St #408,Wellesley,MA,02482,1568000,2,2,Wellesley,1564,,1973,,1003,1465,Sold,,,https://www.redfin.com/MA/Wellesley/85-Grove-St-02482/unit-408/home/12424523,MLS PIN,73367833,N,Y,42.2930691,-71.2919838
PAST SALE,October-15-2025,Single Family Residential,2 Kenilworth Rd,Wellesley,MA,02482,3100000,5,3.5,Dana Hall,4375,32500,1936,,709,,Sold,,,https://www.redfin.com/MA/Wellesley/2-Kenilworth-Rd-02482/home/8983990,MLS PIN,73419087,N,Y,42.2845011,-71.2877689
PAST SALE,June-30-2025,Single Family Residential,65 Farley Pond Ln,Needham,MA,02492,2050000,4,4,Needham,3094,43691,1985,,663,,Sold,,,https://www.redfin.com/MA/Needham/65-Farley-Pond-Ln-02492/home/8941018,MLS PIN,73375358,N,Y,42.26531,-71.2427345
PAST SALE,June-26-2025,Single Family Residential,123 Lawton Rd,Needham,MA,02492,3310000,6,6.5,Birds Hill,5682,11313,2024,,583,,Sold,,,https://www.redfin.com/MA/Needham/123-Lawton-Rd-02492/home/195547138,MLS PIN,73365763,N,Y,42.2694741,-71.2110221
PAST SALE,July-11-2025,Single Family Residential,56 Laurel Dr,Needham,MA,02492,1612000,4,3.5,Laurel Drive,3460,8712,1928,,466,,Sold,,,https://www.redfin.com/MA/Needham/56-Laurel-Dr-02492/home/11714314,MLS PIN,73376258,N,Y,42.2719809,-71.2321305
PAST SALE,January-9-2026,Single Family Residential,78 Pheasant Landing Rd,Needham,MA,02492,5489000,7,7,Needham,8257,44867,2018,,665,,Sold,,,https://www.redfin.com/MA/Needham/78-Pheasant-Landing-Rd-02492/home/160449987,MLS PIN,73425264,N,Y,42.2734733,-71.2822704
PAST SALE,May-19-2025,Townhouse,12 Denmark Ln #12,Needham,MA,02492,860000,2,2.5,Needham,1640,,1981,,524,652,Sold,,,https://www.redfin.com/MA/Needham/12-Denmark-Ln-02492/unit-12/home/113224991,MLS PIN,73356907,N,Y,42.2796802,-71.2386287
PAST SALE,June-30-2025,Single Family Residential,65 Farley Pond Ln,Needham,MA,02492,2050000,4,4,Needham,3094,43691,1985,,663,,Sold,,,https://www.redfin.com/MA/Needham/65-Farley-Pond-Ln-02492/home/8941018,MLS PIN,73375358,N,Y,42.26531,-71.2427345
PAST SALE,September-25-2025,Multi-Family (2-4 Unit),136 Hillside Ave,Needham,MA,02492,1050000,4,2,Needham,1246,10062,1860,,843,,Sold,,,https://www.redfin.com/MA/Needham/136-Hillside-Ave-02494/home/11715116,MLS PIN,73396056,N,Y,42.2967451,-71.2364586
PAST SALE,September-30-2025,Single Family Residential,15 Avalon Rd,Needham,MA,02492,1990000,6,3.5,Needham,3735,14941,1955,,533,,Sold,,,https://www.redfin.com/MA/Needham/15-Avalon-Rd-02492/home/11827710,MLS PIN,73424983,N,Y,42.2776819,-71.2519924
PAST SALE,September-10-2025,Single Family Residential,78 Avon Cir,Needham,MA,02494,3211833,7,8,Needham Heights,7677,10877,2025,,418,,Sold,,,https://www.redfin.com/MA/Needham/78-Avon-Cir-02494/home/195970816,MLS PIN,73383769,N,Y,42.2942179,-71.2209841
PAST SALE,January-5-2026,Vacant Land,39 Mark Lee Rd,Needham,MA,02494,1100000,,,Needham,,10759,,,,,Sold,,,https://www.redfin.com/MA/Needham/39-Mark-Lee-Rd-02494/home/8920018,MLS PIN,73461595,N,Y,42.2944644,-71.2339484
PAST SALE,January-5-2026,Vacant Land,39 Mark Lee Rd,Needham,MA,02494,1100000,,,Needham,,10759,,,,,Sold,,,https://www.redfin.com/MA/Needham/39-Mark-Lee-Rd-02494/home/8920018,MLS PIN,73461595,N,Y,42.2944644,-71.2339484
PAST SALE,September-10-2025,Single Family Residential,78 Avon Cir,Needham,MA,02494,3211833,7,8,Needham Heights,7677,10877,2025,,418,,Sold,,,https://www.redfin.com/MA/Needham/78-Avon-Cir-02494/home/195970816,MLS PIN,73383769,N,Y,42.2942179,-71.2209841
PAST SALE,April-25-2025,Single Family Residential,48 Richdale Rd,Needham,MA,02494,2550000,4,4.5,Needham,6509,10237,2008,,392,,Sold,,,https://www.redfin.com/MA/Needham/48-Richdale-Rd-02494/home/8918524,MLS PIN,73353313,N,Y,42.293638,-71.2241716
PAST SALE,August-1-2025,Single Family Residential,104 Pine Grove St,Needham,MA,02494,1825000,5,3,Needham Heights,3004,10716,2001,,608,,Sold,,,https://www.redfin.com/MA/Needham/104-Pine-Grove-St-02494/home/11715125,MLS PIN,73381863,N,Y,42.3000771,-71.2399269
PAST SALE,September-17-2025,Single Family Residential,30 Cheswick,Auburndale,MA,02466,2275000,5,4.5,Newton,3500,62076,1913,,650,,Sold,,,https://www.redfin.com/MA/Auburndale/30-Cheswick-Rd-02466/home/11439954,MLS PIN,73401655,N,Y,42.3421412,-71.2417414
PAST SALE,August-14-2025,Single Family Residential,29 Gambier St,Auburndale,MA,02466,2875000,5,5.5,Auburndale,5439,11092,2022,,529,,Sold,,,https://www.redfin.com/MA/Auburndale/29-Gambier-St-02466/home/11442894,MLS PIN,73397047,Y,Y,42.3513528,-71.2396269
PAST SALE,November-26-2025,Single Family Residential,157 Stanton Ave,Auburndale,MA,02466,1100000,4,2,Auburndale,1250,10950,1950,,880,,Sold,,,https://www.redfin.com/MA/Auburndale/157-Stanton-Ave-02466/home/11441387,MLS PIN,73449455,N,Y,42.3345905,-71.242645
PAST SALE,June-13-2025,Single Family Residential,21 Edgewater Park,Auburndale,MA,02466,1118000,3,1,Auburndale,1425,7165,1950,,785,,Sold,,,https://www.redfin.com/MA/Auburndale/21-Edgewater-Park-02466/home/11437096,MLS PIN,73347124,N,Y,42.352693,-71.2518362
PAST SALE,June-6-2025,Single Family Residential,47 Woodland Rd,Auburndale,MA,02466,1964000,5,3.5,Historic Auburndale,2880,11711,1927,,682,,Sold,,,https://www.redfin.com/MA/Auburndale/47-Woodland-Rd-02466/home/11440508,MLS PIN,73354170,N,Y,42.3438816,-71.2511209
PAST SALE,June-25-2025,Single Family Residential,5 Ionia St,Auburndale,MA,02466,1565000,3,1.5,Newton,2330,8233,1923,,672,,Sold,,,https://www.redfin.com/MA/Auburndale/5-Ionia-St-02466/home/11443712,MLS PIN,73371040,N,Y,42.3500752,-71.2448245
PAST SALE,August-1-2025,Townhouse,7 Johnson Pl #7,Auburndale,MA,02466,1750000,5,4.5,Auburndale,3980,10000,2024,,440,265,Sold,,,https://www.redfin.com/MA/Auburndale/7-Johnson-Pl-02466/unit-7/home/191541754,MLS PIN,73389991,N,Y,42.3444354,-71.2543413
PAST SALE,September-22-2025,Townhouse,2267 Commonwealth Ave #2267,Auburndale,MA,02466,770000,2,2.5,Newton,2022,101542,1979,,381,445,Sold,,,https://www.redfin.com/MA/Auburndale/2267-Commonwealth-Ave-02466/unit-2267/home/11436795,MLS PIN,73417608,N,Y,42.3472986,-71.2552906
PAST SALE,July-14-2025,Townhouse,27 Johnson Pl #27,Auburndale,MA,02466,1835000,5,4.5,Auburndale,4000,,2024,,459,265,Sold,,,https://www.redfin.com/MA/Auburndale/27-Johnson-Pl-02466/unit-27/home/192618563,MLS PIN,73389059,N,Y,42.3441386,-71.2545206
PAST SALE,June-18-2025,Single Family Residential,18 Groveland St,Auburndale,MA,02466,1750000,4,3.5,Auburndale,3128,11260,1914,,559,,Sold,,,https://www.redfin.com/MA/Auburndale/18-Groveland-St-02466/home/11440291,MLS PIN,73357052,N,Y,42.3437615,-71.2459539
PAST SALE,May-19-2025,Single Family Residential,132 Windermere Rd,Auburndale,MA,02466,1840000,5,3.5,Newton,2880,9322,1915,,639,,Sold,,,https://www.redfin.com/MA/Auburndale/132-Windermere-Rd-02466/home/11439900,MLS PIN,73338590,N,Y,42.3409354,-71.2406734
PAST SALE,May-8-2025,Single Family Residential,54 Day St,Auburndale,MA,02466,2610000,5,4.5,Auburndale,3844,18620,1929,,679,,Sold,,,https://www.redfin.com/MA/Auburndale/54-Day-St-02466/home/11441442,MLS PIN,73350373,N,Y,42.338543,-71.2376195
PAST SALE,April-4-2025,Townhouse,83 Staniford St #7,Auburndale,MA,02466,855000,2,1.5,Auburndale,1314,,1984,,651,630,Sold,,,https://www.redfin.com/MA/Auburndale/83-Staniford-St-02466/unit-7/home/11437548,MLS PIN,73338735,N,Y,42.3535883,-71.2492665
PAST SALE,May-16-2025,Townhouse,75 Bourne St #75,Auburndale,MA,02466,1599000,4,4,Newton,4000,11375,2011,,400,125,Sold,,,https://www.redfin.com/MA/Auburndale/75-Bourne-St-02466/unit-75/home/40013173,MLS PIN,73356098,N,Y,42.3453398,-71.2552978
PAST SALE,August-26-2025,Single Family Residential,21 Studio Rd,Auburndale,MA,02466,1410000,4,2.5,Auburndale,2100,17010,1841,,671,,Sold,,,https://www.redfin.com/MA/Auburndale/21-Studio-Rd-02466/home/11495767,MLS PIN,73385785,N,Y,42.3405104,-71.2430728
PAST SALE,July-10-2025,Single Family Residential,57 Freeman St,Auburndale,MA,02466,950000,3,1.5,Auburndale,1314,6736,1932,,723,,Sold,,,https://www.redfin.com/MA/Auburndale/57-Freeman-St-02466/home/11437277,MLS PIN,73373906,N,Y,42.3519718,-71.2473894
PAST SALE,July-7-2025,Townhouse,19 Johnson Pl #19,Auburndale,MA,02466,1780000,5,4.5,Auburndale,4103,,2024,,434,317,Sold,,,https://www.redfin.com/MA/Auburndale/19-Johnson-Pl-02466/unit-19/home/193366030,MLS PIN,73391570,N,Y,42.3443708,-71.2542172
PAST SALE,April-22-2025,Single Family Residential,47 Hancock St,Auburndale,MA,02466,1468000,4,2.5,Auburndale,2219,7016,1855,,662,,Sold,,,https://www.redfin.com/MA/Auburndale/47-Hancock-St-02466/home/11440466,MLS PIN,73344429,N,Y,42.3447382,-71.2499879
PAST SALE,,Vacant Land,219 Melrose St #219,Auburndale,MA,02466,2172600,,,,,16553,,,,,,,,https://www.redfin.com/MA/Auburndale/219-Melrose-St-02466/unit-219/home/11436423,,,N,Y,42.3489495,-71.2497785
PAST SALE,December-19-2025,Townhouse,62-64 Rowe St Unit B,Auburndale,MA,02466,751000,2,1.5,Auburndale,1425,,1925,,527,220,Sold,,,https://www.redfin.com/MA/Auburndale/62-Rowe-St-02466/unit-B/home/198873547,MLS PIN,73451590,N,Y,42.3480586,-71.2411006
PAST SALE,March-10-2025,Single Family Residential,70 Windermere Rd,Auburndale,MA,02466,2305000,5,3.5,Newton,3866,10700,1958,,596,,Sold,,,https://www.redfin.com/MA/Auburndale/70-Windermere-Rd-02466/home/11439736,MLS PIN,73332902,N,Y,42.3422847,-71.2394788
PAST SALE,June-18-2025,Single Family Residential,15 Oakwood Rd,Auburndale,MA,02466,1610000,4,2.5,Auburndale,2897,11761,1927,,556,,Sold,,,https://www.redfin.com/MA/Auburndale/15-Oakwood-Rd-02466/home/11440614,MLS PIN,73367013,N,Y,42.3414795,-71.2534219
PAST SALE,February-11-2026,Townhouse,1766 Commonwealth Ave #1766,Auburndale,MA,02466,1525000,4,3.5,Newton,3369,,1938,,453,200,Sold,,,https://www.redfin.com/MA/Auburndale/1766-Commonwealth-Ave-02466/unit-1766/home/189835827,MLS PIN,73466181,N,Y,42.3411716,-71.2393279
PAST SALE,May-6-2025,Single Family Residential,25 Duffield Rd,Auburndale,MA,02466,1250000,4,1.5,Auburndale,1446,14218,1907,,864,,Sold,,,https://www.redfin.com/MA/Auburndale/25-Duffield-Rd-02466/home/11436693,MLS PIN,73347764,N,Y,42.3497996,-71.2544634
PAST SALE,August-5-2025,Single Family Residential,91 Freeman St,Auburndale,MA,02466,810000,2,1,Auburndale,1056,7170,1870,,767,,Sold,,,https://www.redfin.com/MA/Auburndale/91-Freeman-St-02466/home/11436204,MLS PIN,73392927,N,Y,42.3508016,-71.2480827
PAST SALE,September-11-2025,Townhouse,21 Johnson Pl #21,Auburndale,MA,02466,1800000,5,4.5,Auburndale,4362,10000,2024,,413,317,Sold,,,https://www.redfin.com/MA/Auburndale/21-Johnson-Pl-02466/unit-21/home/193643444,MLS PIN,73390256,N,Y,42.3443086,-71.2544006
PAST SALE,November-4-2025,Single Family Residential,97 Hawthorne Ave,Auburndale,MA,02466,702000,3,1,Auburndale,1212,6000,1880,,579,,Sold,,,https://www.redfin.com/MA/Auburndale/97-Hawthorne-Ave-02466/home/11441590,MLS PIN,73436798,N,Y,42.339259,-71.2474717
PAST SALE,May-27-2025,Single Family Residential,26 Holman Rd,Auburndale,MA,02466,1750000,4,3,Auburndale,2959,9063,1930,,591,,Sold,,,https://www.redfin.com/MA/Auburndale/26-Holman-Rd-02466/home/11441252,MLS PIN,73360574,N,Y,42.3380886,-71.2393727
PAST SALE,May-16-2025,Single Family Residential,211 Grove St,Auburndale,MA,02466,1510000,3,2.5,Auburndale,2084,7410,1941,,725,,Sold,,,https://www.redfin.com/MA/Auburndale/211-Grove-St-02466/home/11440748,MLS PIN,73347698,N,Y,42.3402221,-71.2510969
PAST SALE,May-22-2025,Single Family Residential,5 Bencliffe Cir,Auburndale,MA,02466,1142500,3,3,Newton,1822,4915,1950,,627,,Sold,,,https://www.redfin.com/MA/Auburndale/5-Bencliffe-Cir-02466/home/11437139,MLS PIN,73360455,N,Y,42.3512918,-71.2502702
PAST SALE,July-22-2025,Single Family Residential,27 Central Ter,Auburndale,MA,02466,1250000,4,2.5,Auburndale,2352,6690,1906,,531,,Sold,,,https://www.redfin.com/MA/Auburndale/27-Central-Ter-02466/home/11440331,MLS PIN,73381473,N,Y,42.3449911,-71.2477359
PAST SALE,April-3-2025,Single Family Residential,174 Auburn St,Auburndale,MA,02466,1885000,5,4,Auburndale,3411,10400,1920,,553,,Sold,,,https://www.redfin.com/MA/Auburndale/174-Auburn-St-02466/home/11440026,MLS PIN,73341428,N,Y,42.3449663,-71.2424515
PAST SALE,July-2-2025,Single Family Residential,85 Kingswood Rd,Auburndale,MA,02466,2700000,3,2.5,Newton,2643,19482,1935,,1022,,Sold,,,https://www.redfin.com/MA/Auburndale/85-Kingswood-Rd-02466/home/11436969,MLS PIN,73364398,N,Y,42.3541783,-71.2539628
PAST SALE,October-10-2025,Single Family Residential,100 Central St,Auburndale,MA,02466,1310000,3,2,Auburndale,1949,11040,1986,,672,,Sold,,,https://www.redfin.com/MA/Auburndale/100-Central-St-02466/home/11440229,MLS PIN,73424941,N,Y,42.3447961,-71.2455721
PAST SALE,October-8-2025,Single Family Residential,15 Freeman St,Auburndale,MA,02466,1630000,3,2.5,Auburndale,2013,10970,1933,,810,,Sold,,,https://www.redfin.com/MA/Auburndale/15-Freeman-St-02466/home/11437253,MLS PIN,73425401,N,Y,42.3533285,-71.2469342
PAST SALE,April-14-2025,Single Family Residential,23 Staniford St,Auburndale,MA,02466,2140000,4,4.5,Auburndale,3563,11534,2024,,601,,Sold,,,https://www.redfin.com/MA/Auburndale/23-Staniford-St-02466/home/194772289,MLS PIN,73339599,N,Y,42.3539752,-71.2459554
PAST SALE,July-22-2025,Townhouse,230 Auburn St #230,Auburndale,MA,02466,2100000,4,4.5,Newton,4700,,2025,,447,346,Sold,,,https://www.redfin.com/MA/Auburndale/230-Auburn-St-02466/unit-230/home/195981131,MLS PIN,73384925,N,Y,42.3456386,-71.2448184
PAST SALE,October-30-2025,Single Family Residential,153 Hancock St,Auburndale,MA,02466,1620000,3,3,"Lasell, Auburndale LHD",2502,13030,1880,,647,,Sold,,,https://www.redfin.com/MA/Auburndale/153-Hancock-St-02466/home/11495737,MLS PIN,73411561,N,Y,42.341129,-71.2514222
PAST SALE,November-13-2025,Townhouse,179 Auburn St Unit -,Auburndale,MA,02466,825000,3,2.5,Auburndale,1238,24394,1987,,666,389,Sold,,,https://www.redfin.com/MA/Auburndale/179-Auburn-St-02466/home/11440106,MLS PIN,73429916,N,Y,42.3453986,-71.2423106
PAST SALE,July-11-2025,Multi-Family (2-4 Unit),109 Auburn St & 0 Normandy Rd,Auburndale,MA,02466,1410000,4,2,Auburndale,2496,5050,1925,,565,,Sold,,,https://www.redfin.com/MA/Auburndale/0-Normandy-Rd-02466/home/195510278,MLS PIN,73363403,N,Y,42.344514,-71.2398803
PAST SALE,September-10-2025,Townhouse,160 Pine St #26,Auburndale,MA,02466,939000,3,2.5,Auburndale,2330,,1985,,403,711,Sold,,,https://www.redfin.com/MA/Auburndale/160-Pine-St-02466/unit-26/home/11442804,MLS PIN,73410767,N,Y,42.351724,-71.240969
PAST SALE,July-17-2025,Single Family Residential,74 West Pine St,Auburndale,MA,02466,2300000,5,5.5,Auburndale,4877,11000,1890,,472,,Sold,,,https://www.redfin.com/MA/Auburndale/74-W-Pine-St-02466/home/11437110,MLS PIN,73339049,N,Y,42.3523869,-71.2504414
PAST SALE,November-20-2025,Single Family Residential,163 Day St,Auburndale,MA,02466,955000,3,1.5,Auburndale,1380,7820,1939,,692,,Sold,,,https://www.redfin.com/MA/Auburndale/163-Day-St-02466/home/11441317,MLS PIN,73439074,N,Y,42.337838,-71.2405525
PAST SALE,June-4-2025,Single Family Residential,99 Crescent St,Auburndale,MA,02466,2600000,5,5,Auburndale,4284,9081,2025,,607,,Sold,,,https://www.redfin.com/MA/Auburndale/99-Crescent-St-02466/home/11439455,MLS PIN,73347634,N,Y,42.346104,-71.2388659
PAST SALE,August-14-2025,Condo/Co-op,19 Woodbine St Unit B,Auburndale,MA,02466,961500,3,2,Auburndale,1519,14000,1874,,633,495,Sold,,,https://www.redfin.com/MA/Auburndale/19-Woodbine-St-02466/unit-B/home/11502158,MLS PIN,73385181,N,Y,42.3464989,-71.2517487
PAST SALE,July-31-2025,Single Family Residential,25 Day St,Auburndale,MA,02466,1614500,3,2.5,Newton,2155,7700,1930,,749,,Sold,,,https://www.redfin.com/MA/Auburndale/25-Day-St-02466/home/11441152,MLS PIN,73382540,N,Y,42.339442,-71.2381909
PAST SALE,September-25-2025,Single Family Residential,18 Day St,Auburndale,MA,02466,1450000,3,2.5,Newton,2717,6090,1942,,534,,Sold,,,https://www.redfin.com/MA/Auburndale/18-Day-St-02466/home/11441457,MLS PIN,73411416,N,Y,42.3395907,-71.2376916
PAST SALE,May-21-2025,Single Family Residential,243 Islington Rd,Auburndale,MA,02466,1897000,4,3.5,Islington,3945,8910,1939,,481,,Sold,,,https://www.redfin.com/MA/Auburndale/243-Islington-Rd-02466/home/11437033,MLS PIN,73353537,N,Y,42.351619,-71.2566922
PAST SALE,July-21-2025,Single Family Residential,2171 Commonwealth Ave,Auburndale,MA,02466,1952000,6,5.5,Auburndale,3039,20952,1965,,642,,Sold,,,https://www.redfin.com/MA/Auburndale/2171-Commonwealth-Ave-02466/home/11436450,MLS PIN,73382284,N,Y,42.3482414,-71.2512075
PAST SALE,July-30-2025,Single Family Residential,17 Staniford St,Auburndale,MA,02466,2115000,4,3.5,Auburndale,3628,13832,2025,,583,,Sold,,,https://www.redfin.com/MA/Auburndale/17-Staniford-St-02466/home/11437487,MLS PIN,73374530,N,Y,42.3542371,-71.2458261
PAST SALE,November-20-2025,Single Family Residential,39 Hawthorne Ave,Auburndale,MA,02466,3215000,6,4.5,Auburndale,5019,9855,1830,,641,,Sold,,,https://www.redfin.com/MA/Auburndale/39-Hawthorne-Ave-02466/home/11440931,MLS PIN,73417170,N,Y,42.3410983,-71.2460596
PAST SALE,August-13-2025,Single Family Residential,65 Grove St,Auburndale,MA,02466,1450000,3,2.5,Auburndale,2286,18365,1930,,634,,Sold,,,https://www.redfin.com/MA/Auburndale/65-Grove-St-02466/home/11440359,MLS PIN,73399056,N,Y,42.344312,-71.2478598
PAST SALE,November-4-2025,Single Family Residential,219 Melrose St #1,Newton,MA,02466,2172600,4,5.5,Newton,4397,16730,2024,,494,,Sold,,,https://www.redfin.com/MA/Newton/219-Melrose-ST-02446/unit-1/home/184815594,MLS PIN,73241711,N,Y,42.348956,-71.249741
PAST SALE,September-10-2025,Townhouse,160 Pine St #10,Auburndale,MA,02466,851000,2,3,Newton,2280,,1986,,373,1042,Sold,,,https://www.redfin.com/MA/Auburndale/160-Pine-St-02466/unit-10/home/11442757,MLS PIN,73405949,N,Y,42.351724,-71.240969
PAST SALE,May-1-2025,Single Family Residential,40 Central Ter,Auburndale,MA,02466,1799000,5,3,Auburndale,3024,6624,1911,,595,,Sold,,,https://www.redfin.com/MA/Auburndale/40-Central-Ter-02466/home/11440428,MLS PIN,73347713,N,Y,42.3450086,-71.247118
PAST SALE,July-17-2025,Single Family Residential,210 Melrose St,Auburndale,MA,02466,1881500,4,2,Auburndale,2828,15600,1890,,665,,Sold,,,https://www.redfin.com/MA/Auburndale/210-Melrose-St-02466/home/11436277,MLS PIN,73387352,N,Y,42.3493058,-71.2487638
PAST SALE,July-31-2025,Single Family Residential,218 Melrose St,Auburndale,MA,02466,1980218,4,2.5,Auburndale,2612,15600,1865,,758,,Sold,,,https://www.redfin.com/MA/Auburndale/218-Melrose-St-02466/home/11495321,MLS PIN,73376718,N,Y,42.3490815,-71.2487335
PAST SALE,July-21-2025,Single Family Residential,31 Chaske Ave,Auburndale,MA,02466,850000,5,2.5,Auburndale,2400,5000,1960,,354,,Sold,,,https://www.redfin.com/MA/Auburndale/31-Chaske-Ave-02466/home/11437198,MLS PIN,73366010,N,Y,42.3511125,-71.2507811
PAST SALE,August-7-2025,Single Family Residential,304 Islington Rd,Auburndale,MA,02466,1300000,4,1.5,Islington Penninsula,2115,27518,1947,,615,,Sold,,,https://www.redfin.com/MA/Auburndale/304-Islington-Rd-02466/home/11437053,MLS PIN,73374661,N,Y,42.3521633,-71.2560397
PAST SALE,August-22-2025,Townhouse,2202 Commonwealth Ave #4,Auburndale,MA,02466,1549500,4,4,Auburndale,2311,13696,2025,,670,400,Sold,,,https://www.redfin.com/MA/Auburndale/2202-Commonwealth-Ave-02466/unit-4/home/195937162,MLS PIN,73381431,N,Y,42.3470534,-71.2518894
PAST SALE,July-18-2025,Multi-Family (2-4 Unit),17-19 Maple St,Auburndale,MA,02466,1350000,5,3,Newton,3782,7150,1900,,357,,Sold,,,https://www.redfin.com/MA/Auburndale/17-19-Maple-St-02466/home/195925680,MLS PIN,73380584,N,Y,42.3450489,-71.244047
PAST SALE,November-7-2025,Single Family Residential,22 Bonmar Cir,Auburndale,MA,02466,2033000,4,4.5,Newton,3375,7610,2025,,602,,Sold,,,https://www.redfin.com/MA/Auburndale/22-Bonmar-Cir-02466/home/11439865,MLS PIN,73411689,N,Y,42.3410174,-71.2400058
PAST SALE,September-30-2025,Single Family Residential,24 Aspen Ave,Auburndale,MA,02466,1350000,3,2.5,Auburndale,1949,7091,1938,,693,,Sold,,,https://www.redfin.com/MA/Auburndale/24-Aspen-Ave-02466/home/11440949,MLS PIN,73392749,N,Y,42.3397251,-71.2474385
PAST SALE,April-8-2025,Single Family Residential,113 Grove St,Auburndale,MA,02466,2300000,4,4.5,Newton,4000,10015,1860,,575,,Sold,,,https://www.redfin.com/MA/Auburndale/113-Grove-St-02466/home/11440908,MLS PIN,73324601,N,Y,42.3426737,-71.2491315
PAST SALE,October-14-2025,Single Family Residential,276 Lexington St,Auburndale,MA,02466,2575000,5,4.5,Newton,5403,16530,2025,,477,,Sold,,,https://www.redfin.com/MA/Auburndale/276-Lexington-St-02466/home/11444221,MLS PIN,73400159,N,Y,42.3525042,-71.2453193
PAST SALE,August-12-2025,Condo/Co-op,84 Auburn St #1,Newton,MA,02466,710000,2,1,Auburndale,1083,,1920,,656,250,Sold,,,https://www.redfin.com/MA/Newton/84-Auburn-St-02465/unit-1/home/45453748,MLS PIN,73367559,N,Y,42.3444907,-71.2383345
PAST SALE,September-29-2025,Townhouse,2202 Commonwealth Ave #3,Auburndale,MA,02466,1499000,4,4,Auburndale,2392,13696,2025,,627,400,Sold,,,https://www.redfin.com/MA/Auburndale/2202-Commonwealth-Ave-02466/unit-3/home/196181111,MLS PIN,73396050,N,Y,42.3470534,-71.2518894
PAST SALE,February-13-2026,Single Family Residential,283 Woodland Rd,Auburndale,MA,02466,1450000,3,1.5,Newton,1550,15243,1952,,935,,Sold,,,https://www.redfin.com/MA/Auburndale/283-Woodland-Rd-02466/home/11441129,MLS PIN,73429655,N,Y,42.3403541,-71.2408618
PAST SALE,December-17-2025,Townhouse,51 Bourne St #51,Auburndale,MA,02466,1150000,3,2.5,Auburndale,2347,7736,1899,,490,,Sold,,,https://www.redfin.com/MA/Auburndale/51-Bourne-St-02466/unit-51/home/138441742,MLS PIN,73424775,N,Y,42.3461748,-71.2553232
PAST SALE,June-25-2025,Townhouse,99 Auburn St #99,Auburndale,MA,02466,1970000,4,4.5,Newton,3939,15818,2014,,500,,Sold,,,https://www.redfin.com/MA/Auburndale/99-Auburn-St-02466/unit-99/home/109943458,MLS PIN,73341308,N,Y,42.3446882,-71.2391732
PAST SALE,May-6-2025,Townhouse,6 Charles #6,Auburndale,MA,02466,1299000,5,3,Auburndale,3005,11305,1960,,432,240,Sold,,,https://www.redfin.com/MA/Auburndale/6-Charles-St-02466/unit-6/home/190644085,MLS PIN,73324740,N,Y,42.3444074,-71.2550065
PAST SALE,May-19-2025,Single Family Residential,29 Hawthorne Ave,Auburndale,MA,02466,2925000,5,4.5,Auburndale,4891,9754,2024,,598,,Sold,,,https://www.redfin.com/MA/Auburndale/29-Hawthorne-Ave-02466/home/11440928,MLS PIN,73326435,Y,Y,42.3412521,-71.2457189
PAST SALE,November-12-2025,Townhouse,25 Johnson Pl #25,Auburndale,MA,02466,1731500,5,4.5,Auburndale,4149,,2024,,417,317,Sold,,,https://www.redfin.com/MA/Auburndale/25-Johnson-Pl-02466/unit-25/home/191870811,MLS PIN,73390531,N,Y,42.3441386,-71.2545206
PAST SALE,February-17-2026,Townhouse,2202 Commonwealth Ave #2,Auburndale,MA,02466,1422000,4,4,Auburndale,2300,13696,2025,,618,400,Sold,,,https://www.redfin.com/MA/Auburndale/2202-Commonwealth-Ave-02466/unit-2/home/197864495,MLS PIN,73429973,N,Y,42.3470534,-71.2518894
PAST SALE,August-1-2025,Single Family Residential,88 Lexington St,Auburndale,MA,02466,2338000,6,5.5,Auburndale,5150,10050,2023,,454,,Sold,,,https://www.redfin.com/MA/Auburndale/88-Lexington-St-02466/home/11444415,MLS PIN,73309495,N,Y,42.3570318,-71.2397398
PAST SALE,November-18-2025,Townhouse,217 Melrose St #217,Auburndale,MA,02466,2275000,4,5,Newton,4589,16730,2025,,496,,Sold,,,https://www.redfin.com/MA/Auburndale/217-Melrose-St-02466/unit-217/home/195108566,MLS PIN,73348454,N,Y,42.3489736,-71.2492646
PAST SALE,,Condo/Co-op,8 Charles St #6,Auburndale,MA,02466,1299000,5,3,,2348,,1960,,553,,,,,https://www.redfin.com/MA/Auburndale/8-Charles-St-02466/unit-6/home/11435771,,,N,Y,42.3443408,-71.2549039
PAST SALE,,Condo/Co-op,53 Bourne St #51,Auburndale,MA,02466,1150000,3,2.5,,1717,,1899,,670,,,,,https://www.redfin.com/MA/Auburndale/53-Bourne-St-02466/unit-51/home/11495264,,,N,Y,42.3461206,-71.2553509
PAST SALE,June-16-2025,Condo/Co-op,405 Cherry St #2,West Newton,MA,02465,1200000,3,2.5,West Newton,2035,10690,1863,,590,600,Sold,,,https://www.redfin.com/MA/West-Newton/405-Cherry-St-02465/unit-2/home/11502758,MLS PIN,73358140,N,Y,42.3505832,-71.2291841
PAST SALE,September-15-2025,Townhouse,893 Watertown St Unit -,Newton,MA,02465,1290000,4,3,West Newton,2801,20007,1840,,461,,Sold,,,https://www.redfin.com/MA/Newton/893-Watertown-St-02465/home/11494301,MLS PIN,73401545,N,Y,42.3513386,-71.2221106
PAST SALE,May-14-2025,Single Family Residential,176A River St,West Newton,MA,02465,2430000,5,4.5,Newton,5127,10152,2024,,474,,Sold,,,https://www.redfin.com/MA/West-Newton/176-River-St-02465/home/11443025,MLS PIN,73350282,N,Y,42.3538898,-71.2338976
PAST SALE,December-18-2025,Townhouse,10 Crescent St #1,Newton,MA,02465,1699000,4,3.5,Newton,3645,9525,2025,,466,250,Sold,,,https://www.redfin.com/MA/Newton/10-Crescent-ST-02465/unit-1/home/199112581,MLS PIN,73455276,N,Y,42.348678,-71.236831
PAST SALE,May-2-2025,Single Family Residential,35 Lenox St,West Newton,MA,02465,4100000,5,4.5,Newton,5048,10000,1876,,812,,Sold,,,https://www.redfin.com/MA/West-Newton/35-Lenox-St-02465/home/11429107,MLS PIN,73341755,N,Y,42.3441868,-71.2193633
PAST SALE,October-31-2025,Single Family Residential,14 Dana Rd,West Newton,MA,02465,1230000,4,3,Newton,2052,4818,1940,,599,,Sold,,,https://www.redfin.com/MA/West-Newton/14-Dana-Rd-02465/home/11435414,MLS PIN,73435902,N,Y,42.3618122,-71.2299872
PAST SALE,July-1-2025,Single Family Residential,25 Kenyon St,West Newton,MA,02465,1003000,4,1.5,West Newton,1694,8000,1920,,592,,Sold,,,https://www.redfin.com/MA/West-Newton/25-Kenyon-St-02465/home/11443252,MLS PIN,73381484,N,Y,42.3518841,-71.2389372
PAST SALE,November-14-2025,Single Family Residential,279 Chestnut St,West Newton,MA,02465,3000000,4,4.5,West Newton Hill,4297,18875,1927,,698,,Sold,,,https://www.redfin.com/MA/West-Newton/279-Chestnut-St-02465/home/11428600,MLS PIN,73438728,N,Y,42.3400266,-71.223886
PAST SALE,April-14-2025,Single Family Residential,26 Jerome Ave,West Newton,MA,02465,1426000,4,3,West Newton,2094,5280,1884,,681,,Sold,,,https://www.redfin.com/MA/West-Newton/26-Jerome-Ave-02465/home/11435046,MLS PIN,73344606,N,Y,42.3594016,-71.2281652
PAST SALE,June-9-2025,Single Family Residential,30 Richards Cir,West Newton,MA,02465,1427500,4,2,Newton,3026,18798,1952,,472,,Sold,,,https://www.redfin.com/MA/West-Newton/30-Richards-Cir-02465/home/11426704,MLS PIN,73368344,N,Y,42.3593701,-71.220025
PAST SALE,June-10-2025,Single Family Residential,121 Adams Ave,West Newton,MA,02465,1401000,3,2.5,West Newton,1862,9820,1951,,752,,Sold,,,https://www.redfin.com/MA/West-Newton/121-Adams-Ave-02465/home/11442254,MLS PIN,73356649,N,Y,42.3582513,-71.2343116
PAST SALE,October-27-2025,Multi-Family (2-4 Unit),3-5 Annapolis Rd,West Newton,MA,02465,1495000,5,3,West Newton,3462,8123,1920,,432,,Sold,,,https://www.redfin.com/MA/West-Newton/3-Annapolis-Rd-02465/home/198038376,MLS PIN,73432077,N,Y,42.3621316,-71.2249494
PAST SALE,June-11-2025,Single Family Residential,74 Putnam St,West Newton,MA,02465,3300000,5,3.5,West Newton,4750,11761,1865,,695,,Sold,,,https://www.redfin.com/MA/West-Newton/74-Putnam-St-02465/home/11427176,MLS PIN,73364736,N,Y,42.3457932,-71.2270805
PAST SALE,November-26-2025,Townhouse,79 Chestnut St #2,West Newton,MA,02465,719000,2,2,West Newton,1155,,1890,,623,475,Sold,,,https://www.redfin.com/MA/West-Newton/79-Chestnut-St-02465/unit-2/home/11427009,MLS PIN,73438105,N,Y,42.34729286,-71.22483947
PAST SALE,May-13-2025,Single Family Residential,4 Eden Ave,West Newton,MA,02465,2105000,5,3.5,West Newton,3350,6301,1910,,628,,Sold,,,https://www.redfin.com/MA/West-Newton/4-Eden-Ave-02465/home/11425403,MLS PIN,73338952,Y,Y,42.3520003,-71.2241484
PAST SALE,May-5-2025,Single Family Residential,12 Pershing Rd,West Newton,MA,02465,882000,3,1,West Newton,1212,5000,1948,,728,,Sold,,,https://www.redfin.com/MA/West-Newton/12-Pershing-Rd-02465/home/11434622,MLS PIN,73356427,N,Y,42.3579019,-71.2298709
PAST SALE,May-15-2025,Single Family Residential,15 Mosman St,West Newton,MA,02465,1370000,4,2,West Newton,2246,9010,1953,,610,,Sold,,,https://www.redfin.com/MA/West-Newton/15-Mosman-St-02465/home/11432714,MLS PIN,73362373,N,Y,42.361415,-71.2178562
PAST SALE,April-9-2025,Single Family Residential,213 Waltham St,West Newton,MA,02465,2000000,5,4.5,Newton,3704,6590,1928,,540,,Sold,,,https://www.redfin.com/MA/West-Newton/213-Waltham-St-02465/home/11433402,MLS PIN,73329861,N,Y,42.3597049,-71.2227097
PAST SALE,November-21-2025,Single Family Residential,334 River St,West Newton,MA,02465,729000,3,1,West Newton,1506,5750,1881,,484,,Sold,,,https://www.redfin.com/MA/West-Newton/334-River-St-02465/home/11444426,MLS PIN,73444089,N,Y,42.3573826,-71.2392772
PAST SALE,April-9-2025,Single Family Residential,25 Shirley St,West Newton,MA,02465,1720000,5,3.5,West Newton,3099,14403,1910,,555,,Sold,,,https://www.redfin.com/MA/West-Newton/25-Shirley-St-02465/home/11495966,MLS PIN,73341509,N,Y,42.352262,-71.2382098
PAST SALE,May-29-2025,Single Family Residential,905 Watertown St,West Newton,MA,02465,1200000,3,1.5,West Newton,1596,11133,1920,,752,,Sold,,,https://www.redfin.com/MA/West-Newton/905-Watertown-St-02465/home/11425316,MLS PIN,73350784,N,Y,42.3511928,-71.2223241
PAST SALE,June-20-2025,Single Family Residential,14 Fuller Ave,West Newton,MA,02465,1083000,3,1,West Newton,1202,7510,1959,,901,,Sold,,,https://www.redfin.com/MA/West-Newton/14-Fuller-Ave-02465/home/11432989,MLS PIN,73367429,N,Y,42.3632408,-71.2224145
PAST SALE,May-20-2025,Single Family Residential,5 Tennyson Rd,West Newton,MA,02465,1370000,3,1.5,West Newton,1931,8797,1942,,709,,Sold,,,https://www.redfin.com/MA/West-Newton/5-Tennyson-Rd-02465/home/11427714,MLS PIN,73344348,N,Y,42.3442387,-71.2321189
PAST SALE,August-19-2025,Single Family Residential,26 Sterling St,West Newton,MA,02465,3100000,6,3.5,West Newton Hill,4000,10663,1895,,775,,Sold,,,https://www.redfin.com/MA/West-Newton/26-Sterling-St-02465/home/11427390,MLS PIN,73398970,N,Y,42.3431038,-71.2290182
PAST SALE,May-6-2025,Single Family Residential,89 Prospect St,West Newton,MA,02465,1700000,4,2.5,West Newton Hill,2535,7410,1913,,671,,Sold,,,https://www.redfin.com/MA/West-Newton/89-Prospect-St-02465/home/11427707,MLS PIN,73348521,N,Y,42.3445194,-71.2324293
PAST SALE,May-16-2025,Single Family Residential,178 River St,West Newton,MA,02465,2495000,4,5,Newton,5100,15050,2025,,489,,Sold,,,https://www.redfin.com/MA/West-Newton/178-River-St-02465/home/184770122,MLS PIN,73351034,N,Y,42.35386,-71.233671
PAST SALE,December-12-2025,Single Family Residential,39 Valentine Park,West Newton,MA,02465,2800000,5,4,Newton,3894,10242,1945,,719,,Sold,,,https://www.redfin.com/MA/West-Newton/39-Valentine-Park-02465/home/11428925,MLS PIN,73446001,N,Y,42.3408577,-71.2219559
PAST SALE,July-31-2025,Townhouse,11 Prospect St #11,West Newton,MA,02465,870000,3,2,West Newton,2138,5138,1881,,407,450,Sold,,,https://www.redfin.com/MA/West-Newton/11-Prospect-St-02465/unit-11/home/39890924,MLS PIN,73397694,N,Y,42.3465908,-71.2348268
PAST SALE,October-31-2025,Single Family Residential,27 Chesterfield Rd,West Newton,MA,02465,1910000,4,3.5,Newton,3127,9365,1928,,611,,Sold,,,https://www.redfin.com/MA/West-Newton/27-Chesterfield-Rd-02465/home/11428251,MLS PIN,73441210,N,Y,42.3403353,-71.2353731
PAST SALE,February-27-2025,Single Family Residential,1725 Commonwealth Ave,West Newton,MA,02465,1365000,3,2.5,West Newton,1725,10378,1933,,791,,Sold,,,https://www.redfin.com/MA/West-Newton/1725-Commonwealth-Ave-02465/home/11428216,MLS PIN,73324357,N,Y,42.3406109,-71.2372831
PAST SALE,April-3-2025,Single Family Residential,214 Adams Ave,West Newton,MA,02465,1430000,4,2.5,West Newton,2974,7304,1920,,481,,Sold,,,https://www.redfin.com/MA/West-Newton/214-Adams-Ave-02465/home/11434615,MLS PIN,73333227,N,Y,42.357468,-71.2301716
PAST SALE,March-28-2025,Single Family Residential,14 Arbor Rd,West Newton,MA,02465,1283000,3,1.5,Newton,1656,5000,1926,,775,,Sold,,,https://www.redfin.com/MA/West-Newton/14-Arbor-Rd-02465/home/11434946,MLS PIN,73336865,N,Y,42.3633685,-71.2273439
PAST SALE,January-8-2026,Multi-Family (2-4 Unit),4-6 Wiswall St,West Newton,MA,02465,1075000,8,2,West Newton,2968,6328,1880,,362,,Sold,,,https://www.redfin.com/MA/West-Newton/6-Wiswall-St-02465/unit-4/home/11424869,MLS PIN,73444699,N,Y,42.3507386,-71.2176106
PAST SALE,October-3-2025,Single Family Residential,48 William St,West Newton,MA,02465,1175000,3,2,West Newton,1842,7312,1920,,638,,Sold,,,https://www.redfin.com/MA/West-Newton/48-William-St-02465/home/11442442,MLS PIN,73424988,N,Y,42.3577347,-71.2357862
PAST SALE,June-30-2025,Single Family Residential,272 Highland Ave,West Newton,MA,02465,2790000,5,4,Newton,3672,11573,1934,,760,,Sold,,,https://www.redfin.com/MA/West-Newton/272-Highland-Ave-02465/home/11494433,MLS PIN,73353678,N,Y,42.3465381,-71.2183244
PAST SALE,July-31-2025,Single Family Residential,50 Falmouth Rd,West Newton,MA,02465,1016000,3,3,West Newton,2139,5476,1915,,475,,Sold,,,https://www.redfin.com/MA/West-Newton/50-Falmouth-Rd-02465/home/11434900,MLS PIN,73371685,N,Y,42.3620244,-71.2288524
PAST SALE,March-17-2025,Single Family Residential,17 Kilburn Rd,West Newton,MA,02465,975000,3,2,West Newton,2150,5950,1948,,453,,Sold,,,https://www.redfin.com/MA/West-Newton/17-Kilburn-Rd-02465/home/11431642,MLS PIN,73334574,N,Y,42.3552175,-71.2273693
PAST SALE,March-5-2025,Single Family Residential,42 Lindbergh Ave,West Newton,MA,02465,1100000,3,1.5,West Newton,1977,8352,1940,,556,,Sold,,,https://www.redfin.com/MA/West-Newton/42-Lindbergh-Ave-02465/home/11431349,MLS PIN,73322201,N,Y,42.3530276,-71.2266638
PAST SALE,September-17-2025,Single Family Residential,46 Myrtle St,West Newton,MA,02465,1250000,4,1,West Newton,1788,8960,1922,,699,,Sold,,,https://www.redfin.com/MA/West-Newton/46-Myrtle-St-02465/home/11427753,MLS PIN,73414602,N,Y,42.3435973,-71.2330077
PAST SALE,January-7-2026,Single Family Residential,75 Cherry St,West Newton,MA,02465,970000,2,2,Newton,1368,7040,1947,,709,,Sold,,,https://www.redfin.com/MA/West-Newton/75-Cherry-St-02465/home/11495221,MLS PIN,73445906,N,Y,42.3615788,-71.2269793
PAST SALE,July-31-2025,Townhouse,103 Warwick Rd #103,West Newton,MA,02465,988020,3,2.5,West Newton,1440,6377,1920,,686,,Sold,,,https://www.redfin.com/MA/West-Newton/103-Warwick-Rd-02465/unit-103/home/189996739,MLS PIN,73396168,N,Y,42.3561286,-71.2186206
PAST SALE,January-15-2026,Single Family Residential,17 Crescent St,West Newton,MA,02465,870000,3,1,West Newton,1448,9300,1900,,601,,Sold,,,https://www.redfin.com/MA/West-Newton/17-Crescent-St-02465/home/11443472,MLS PIN,73450797,N,Y,42.3484361,-71.2372675
PAST SALE,April-11-2025,Single Family Residential,1388 Commonwealth Ave,West Newton,MA,02465,4275000,5,6.5,Waban/West Newton,7354,17235,2012,,581,,Sold,,,https://www.redfin.com/MA/West-Newton/1388-Commonwealth-Ave-02465/home/11428720,MLS PIN,73332986,N,Y,42.3364201,-71.2233456
PAST SALE,October-23-2025,Single Family Residential,7 Arapahoe Rd,West Newton,MA,02465,1880000,4,2.5,Newton,2950,13737,1995,,637,,Sold,,,https://www.redfin.com/MA/West-Newton/7-Arapahoe-Rd-02465/home/11439701,MLS PIN,73429121,N,Y,42.3433718,-71.2377744
PAST SALE,April-24-2025,Multi-Family (2-4 Unit),42-44 S Gate Park,Newton,MA,02465,1546000,5,2,Newton,2702,6555,1929,,572,,Sold,,,https://www.redfin.com/MA/Newton/42-44-S-Gate-Park-02465/home/195073461,MLS PIN,73346568,N,Y,42.354614,-71.22577
PAST SALE,September-24-2025,Townhouse,46 Greenough St #46,West Newton,MA,02465,2080000,4,3.5,West Newton,4373,10580,2019,,476,160,Sold,,,https://www.redfin.com/MA/West-Newton/46-Greenough-St-02465/unit-46/home/168913627,MLS PIN,73374184,N,Y,42.3439471,-71.2378687
PAST SALE,July-11-2025,Single Family Residential,52 Myrtle St,West Newton,MA,02465,1425000,4,1.5,Newton,1790,9600,1927,,796,,Sold,,,https://www.redfin.com/MA/West-Newton/52-Myrtle-St-02465/home/11427749,MLS PIN,73390313,N,Y,42.3434858,-71.2328654
PAST SALE,February-28-2025,Condo/Co-op,122 Warwick Rd #122,West Newton,MA,02465,785000,2,1,Newton,1240,6376,1930,,633,250,Sold,,,https://www.redfin.com/MA/West-Newton/122-Warwick-Rd-02465/unit-122/home/11501401,MLS PIN,73327957,N,Y,42.3556711,-71.218009
PAST SALE,November-25-2025,Townhouse,1488 Washington St #1488,Newton,MA,02465,1402000,4,3.5,West Newton,3173,,1999,,442,527,Sold,,,https://www.redfin.com/MA/Newton/1488-Washington-St-02465/unit-1488/home/137633252,MLS PIN,73446858,N,Y,42.3461594,-71.2322521
PAST SALE,January-6-2026,Single Family Residential,11 Randlett Park,West Newton,MA,02465,1275000,4,1.5,West Newton,2137,5470,1930,,597,,Sold,,,https://www.redfin.com/MA/West-Newton/11-Randlett-Park-02465/home/11426081,MLS PIN,73459905,N,Y,42.3532662,-71.2171506
PAST SALE,August-29-2025,Single Family Residential,99 Fairway Dr,West Newton,MA,02465,1230000,4,2.5,Newton,1792,7217,1942,,686,,Sold,,,https://www.redfin.com/MA/West-Newton/99-Fairway-Dr-02465/home/11426304,MLS PIN,73382174,N,Y,42.3555255,-71.2193363
PAST SALE,August-12-2025,Single Family Residential,103 Randlett Park,West Newton,MA,02465,1800000,4,3.5,Newton,3298,12430,1939,,546,,Sold,,,https://www.redfin.com/MA/West-Newton/103-Randlett-Park-02465/home/11425953,MLS PIN,73393331,N,Y,42.3550261,-71.2208324
PAST SALE,December-31-2025,Multi-Family (2-4 Unit),12 Wiswall St,West Newton,MA,02465,1130000,5,3,West Newton,5044,8115,1925,,224,,Sold,,,https://www.redfin.com/MA/West-Newton/12-Wiswall-St-02465/home/11494277,MLS PIN,73449790,N,Y,42.3505924,-71.2178963
PAST SALE,August-2-2025,Single Family Residential,10 Fernwood Rd,West Newton,MA,02465,1055000,3,2,West Newton,1530,5941,1925,,690,,Sold,,,https://www.redfin.com/MA/West-Newton/10-Fernwood-Rd-02465/home/11430768,MLS PIN,73385871,N,Y,42.3515997,-71.2376833
PAST SALE,April-24-2025,Single Family Residential,1370 Commonwealth Ave,West Newton,MA,02465,3096450,5,3.5,Newton,4074,18453,1949,,760,,Sold,,,https://www.redfin.com/MA/West-Newton/1370-Commonwealth-Ave-02465/home/11494666,MLS PIN,73340884,N,Y,42.3363792,-71.2229417
PAST SALE,August-5-2025,Townhouse,94 Webster #94,Newton,MA,02465,2000000,5,4.5,Newton,3637,,2023,,550,183,Sold,,,https://www.redfin.com/MA/Newton/94-Webster-St-02465/unit-94/home/179894021,MLS PIN,73385431,N,Y,42.3493324,-71.2305527
PAST SALE,February-9-2026,Single Family Residential,23 Gilbert St,West Newton,MA,02465,828000,2,1.5,Newton,1188,6036,1915,,697,,Sold,,,https://www.redfin.com/MA/West-Newton/23-Gilbert-St-02465/home/11429909,MLS PIN,73462465,N,Y,42.3443028,-71.2367334
PAST SALE,May-15-2025,Single Family Residential,126 Russell Rd,West Newton,MA,02465,955000,4,1.5,Newton,1386,7440,1946,,689,,Sold,,,https://www.redfin.com/MA/West-Newton/126-Russell-Rd-02465/home/11434980,MLS PIN,73346132,N,Y,42.3624808,-71.2281395
PAST SALE,October-31-2025,Single Family Residential,45 Cherry Pl,West Newton,MA,02465,1260000,4,2,Newton,1712,12364,1905,,736,,Sold,,,https://www.redfin.com/MA/West-Newton/45-Cherry-Pl-02465/home/11434360,MLS PIN,73424974,N,Y,42.3566614,-71.2300721
PAST SALE,September-18-2025,Single Family Residential,69 Prince St,West Newton,MA,02465,3950000,6,4.5,West Newton,7226,17153,1895,,547,,Sold,,,https://www.redfin.com/MA/West-Newton/69-Prince-St-02465/home/11494491,MLS PIN,73408849,N,Y,42.3427753,-71.2264155
PAST SALE,January-16-2026,Townhouse,10 Crescent St #2,Newton,MA,02465,1700000,4,3.5,Newton,3683,9525,2025,,462,250,Sold,,,https://www.redfin.com/MA/Newton/10-Crescent-ST-02465/unit-2/home/198769056,MLS PIN,73447019,N,Y,42.348678,-71.236831
PAST SALE,November-26-2025,Vacant Land,70 Bigelow Rd,West Newton,MA,02465,3050000,,,West Newton,,25180,,,,,Sold,,,https://www.redfin.com/MA/West-Newton/70-Bigelow-Rd-02465/home/11429505,MLS PIN,73447695,N,Y,42.3415576,-71.2163364
PAST SALE,May-27-2025,Single Family Residential,91 Exeter St,West Newton,MA,02465,2150000,4,4.5,Newton,3715,16860,1950,,579,,Sold,,,https://www.redfin.com/MA/West-Newton/91-Exeter-St-02465/home/11428335,MLS PIN,73362264,N,Y,42.3386362,-71.2292532
PAST SALE,November-10-2025,Single Family Residential,40 Fairway Dr,West Newton,MA,02465,1265000,3,1.5,Newton,1696,9555,1941,,746,,Sold,,,https://www.redfin.com/MA/West-Newton/40-Fairway-Dr-02465/home/11426050,MLS PIN,73416823,N,Y,42.3543552,-71.2173205
PAST SALE,May-30-2025,Single Family Residential,1201 Commonwealth Ave,West Newton,MA,02465,3230000,5,5.5,West Newton,5089,12694,2014,,635,,Sold,,,https://www.redfin.com/MA/West-Newton/1201-Commonwealth-Ave-02465/home/69045367,MLS PIN,73338489,N,Y,42.3372756,-71.216166
PAST SALE,November-18-2025,Single Family Residential,42 Evergreen Cir,Newton,MA,02465,2850000,7,6.5,West Newton,5407,11614,2012,,527,70,Sold,,,https://www.redfin.com/MA/Newton/42-Evergreen-Cir-02465/home/179726023,MLS PIN,73435082,N,Y,42.3535076,-71.2353126
PAST SALE,November-6-2025,Single Family Residential,249 Highland St,West Newton,MA,02465,2900000,4,3.5,West Newton,3986,22662,1925,,728,,Sold,,,https://www.redfin.com/MA/West-Newton/249-Highland-St-02465/home/11428975,MLS PIN,73435265,N,Y,42.3429439,-71.2207876
PAST SALE,September-2-2025,Single Family Residential,30 Jerome Ave,West Newton,MA,02465,750000,4,1.5,Quaint seldom traveled- direct access to Franklin school Grounds,1635,6072,1920,,459,,Sold,,,https://www.redfin.com/MA/West-Newton/30-Jerome-Ave-02465/home/11435041,MLS PIN,73389057,N,Y,42.3594587,-71.2282943
PAST SALE,November-17-2025,Multi-Family (2-4 Unit),21-23 Noble St,Newton,MA,02465,1350000,5,2,West Newton,2664,6278,1925,,507,,Sold,,,https://www.redfin.com/MA/Newton/21-23-Noble-St-02465/home/187076791,MLS PIN,73431855,N,Y,42.361133,-71.233305
PAST SALE,October-15-2025,Single Family Residential,11 Dana Rd,West Newton,MA,02465,1500000,3,3,West Newton,2328,5000,1940,,644,,Sold,,,https://www.redfin.com/MA/West-Newton/11-Dana-Rd-02465/home/11435337,MLS PIN,73417353,N,Y,42.3621201,-71.2298201
PAST SALE,December-2-2025,Single Family Residential,222 Prince St,Newton,MA,02465,4677000,6,5,West Newton Hill,6445,34917,1895,,726,,Sold,,,https://www.redfin.com/MA/Newton/222-Prince-St-02465/home/11494679,MLS PIN,73428819,N,Y,42.3395255,-71.2226289
PAST SALE,January-6-2026,Multi-Family (2-4 Unit),17 Gilbert St,West Newton,MA,02465,1807300,6,3.5,Newton,3877,7075,1910,,466,,Sold,,,https://www.redfin.com/MA/West-Newton/17-Gilbert-St-02465/home/11429905,MLS PIN,73409713,N,Y,42.344432,-71.2365913
PAST SALE,August-8-2025,Single Family Residential,4 Rebecca Rd,West Newton,MA,02465,1210000,4,2.5,West Newton,3519,,1987,,344,,Sold,,,https://www.redfin.com/MA/West-Newton/4-Rebecca-Rd-02465/home/11495959,MLS PIN,73387879,N,Y,42.3527402,-71.2365625
PAST SALE,November-20-2025,Single Family Residential,46 Ellis Rd,West Newton,MA,02465,2295000,4,3.5,West Newton,3090,12635,1930,,743,,Sold,,,https://www.redfin.com/MA/West-Newton/46-Ellis-Rd-02465/home/11429815,MLS PIN,73428814,N,Y,42.3377979,-71.2163981
PAST SALE,June-2-2025,Single Family Residential,33 Berkeley St,West Newton,MA,02465,3000000,6,4.5,West Newton Hill,4307,11097,1890,,697,,Sold,,,https://www.redfin.com/MA/West-Newton/33-Berkeley-St-02465/home/11428561,MLS PIN,73350828,N,Y,42.3413694,-71.2251393
PAST SALE,November-14-2025,Single Family Residential,140 Mount Vernon St,West Newton,MA,02465,1925000,5,3.5,West Newton Hill,2944,10300,1880,,654,,Sold,,,https://www.redfin.com/MA/West-Newton/140-Mount-Vernon-St-02465/home/11494050,MLS PIN,73428670,N,Y,42.3485783,-71.2154844
PAST SALE,July-30-2025,Single Family Residential,66 Upham St,West Newton,MA,02465,2520000,6,5.5,West Newton,5914,7403,2025,,426,,Sold,,,https://www.redfin.com/MA/West-Newton/66-Upham-St-02465/home/11432011,MLS PIN,73386371,N,Y,42.3545072,-71.231584
PAST SALE,April-23-2025,Single Family Residential,1682 Commonwealth Ave,West Newton,MA,02465,2612500,6,6.5,Brae Burn Country Club Neighborhood,6480,9500,2007,,403,,Sold,,,https://www.redfin.com/MA/West-Newton/1682-Commonwealth-Ave-02465/home/21472546,MLS PIN,73326292,N,Y,42.3393659,-71.2361334
PAST SALE,August-29-2025,Single Family Residential,15 Simms Ct,West Newton,MA,02465,630000,3,2.5,Newton,1638,4000,1881,,385,,Sold,,,https://www.redfin.com/MA/West-Newton/15-Simms-Ct-02465/home/11430152,MLS PIN,73398170,N,Y,42.3469739,-71.232641
PAST SALE,November-14-2025,Single Family Residential,32 Henshaw St,West Newton,MA,02465,1050000,3,2,West Newton,1618,3500,1880,,649,,Sold,,,https://www.redfin.com/MA/West-Newton/32-Henshaw-St-02465/home/11431750,MLS PIN,73425142,N,Y,42.3533372,-71.2279373
PAST SALE,August-6-2025,Single Family Residential,23 Ascenta Ter,West Newton,MA,02465,2175000,5,3.5,Newton,2756,15681,1960,,789,,Sold,,,https://www.redfin.com/MA/West-Newton/23-Ascenta-Ter-02465/home/11427283,MLS PIN,73389466,N,Y,42.343571,-71.2254153
PAST SALE,November-12-2025,Single Family Residential,33 Birch Hill Rd,West Newton,MA,02465,1800000,5,2.5,West Newton,2877,11145,1880,,626,,Sold,,,https://www.redfin.com/MA/West-Newton/33-Birch-Hill-Rd-02465/home/11422723,MLS PIN,73424256,N,Y,42.3476344,-71.2125657
PAST SALE,July-17-2025,Single Family Residential,33 E Colbert Rd,West Newton,MA,02465,2522000,5,4.5,Newton,5042,12993,1989,,500,,Sold,,,https://www.redfin.com/MA/West-Newton/33-Colbert-Rd-E-02465/home/11429669,MLS PIN,73366488,N,Y,42.3387637,-71.2197554
PAST SALE,November-19-2025,Single Family Residential,4 Hosmer Cir,West Newton,MA,02465,1599000,3,2.5,West Newton,2110,8560,1920,,758,,Sold,,,https://www.redfin.com/MA/West-Newton/4-Hosmer-Cir-02465/home/11426737,MLS PIN,73429503,N,Y,42.346974,-71.2208448
PAST SALE,May-12-2025,Single Family Residential,22 Winthrop St,West Newton,MA,02465,2200000,5,3.5,West Newton Hill,3456,17110,1890,,637,,Sold,,,https://www.redfin.com/MA/West-Newton/22-Winthrop-St-02465/home/11427553,MLS PIN,73328222,N,Y,42.3456436,-71.2285107
PAST SALE,January-6-2026,Single Family Residential,10 Ruane Rd,West Newton,MA,02465,2650000,4,3.5,Newton,4393,15179,1953,,603,,Sold,,,https://www.redfin.com/MA/West-Newton/10-Ruane-Rd-02465/home/11428014,MLS PIN,73429169,N,Y,42.3396571,-71.2295781
PAST SALE,December-16-2025,Condo/Co-op,287 Cherry St #2,West Newton,MA,02465,1180000,4,4,West Newton,2460,,1895,,480,,Sold,,,https://www.redfin.com/MA/West-Newton/287-Cherry-St-02465/unit-2/home/184900670,MLS PIN,73431903,N,Y,42.3546064,-71.2288729
PAST SALE,December-10-2025,Single Family Residential,76 Harding St,West Newton,MA,02465,2090000,5,4.5,West Newton,3250,10380,1910,,643,,Sold,,,https://www.redfin.com/MA/West-Newton/76-Harding-St-02465/home/11433150,MLS PIN,73432169,N,Y,42.3625918,-71.2227267
PAST SALE,June-30-2025,Single Family Residential,96 Oldham Rd,West Newton,MA,02465,2760000,6,6.5,West Newton,3976,10074,2016,,694,,Sold,,,https://www.redfin.com/MA/West-Newton/96-Oldham-Rd-02465/home/11428179,MLS PIN,73348171,N,Y,42.3420906,-71.2340215
PAST SALE,July-2-2025,Single Family Residential,285 Temple St,West Newton,MA,02465,2070000,4,2.5,Newton,3216,13910,1967,,644,,Sold,,,https://www.redfin.com/MA/West-Newton/285-Temple-St-02465/home/11428294,MLS PIN,73339769,N,Y,42.3388281,-71.23422
PAST SALE,September-18-2025,Single Family Residential,255 Adams Ave,West Newton,MA,02465,1525000,5,4,West Newton,3375,12341,1900,,452,,Sold,,,https://www.redfin.com/MA/West-Newton/255-Adams-Ave-02465/home/11495141,MLS PIN,73366560,N,Y,42.3567326,-71.2285194
PAST SALE,December-23-2025,Single Family Residential,56 Dearborn St #56,West Newton,MA,02465,3025000,6,6.5,Newton,5607,8971,2025,,540,,Sold,,,https://www.redfin.com/MA/West-Newton/56-Dearborn-St-02465/unit-56/home/198197351,MLS PIN,73434815,N,Y,42.3557324,-71.2325946
PAST SALE,August-25-2025,Single Family Residential,50 Smith Ave,West Newton,MA,02465,2650000,5,5.5,West Newton,5006,15959,2001,,529,,Sold,,,https://www.redfin.com/MA/West-Newton/50-Smith-Ave-02465/home/11494959,MLS PIN,73369107,N,Y,42.3561501,-71.233481
PAST SALE,January-15-2026,Single Family Residential,44 Westland Ave,West Newton,MA,02465,3075000,6,5,West Newton,5766,10873,2023,,533,,Sold,,,https://www.redfin.com/MA/West-Newton/44-Westland-Ave-02465/home/11432093,MLS PIN,73429131,N,Y,42.3551047,-71.2321443
PAST SALE,November-5-2025,Single Family Residential,50 Crestwood Rd,West Newton,MA,02465,6051000,5,5,West Newton Hill,6500,57499,1970,,931,,Sold,,,https://www.redfin.com/MA/West-Newton/50-Crestwood-Rd-02465/home/11429439,MLS PIN,73405149,N,Y,42.3422985,-71.2147323
PAST SALE,December-19-2025,Single Family Residential,41 Kilburn Rd,West Newton,MA,02465,2570000,5,4.5,West Newton,4743,8400,2025,,542,,Sold,,,https://www.redfin.com/MA/West-Newton/41-Kilburn-Rd-02465/home/11431661,MLS PIN,73424979,N,Y,42.3543997,-71.2277106
PAST SALE,September-16-2025,Single Family Residential,23 Sylvester Rd,West Newton,MA,02465,1970000,4,2.5,West Newton,3408,7310,2025,,578,,Sold,,,https://www.redfin.com/MA/West-Newton/23-Sylvester-Rd-02465/home/11435246,MLS PIN,73379619,N,Y,42.3617295,-71.2277721
PAST SALE,July-31-2025,Single Family Residential,141 Prince St,West Newton,MA,02465,5300000,6,7,West Newton Hill,7978,20834,1895,,664,,Sold,,,https://www.redfin.com/MA/West-Newton/141-Prince-St-02465/home/11428480,MLS PIN,73338650,N,Y,42.3404082,-71.2261758
PAST SALE,November-13-2025,Single Family Residential,20 Birch Hill Rd,West Newton,MA,02465,4500000,5,6.5,West Newton Hill,6000,30972,1898,,750,,Sold,,,https://www.redfin.com/MA/West-Newton/20-Birch-Hill-Rd-02465/home/11422633,MLS PIN,73388985,N,Y,42.3480241,-71.211899
PAST SALE,October-24-2025,Single Family Residential,251 Waltham St,West Newton,MA,02465,1285000,4,2.5,West Newton,2821,7872,1979,,456,,Sold,,,https://www.redfin.com/MA/West-Newton/251-Waltham-St-02465/home/11433418,MLS PIN,73381264,N,Y,42.3584769,-71.2230158
PAST SALE,April-15-2025,Single Family Residential,39 Westfield,West Newton,MA,02465,6350000,6,8,West Newton Hill,9900,21149,2024,,641,,Sold,,,https://www.redfin.com/MA/West-Newton/39-Westfield-Rd-02465/home/177866917,MLS PIN,73317702,N,Y,42.3457715,-71.2229966
PAST SALE,September-25-2025,Single Family Residential,137 Russell Rd,West Newton,MA,02465,881500,2,1,Newton,1197,9600,1940,,736,,Sold,,,https://www.redfin.com/MA/West-Newton/137-Russell-Rd-02465/home/11435260,MLS PIN,73374141,N,Y,42.3626891,-71.2274978
PAST SALE,September-3-2025,Single Family Residential,185 Valentine St,West Newton,MA,02465,2600000,6,3.5,Newton,3958,16304,1928,,657,,Sold,,,https://www.redfin.com/MA/West-Newton/185-Valentine-St-02465/home/11494753,MLS PIN,73356326,N,Y,42.3392983,-71.2160989
PAST SALE,November-26-2025,Single Family Residential,33 Lill Ave,West Newton,MA,02465,1035000,3,2,West Newton,2525,6400,1900,,410,,Sold,,,https://www.redfin.com/MA/West-Newton/33-Lill-Ave-02465/home/11444496,MLS PIN,73366860,N,Y,42.3546835,-71.2369422
PAST SALE,April-18-2025,Townhouse,16 Alden Pl #16,West Newton,MA,02465,920000,3,2.5,West Newton,1970,6433,1987,,467,573,Sold,,,https://www.redfin.com/MA/West-Newton/16-Alden-Pl-02465/unit-16/home/11494936,MLS PIN,73295903,N,Y,42.3535586,-71.2319606
PAST SALE,October-24-2025,Single Family Residential,27 Fairway Dr,West Newton,MA,02465,1225000,3,1.5,Newton,1440,8100,1940,,851,,Sold,,,https://www.redfin.com/MA/West-Newton/27-Fairway-Dr-02465/home/11426133,MLS PIN,73357760,N,Y,42.3542189,-71.2166301
PAST SALE,November-19-2025,Single Family Residential,68 Mignon Rd,West Newton,MA,02465,5900000,6,7,West Newton Hill,8615,34589,1949,,685,,Sold,,,https://www.redfin.com/MA/West-Newton/230-Temple-St-02465/home/11428045,MLS PIN,73377143,N,Y,42.3402298,-71.2327673
PAST SALE,February-27-2025,Single Family Residential,23 Forest Ave,West Newton,MA,02465,6100000,5,6,West Newton Hill,8786,25614,2010,,694,,Sold,,,https://www.redfin.com/MA/West-Newton/23-Forest-Ave-02465/home/11426755,MLS PIN,73210043,N,Y,42.347223,-71.218487
PAST SALE,September-4-2025,Single Family Residential,1337 Commonwealth Ave,West Newton,MA,02465,6500000,7,9,West Newton,10083,25000,2024,,645,,Sold,,,https://www.redfin.com/MA/West-Newton/1337-Commonwealth-Ave-02465/home/11428775,MLS PIN,73265660,N,Y,42.3371644,-71.2215778
PAST SALE,,Condo/Co-op,1492 Washington St #1488,West Newton,MA,02465,1402000,3,3.5,,2606,,1999,,538,,,,,https://www.redfin.com/MA/West-Newton/1492-Washington-St-02465/unit-1488/home/11427491,,,N,Y,42.3461786,-71.2322506
PAST SALE,October-14-2025,Single Family Residential,5 Southwick,Waban,MA,02468,2425000,4,3.5,Waban,4364,13454,1939,,556,,Sold,,,https://www.redfin.com/MA/Waban/5-Southwick-Rd-02468/home/11457902,MLS PIN,73424191,N,Y,42.3244242,-71.2304406
PAST SALE,,Condo/Co-op,896 Chestnut St #1,Waban,MA,02468,1750000,4,3.5,,2021,,2017,,866,,,,,https://www.redfin.com/MA/Waban/896-Chestnut-St-02468/unit-1/home/113430216,,,N,Y,42.3186662,-71.2254293
PAST SALE,October-30-2025,Single Family Residential,15 Selden St,Waban,MA,02468,1450000,3,1.5,Waban,1742,5854,1933,,832,,Sold,,,https://www.redfin.com/MA/Waban/15-Selden-St-02468/home/11453992,MLS PIN,73428950,N,Y,42.3248689,-71.2184983
PAST SALE,May-22-2025,Single Family Residential,19 Kelveden Rd,Waban,MA,02468,3050000,4,3.5,Waban,4780,13300,1926,,638,,Sold,,,https://www.redfin.com/MA/Waban/19-Kelveden-Rd-02468/home/11456659,MLS PIN,73349890,N,Y,42.3261526,-71.2408308
PAST SALE,June-24-2025,Single Family Residential,140 Paulson Rd,Waban,MA,02468,1845000,3,3,Waban,2487,15710,1947,,742,,Sold,,,https://www.redfin.com/MA/Waban/140-Paulson-Rd-02468/home/11450208,MLS PIN,73376401,N,Y,42.3327506,-71.2182262
PAST SALE,October-24-2025,Single Family Residential,26 Dorset Rd,Waban,MA,02468,2495000,4,2.5,Waban,3137,13000,1912,,795,,Sold,,,https://www.redfin.com/MA/Waban/26-Dorset-Rd-02468/home/11456022,MLS PIN,73427744,N,Y,42.3277534,-71.2355326
PAST SALE,June-27-2025,Single Family Residential,77 Larchmont Ave,Waban,MA,02468,1925000,5,2.5,Waban,2596,6620,1930,,742,,Sold,,,https://www.redfin.com/MA/Waban/77-Larchmont-Ave-02468/home/11453248,MLS PIN,73367296,N,Y,42.3238751,-71.2251878
PAST SALE,March-7-2025,Single Family Residential,89 Beethoven Ave,Waban,MA,02468,1900000,5,3.5,Newton,2450,10500,1940,,776,,Sold,,,https://www.redfin.com/MA/Waban/89-Beethoven-Ave-02468/home/11496912,MLS PIN,73334635,N,Y,42.3276338,-71.2189809
PAST SALE,July-15-2025,Single Family Residential,67 Annawan Rd,Waban,MA,02468,2650000,6,3.5,Waban,4100,22780,1935,,646,,Sold,,,https://www.redfin.com/MA/Waban/67-Annawan-Rd-02468/home/11457365,MLS PIN,73396209,N,Y,42.3239573,-71.2340796
PAST SALE,October-3-2025,Single Family Residential,16 Fairlee Rd,Waban,MA,02468,1425000,4,2,Waban,1665,8750,1940,,856,,Sold,,,https://www.redfin.com/MA/Waban/16-Fairlee-Rd-02468/home/11453418,MLS PIN,73424356,N,Y,42.3228427,-71.2214985
PAST SALE,October-17-2025,Single Family Residential,925 Chestnut St,Waban,MA,02468,833000,3,1,Waban,1176,6848,1925,,708,,Sold,,,https://www.redfin.com/MA/Waban/925-Chestnut-St-02468/home/11458141,MLS PIN,73405324,N,Y,42.3174625,-71.2261247
PAST SALE,November-21-2025,Single Family Residential,12 Alban Rd,Waban,MA,02468,4380000,6,5.5,Waban,7594,17196,2008,,577,,Sold,,,https://www.redfin.com/MA/Waban/12-Alban-Rd-02468/home/11456642,MLS PIN,73424347,N,Y,42.3267528,-71.2407327
PAST SALE,January-2-2026,Single Family Residential,10 Lorraine Cir,Waban,MA,02468,1650000,4,3,Newton,2812,10010,1983,,587,,Sold,,,https://www.redfin.com/MA/Waban/10-Lorraine-Cir-02468/home/11455805,MLS PIN,73451556,N,Y,42.3297679,-71.2416906
PAST SALE,July-21-2025,Single Family Residential,186 Nehoiden Rd,Waban,MA,02468,2600000,4,2.5,Waban,4062,12106,1930,,640,,Sold,,,https://www.redfin.com/MA/Waban/186-Nehoiden-Rd-02468/home/11456613,MLS PIN,73381620,N,Y,42.3275458,-71.2417094
PAST SALE,June-23-2025,Single Family Residential,45 Plainfield St,Waban,MA,02468,2955000,4,3.5,Newton,4413,12250,1927,,670,,Sold,,,https://www.redfin.com/MA/Waban/45-Plainfield-St-02468/home/11496937,MLS PIN,73367394,N,Y,42.3266074,-71.2240785
PAST SALE,March-31-2025,Single Family Residential,11 Quidnic Rd,Waban,MA,02468,2500000,4,3.5,Dorset Circle,4250,16316,1919,,588,,Sold,,,https://www.redfin.com/MA/Waban/11-Quidnic-Rd-02468/home/11455942,MLS PIN,73336501,N,Y,42.328984,-71.2376529
PAST SALE,April-30-2025,Single Family Residential,205 Waban Ave,Waban,MA,02468,2100000,5,4.5,Waban,4885,12740,1920,,430,,Sold,,,https://www.redfin.com/MA/Waban/205-Waban-Ave-02468/home/11456455,MLS PIN,73341250,N,Y,42.3244166,-71.2396354
PAST SALE,March-31-2025,Single Family Residential,896 Chestnut St,Waban,MA,02468,1750000,4,3.5,Waban,3590,10379,2018,,487,,Sold,,,https://www.redfin.com/MA/Waban/896-Chestnut-St-02468/home/195042826,MLS PIN,73345542,N,Y,42.3186702,-71.2254254
PAST SALE,April-28-2025,Single Family Residential,41 Amherst Rd,Waban,MA,02468,1850000,5,3.5,Newton,2663,11248,1949,,695,,Sold,,,https://www.redfin.com/MA/Waban/41-Amherst-Rd-02468/home/11497075,MLS PIN,73344562,N,Y,42.3208281,-71.2250301
PAST SALE,May-28-2025,Single Family Residential,1530 Beacon St,Waban,MA,02468,2950000,5,3.5,Waban,4470,15978,1900,,660,,Sold,,,https://www.redfin.com/MA/Waban/1530-Beacon-St-02468/home/11452009,MLS PIN,73350263,N,Y,42.3286085,-71.2267241
PAST SALE,December-2-2025,Single Family Residential,513 Chestnut St,Waban,MA,02468,1975000,5,3.5,Newton,2821,12948,1926,,700,,Sold,,,https://www.redfin.com/MA/Waban/513-Chestnut-St-02468/home/11452408,MLS PIN,73424981,N,Y,42.332041,-71.2248338
PAST SALE,August-14-2025,Single Family Residential,787 Chestnut St,Waban,MA,02468,1740000,4,2.5,Waban,2520,20635,1900,,690,,Sold,,,https://www.redfin.com/MA/Waban/787-Chestnut-St-02468/home/11457937,MLS PIN,73381488,N,Y,42.3227912,-71.2272316
PAST SALE,August-14-2025,Multi-Family (2-4 Unit),916 - 918 Chestnut St,Waban,MA,02468,1390000,7,3,Waban,4633,7150,1920,,300,,Sold,,,https://www.redfin.com/MA/Waban/918-Chestnut-St-02468/home/11452861,MLS PIN,73400920,N,Y,42.3177595,-71.2256739
PAST SALE,October-30-2025,Single Family Residential,1865 Beacon St,Waban,MA,02468,1999000,5,3.5,Newton,3475,11295,1910,,575,,Sold,,,https://www.redfin.com/MA/Waban/1865-Beacon-St-02468/home/11455889,MLS PIN,73427746,Y,Y,42.3283672,-71.2401589
PAST SALE,January-15-2026,Single Family Residential,131 Oliver Rd,Waban,MA,02468,2800000,6,4.5,Waban,5141,12169,1938,,545,,Sold,,,https://www.redfin.com/MA/Waban/131-Oliver-Rd-02468/home/11452969,MLS PIN,73448088,N,Y,42.3205373,-71.223986
PAST SALE,June-12-2025,Single Family Residential,286 Quinobequin Rd,Waban,MA,02468,1700000,4,3.5,Waban,3061,7980,1938,,555,,Sold,,,https://www.redfin.com/MA/Waban/286-Quinobequin-Rd-02468/home/11457102,MLS PIN,73367381,N,Y,42.3220589,-71.2442752
PAST SALE,March-14-2025,Single Family Residential,197 Nehoiden Rd,Waban,MA,02468,4151000,6,6.5,Waban,6734,14212,2022,,616,,Sold,,,https://www.redfin.com/MA/Waban/197-Nehoiden-Rd-02468/home/11456543,MLS PIN,73328495,N,Y,42.3281512,-71.2416805
PAST SALE,September-30-2025,Single Family Residential,40 Windsor Rd,Waban,MA,02468,7805000,6,7,Waban,9338,23684,2024,,836,,Sold,,,https://www.redfin.com/MA/Waban/40-Windsor-Rd-02468/home/11452019,MLS PIN,73313936,N,Y,42.3280192,-71.2312587
PAST SALE,December-4-2025,Single Family Residential,120 Collins Rd,Waban,MA,02468,2399000,4,2.5,Waban,3230,29598,1929,,743,,Sold,,,https://www.redfin.com/MA/Waban/120-Collins-Rd-02468/home/11457883,MLS PIN,73428888,N,Y,42.323369,-71.2303516
PAST SALE,November-10-2025,Single Family Residential,15 Allen Ave,Waban,MA,02468,1100000,3,1.5,Waban,1945,6574,1930,,566,,Sold,,,https://www.redfin.com/MA/Waban/15-Allen-Ave-02468/home/11451171,MLS PIN,73431829,N,Y,42.3297051,-71.2201733
PAST SALE,March-11-2025,Multi-Family (2-4 Unit),31-33 Cotter Rd,Waban,MA,02468,1600000,4,2,Waban,2862,6060,1925,,559,,Sold,,,https://www.redfin.com/MA/Waban/31-33-Cotter-Rd-02468/home/196592954,MLS PIN,73331289,N,Y,42.335223,-71.2210377
PAST SALE,November-4-2025,Single Family Residential,34 Palmer Rd,Waban,MA,02468,1562500,3,2.5,Newton,2081,11474,1931,,751,,Sold,,,https://www.redfin.com/MA/Waban/34-Palmer-Rd-02468/home/11495505,MLS PIN,73428658,N,Y,42.3260179,-71.2471524
PAST SALE,July-3-2025,Multi-Family (2-4 Unit),886-888 Chestnut St,Waban,MA,02468,1650000,5,3,Waban,2422,13100,1956,,681,,Sold,,,https://www.redfin.com/MA/Waban/886-888-Chestnut-St-02468/home/194886678,MLS PIN,73339469,N,Y,42.319011,-71.2257
PAST SALE,July-30-2025,Townhouse,23 Troy Ln #23,Waban,MA,02468,1640000,4,3.5,Waban,3092,,2016,,530,165,Sold,,,https://www.redfin.com/MA/Waban/23-Troy-Ln-02468/unit-23/home/101649774,MLS PIN,73384998,N,Y,42.3359101,-71.2199682
PAST SALE,November-20-2025,Single Family Residential,479 Chestnut St,Waban,MA,02468,2330000,6,5,Waban,5200,16700,1930,,448,,Sold,,,https://www.redfin.com/MA/Waban/479-Chestnut-St-02468/home/11452687,MLS PIN,73438809,N,Y,42.3332026,-71.2250183
PAST SALE,November-14-2025,Single Family Residential,121 Dorset Rd,Waban,MA,02468,1700000,5,3,Waban,2922,12518,1929,,582,,Sold,,,https://www.redfin.com/MA/Waban/121-Dorset-Rd-02468/home/11456162,MLS PIN,73432307,N,Y,42.3296817,-71.2376879
PAST SALE,October-15-2025,Townhouse,4 Coyne Rd #4,Waban,MA,02468,1775000,3,3.5,Waban,3089,,2020,,575,150,Sold,,,https://www.redfin.com/MA/Waban/4-Coyne-Rd-02468/unit-4/home/172728231,MLS PIN,73421573,N,Y,42.3355779,-71.2223011
PAST SALE,August-4-2025,Single Family Residential,8 Holly Rd,Waban,MA,02468,4825000,6,5,Waban,8502,33426,1927,,568,,Sold,,,https://www.redfin.com/MA/Waban/8-Holly-Rd-02468/home/11455919,MLS PIN,73352307,N,Y,42.3298611,-71.2393236
PAST SALE,May-2-2025,Multi-Family (2-4 Unit),25-27 Cotter Rd,Waban,MA,02468,1575000,4,2,Newton,2854,7050,1925,,552,,Sold,,,https://www.redfin.com/MA/Waban/25-27-Cotter-Rd-02468/home/194561341,MLS PIN,73331288,N,Y,42.335368,-71.221008
PAST SALE,June-27-2025,Single Family Residential,80 Fenwick Rd,Waban,MA,02468,1599000,3,1.5,Waban,2200,6925,1932,,727,,Sold,,,https://www.redfin.com/MA/Waban/80-Fenwick-Rd-02468/home/11457947,MLS PIN,73357878,N,Y,42.3226313,-71.2280952
PAST SALE,April-18-2025,Single Family Residential,28 Samoset Rd,Waban,MA,02468,890000,3,1,Newton,1314,5530,1926,,677,,Sold,,,https://www.redfin.com/MA/Waban/28-Samoset-Rd-02468/home/11437848,MLS PIN,73332374,N,Y,42.3290664,-71.247946
PAST SALE,January-23-2026,Single Family Residential,120 Stanley Rd,Waban,MA,02468,3600000,6,8,Newton,7413,12000,2025,,486,,Sold,,,https://www.redfin.com/MA/Waban/120-Stanley-Rd-02468/home/11497096,MLS PIN,73440180,N,Y,42.320996,-71.2217991
PAST SALE,May-6-2025,Single Family Residential,11 Edgefield Rd,Waban,MA,02468,4357000,6,6.5,Waban,6415,12424,2025,,679,,Sold,,,https://www.redfin.com/MA/Waban/11-Edgefield-Rd-02468/home/11457542,MLS PIN,73338831,N,Y,42.3228262,-71.2326927
PAST SALE,January-2-2026,Single Family Residential,80 Pine Ridge Rd,Waban,MA,02468,2445000,5,4.5,Waban,4183,10992,1904,,585,,Sold,,,https://www.redfin.com/MA/Waban/80-Pine-Ridge-Rd-02468/home/11451511,MLS PIN,73435428,N,Y,42.3274857,-71.2241095
PAST SALE,December-10-2025,Single Family Residential,25 Allen Ave,Waban,MA,02468,1590000,4,2.5,Newton,2297,6531,1930,,692,,Sold,,,https://www.redfin.com/MA/Waban/25-Allen-Ave-02468/home/11451179,MLS PIN,73431949,N,Y,42.3293723,-71.2200887
PAST SALE,February-2-2026,Single Family Residential,1801 Beacon St,Waban,MA,02468,1800000,6,3.5,Waban,3943,15074,1923,,457,,Sold,,,https://www.redfin.com/MA/Waban/1801-Beacon-St-02468/home/11455999,MLS PIN,73435575,N,Y,42.3273869,-71.2374809
PAST SALE,January-16-2026,Single Family Residential,1430 Beacon St,Waban,MA,02468,1980000,4,4.5,Waban,3045,8650,1920,,650,,Sold,,,https://www.redfin.com/MA/Waban/1430-Beacon-St-02468/home/11451089,MLS PIN,73441222,N,Y,42.3296124,-71.2224776
PAST SALE,September-30-2025,Single Family Residential,100 Varick Rd,Waban,MA,02468,2700000,5,5.5,Waban,4883,9600,2024,,553,,Sold,,,https://www.redfin.com/MA/Waban/100-Varick-Rd-02468/home/11456906,MLS PIN,73396940,N,Y,42.32628,-71.2461685
PAST SALE,April-17-2025,Condo/Co-op,20 Kinmonth #202,Waban,MA,02468,1389000,2,2,Newton,1231,,2023,,1128,1004,Sold,,,https://www.redfin.com/MA/Waban/20-Kinmonth-Rd-02468/unit-202/home/190429018,MLS PIN,73287613,N,Y,42.3271214,-71.2315877
PAST SALE,May-30-2025,Condo/Co-op,20 Kinmonth Rd #204,Waban,MA,02468,1375000,2,2,Newton,1260,,2023,,1091,1098,Sold,,,https://www.redfin.com/MA/Waban/20-Kinmonth-Rd-02468/unit-204/home/185099252,MLS PIN,73327717,N,Y,42.3271214,-71.2315877
PAST SALE,September-25-2025,Single Family Residential,37 Radcliff Rd,Waban,MA,02468,5750000,6,8.5,Newton,8811,29274,2020,,653,,Sold,,,https://www.redfin.com/MA/Waban/37-Radcliff-Rd-02468/home/11458074,MLS PIN,73366219,N,Y,42.3207103,-71.2289219
PAST SALE,April-30-2025,Single Family Residential,98 Beethoven Ave,Waban,MA,02468,4015000,6,6.5,Waban,6130,10500,2025,,655,,Sold,,,https://www.redfin.com/MA/Waban/98-Beethoven-Ave-02468/home/11453706,MLS PIN,73322673,N,Y,42.3272387,-71.2186622
PAST SALE,September-30-2025,Single Family Residential,19 Ridge Rd,Waban,MA,02468,2200000,5,3.5,Newton,3918,30390,1914,,562,,Sold,,,https://www.redfin.com/MA/Waban/19-Ridge-Rd-02468/home/11457137,MLS PIN,73380282,N,Y,42.3237312,-71.2444462
PAST SALE,April-11-2025,Multi-Family (2-4 Unit),14-16 Cotter Rd,Waban,MA,02468,1400000,4,2,Waban,2328,6010,1932,,601,,Sold,,,https://www.redfin.com/MA/Waban/14-16-Cotter-Rd-02468/home/192471562,MLS PIN,73288343,N,Y,42.3358779,-71.22055
PAST SALE,June-6-2025,Single Family Residential,265 Varick Rd,Waban,MA,02468,2570000,5,4.5,Waban,4776,13865,2024,,538,,Sold,,,https://www.redfin.com/MA/Waban/265-Varick-Rd-02468/home/11456934,MLS PIN,73307839,N,Y,42.3245718,-71.2478381
PAST SALE,May-23-2025,Condo/Co-op,20 Kinmonth #308,Waban,MA,02468,955000,1,1.5,Newton,937,,2023,,1019,765,Sold,,,https://www.redfin.com/MA/Waban/20-Kinmonth-Rd-02468/unit-308/home/185657703,MLS PIN,73287614,N,Y,42.3271214,-71.2315877
PAST SALE,,Condo/Co-op,4 Coyne Rd #2,Waban,MA,02468,1775000,3,3.5,,1936,,2019,,917,,,,,https://www.redfin.com/MA/Waban/4-Coyne-Rd-02468/unit-2/home/184580886,,,N,Y,42.3354758,-71.2220354
PAST SALE,,Condo/Co-op,25 Troy Ln #23,Waban,MA,02468,1640000,3,3.5,,2247,,2014,,730,,,,,https://www.redfin.com/MA/Waban/25-Troy-Ln-02468/unit-23/home/11450414,,,N,Y,42.3359057,-71.2199252
PAST SALE,,Single Family Residential,151 Pine Ridge Rd,Waban,MA,02468,1325000,5,3.5,,2814,14810,1890,,471,,,,,https://www.redfin.com/MA/Waban/151-Pine-Ridge-Rd-02468/home/11451964,,,N,Y,42.3277834,-71.227365
PAST SALE,October-14-2025,Single Family Residential,5 Southwick,Waban,MA,02468,2425000,4,3.5,Waban,4364,13454,1939,,556,,Sold,,,https://www.redfin.com/MA/Waban/5-Southwick-Rd-02468/home/11457902,MLS PIN,73424191,N,Y,42.3244242,-71.2304406
PAST SALE,,Condo/Co-op,896 Chestnut St #1,Waban,MA,02468,1750000,4,3.5,,2021,,2017,,866,,,,,https://www.redfin.com/MA/Waban/896-Chestnut-St-02468/unit-1/home/113430216,,,N,Y,42.3186662,-71.2254293
PAST SALE,October-30-2025,Single Family Residential,15 Selden St,Waban,MA,02468,1450000,3,1.5,Waban,1742,5854,1933,,832,,Sold,,,https://www.redfin.com/MA/Waban/15-Selden-St-02468/home/11453992,MLS PIN,73428950,N,Y,42.3248689,-71.2184983
PAST SALE,May-22-2025,Single Family Residential,19 Kelveden Rd,Waban,MA,02468,3050000,4,3.5,Waban,4780,13300,1926,,638,,Sold,,,https://www.redfin.com/MA/Waban/19-Kelveden-Rd-02468/home/11456659,MLS PIN,73349890,N,Y,42.3261526,-71.2408308
PAST SALE,June-24-2025,Single Family Residential,140 Paulson Rd,Waban,MA,02468,1845000,3,3,Waban,2487,15710,1947,,742,,Sold,,,https://www.redfin.com/MA/Waban/140-Paulson-Rd-02468/home/11450208,MLS PIN,73376401,N,Y,42.3327506,-71.2182262
PAST SALE,October-24-2025,Single Family Residential,26 Dorset Rd,Waban,MA,02468,2495000,4,2.5,Waban,3137,13000,1912,,795,,Sold,,,https://www.redfin.com/MA/Waban/26-Dorset-Rd-02468/home/11456022,MLS PIN,73427744,N,Y,42.3277534,-71.2355326
PAST SALE,June-27-2025,Single Family Residential,77 Larchmont Ave,Waban,MA,02468,1925000,5,2.5,Waban,2596,6620,1930,,742,,Sold,,,https://www.redfin.com/MA/Waban/77-Larchmont-Ave-02468/home/11453248,MLS PIN,73367296,N,Y,42.3238751,-71.2251878
PAST SALE,March-7-2025,Single Family Residential,89 Beethoven Ave,Waban,MA,02468,1900000,5,3.5,Newton,2450,10500,1940,,776,,Sold,,,https://www.redfin.com/MA/Waban/89-Beethoven-Ave-02468/home/11496912,MLS PIN,73334635,N,Y,42.3276338,-71.2189809
PAST SALE,July-15-2025,Single Family Residential,67 Annawan Rd,Waban,MA,02468,2650000,6,3.5,Waban,4100,22780,1935,,646,,Sold,,,https://www.redfin.com/MA/Waban/67-Annawan-Rd-02468/home/11457365,MLS PIN,73396209,N,Y,42.3239573,-71.2340796
PAST SALE,October-3-2025,Single Family Residential,16 Fairlee Rd,Waban,MA,02468,1425000,4,2,Waban,1665,8750,1940,,856,,Sold,,,https://www.redfin.com/MA/Waban/16-Fairlee-Rd-02468/home/11453418,MLS PIN,73424356,N,Y,42.3228427,-71.2214985
PAST SALE,October-17-2025,Single Family Residential,925 Chestnut St,Waban,MA,02468,833000,3,1,Waban,1176,6848,1925,,708,,Sold,,,https://www.redfin.com/MA/Waban/925-Chestnut-St-02468/home/11458141,MLS PIN,73405324,N,Y,42.3174625,-71.2261247
PAST SALE,November-21-2025,Single Family Residential,12 Alban Rd,Waban,MA,02468,4380000,6,5.5,Waban,7594,17196,2008,,577,,Sold,,,https://www.redfin.com/MA/Waban/12-Alban-Rd-02468/home/11456642,MLS PIN,73424347,N,Y,42.3267528,-71.2407327
PAST SALE,January-2-2026,Single Family Residential,10 Lorraine Cir,Waban,MA,02468,1650000,4,3,Newton,2812,10010,1983,,587,,Sold,,,https://www.redfin.com/MA/Waban/10-Lorraine-Cir-02468/home/11455805,MLS PIN,73451556,N,Y,42.3297679,-71.2416906
PAST SALE,July-21-2025,Single Family Residential,186 Nehoiden Rd,Waban,MA,02468,2600000,4,2.5,Waban,4062,12106,1930,,640,,Sold,,,https://www.redfin.com/MA/Waban/186-Nehoiden-Rd-02468/home/11456613,MLS PIN,73381620,N,Y,42.3275458,-71.2417094
PAST SALE,June-23-2025,Single Family Residential,45 Plainfield St,Waban,MA,02468,2955000,4,3.5,Newton,4413,12250,1927,,670,,Sold,,,https://www.redfin.com/MA/Waban/45-Plainfield-St-02468/home/11496937,MLS PIN,73367394,N,Y,42.3266074,-71.2240785
PAST SALE,March-31-2025,Single Family Residential,11 Quidnic Rd,Waban,MA,02468,2500000,4,3.5,Dorset Circle,4250,16316,1919,,588,,Sold,,,https://www.redfin.com/MA/Waban/11-Quidnic-Rd-02468/home/11455942,MLS PIN,73336501,N,Y,42.328984,-71.2376529
PAST SALE,April-30-2025,Single Family Residential,205 Waban Ave,Waban,MA,02468,2100000,5,4.5,Waban,4885,12740,1920,,430,,Sold,,,https://www.redfin.com/MA/Waban/205-Waban-Ave-02468/home/11456455,MLS PIN,73341250,N,Y,42.3244166,-71.2396354
PAST SALE,March-31-2025,Single Family Residential,896 Chestnut St,Waban,MA,02468,1750000,4,3.5,Waban,3590,10379,2018,,487,,Sold,,,https://www.redfin.com/MA/Waban/896-Chestnut-St-02468/home/195042826,MLS PIN,73345542,N,Y,42.3186702,-71.2254254
PAST SALE,April-28-2025,Single Family Residential,41 Amherst Rd,Waban,MA,02468,1850000,5,3.5,Newton,2663,11248,1949,,695,,Sold,,,https://www.redfin.com/MA/Waban/41-Amherst-Rd-02468/home/11497075,MLS PIN,73344562,N,Y,42.3208281,-71.2250301
PAST SALE,May-28-2025,Single Family Residential,1530 Beacon St,Waban,MA,02468,2950000,5,3.5,Waban,4470,15978,1900,,660,,Sold,,,https://www.redfin.com/MA/Waban/1530-Beacon-St-02468/home/11452009,MLS PIN,73350263,N,Y,42.3286085,-71.2267241
PAST SALE,December-2-2025,Single Family Residential,513 Chestnut St,Waban,MA,02468,1975000,5,3.5,Newton,2821,12948,1926,,700,,Sold,,,https://www.redfin.com/MA/Waban/513-Chestnut-St-02468/home/11452408,MLS PIN,73424981,N,Y,42.332041,-71.2248338
PAST SALE,August-14-2025,Single Family Residential,787 Chestnut St,Waban,MA,02468,1740000,4,2.5,Waban,2520,20635,1900,,690,,Sold,,,https://www.redfin.com/MA/Waban/787-Chestnut-St-02468/home/11457937,MLS PIN,73381488,N,Y,42.3227912,-71.2272316
PAST SALE,August-14-2025,Multi-Family (2-4 Unit),916 - 918 Chestnut St,Waban,MA,02468,1390000,7,3,Waban,4633,7150,1920,,300,,Sold,,,https://www.redfin.com/MA/Waban/918-Chestnut-St-02468/home/11452861,MLS PIN,73400920,N,Y,42.3177595,-71.2256739
PAST SALE,October-30-2025,Single Family Residential,1865 Beacon St,Waban,MA,02468,1999000,5,3.5,Newton,3475,11295,1910,,575,,Sold,,,https://www.redfin.com/MA/Waban/1865-Beacon-St-02468/home/11455889,MLS PIN,73427746,Y,Y,42.3283672,-71.2401589
PAST SALE,January-15-2026,Single Family Residential,131 Oliver Rd,Waban,MA,02468,2800000,6,4.5,Waban,5141,12169,1938,,545,,Sold,,,https://www.redfin.com/MA/Waban/131-Oliver-Rd-02468/home/11452969,MLS PIN,73448088,N,Y,42.3205373,-71.223986
PAST SALE,June-12-2025,Single Family Residential,286 Quinobequin Rd,Waban,MA,02468,1700000,4,3.5,Waban,3061,7980,1938,,555,,Sold,,,https://www.redfin.com/MA/Waban/286-Quinobequin-Rd-02468/home/11457102,MLS PIN,73367381,N,Y,42.3220589,-71.2442752
PAST SALE,March-14-2025,Single Family Residential,197 Nehoiden Rd,Waban,MA,02468,4151000,6,6.5,Waban,6734,14212,2022,,616,,Sold,,,https://www.redfin.com/MA/Waban/197-Nehoiden-Rd-02468/home/11456543,MLS PIN,73328495,N,Y,42.3281512,-71.2416805
PAST SALE,September-30-2025,Single Family Residential,40 Windsor Rd,Waban,MA,02468,7805000,6,7,Waban,9338,23684,2024,,836,,Sold,,,https://www.redfin.com/MA/Waban/40-Windsor-Rd-02468/home/11452019,MLS PIN,73313936,N,Y,42.3280192,-71.2312587
PAST SALE,December-4-2025,Single Family Residential,120 Collins Rd,Waban,MA,02468,2399000,4,2.5,Waban,3230,29598,1929,,743,,Sold,,,https://www.redfin.com/MA/Waban/120-Collins-Rd-02468/home/11457883,MLS PIN,73428888,N,Y,42.323369,-71.2303516
PAST SALE,November-10-2025,Single Family Residential,15 Allen Ave,Waban,MA,02468,1100000,3,1.5,Waban,1945,6574,1930,,566,,Sold,,,https://www.redfin.com/MA/Waban/15-Allen-Ave-02468/home/11451171,MLS PIN,73431829,N,Y,42.3297051,-71.2201733
PAST SALE,March-11-2025,Multi-Family (2-4 Unit),31-33 Cotter Rd,Waban,MA,02468,1600000,4,2,Waban,2862,6060,1925,,559,,Sold,,,https://www.redfin.com/MA/Waban/31-33-Cotter-Rd-02468/home/196592954,MLS PIN,73331289,N,Y,42.335223,-71.2210377
PAST SALE,November-4-2025,Single Family Residential,34 Palmer Rd,Waban,MA,02468,1562500,3,2.5,Newton,2081,11474,1931,,751,,Sold,,,https://www.redfin.com/MA/Waban/34-Palmer-Rd-02468/home/11495505,MLS PIN,73428658,N,Y,42.3260179,-71.2471524
PAST SALE,July-3-2025,Multi-Family (2-4 Unit),886-888 Chestnut St,Waban,MA,02468,1650000,5,3,Waban,2422,13100,1956,,681,,Sold,,,https://www.redfin.com/MA/Waban/886-888-Chestnut-St-02468/home/194886678,MLS PIN,73339469,N,Y,42.319011,-71.2257
PAST SALE,July-30-2025,Townhouse,23 Troy Ln #23,Waban,MA,02468,1640000,4,3.5,Waban,3092,,2016,,530,165,Sold,,,https://www.redfin.com/MA/Waban/23-Troy-Ln-02468/unit-23/home/101649774,MLS PIN,73384998,N,Y,42.3359101,-71.2199682
PAST SALE,November-20-2025,Single Family Residential,479 Chestnut St,Waban,MA,02468,2330000,6,5,Waban,5200,16700,1930,,448,,Sold,,,https://www.redfin.com/MA/Waban/479-Chestnut-St-02468/home/11452687,MLS PIN,73438809,N,Y,42.3332026,-71.2250183
PAST SALE,November-14-2025,Single Family Residential,121 Dorset Rd,Waban,MA,02468,1700000,5,3,Waban,2922,12518,1929,,582,,Sold,,,https://www.redfin.com/MA/Waban/121-Dorset-Rd-02468/home/11456162,MLS PIN,73432307,N,Y,42.3296817,-71.2376879
PAST SALE,October-15-2025,Townhouse,4 Coyne Rd #4,Waban,MA,02468,1775000,3,3.5,Waban,3089,,2020,,575,150,Sold,,,https://www.redfin.com/MA/Waban/4-Coyne-Rd-02468/unit-4/home/172728231,MLS PIN,73421573,N,Y,42.3355779,-71.2223011
PAST SALE,August-4-2025,Single Family Residential,8 Holly Rd,Waban,MA,02468,4825000,6,5,Waban,8502,33426,1927,,568,,Sold,,,https://www.redfin.com/MA/Waban/8-Holly-Rd-02468/home/11455919,MLS PIN,73352307,N,Y,42.3298611,-71.2393236
PAST SALE,May-2-2025,Multi-Family (2-4 Unit),25-27 Cotter Rd,Waban,MA,02468,1575000,4,2,Newton,2854,7050,1925,,552,,Sold,,,https://www.redfin.com/MA/Waban/25-27-Cotter-Rd-02468/home/194561341,MLS PIN,73331288,N,Y,42.335368,-71.221008
PAST SALE,June-27-2025,Single Family Residential,80 Fenwick Rd,Waban,MA,02468,1599000,3,1.5,Waban,2200,6925,1932,,727,,Sold,,,https://www.redfin.com/MA/Waban/80-Fenwick-Rd-02468/home/11457947,MLS PIN,73357878,N,Y,42.3226313,-71.2280952
PAST SALE,April-18-2025,Single Family Residential,28 Samoset Rd,Waban,MA,02468,890000,3,1,Newton,1314,5530,1926,,677,,Sold,,,https://www.redfin.com/MA/Waban/28-Samoset-Rd-02468/home/11437848,MLS PIN,73332374,N,Y,42.3290664,-71.247946
PAST SALE,January-23-2026,Single Family Residential,120 Stanley Rd,Waban,MA,02468,3600000,6,8,Newton,7413,12000,2025,,486,,Sold,,,https://www.redfin.com/MA/Waban/120-Stanley-Rd-02468/home/11497096,MLS PIN,73440180,N,Y,42.320996,-71.2217991
PAST SALE,May-6-2025,Single Family Residential,11 Edgefield Rd,Waban,MA,02468,4357000,6,6.5,Waban,6415,12424,2025,,679,,Sold,,,https://www.redfin.com/MA/Waban/11-Edgefield-Rd-02468/home/11457542,MLS PIN,73338831,N,Y,42.3228262,-71.2326927
PAST SALE,January-2-2026,Single Family Residential,80 Pine Ridge Rd,Waban,MA,02468,2445000,5,4.5,Waban,4183,10992,1904,,585,,Sold,,,https://www.redfin.com/MA/Waban/80-Pine-Ridge-Rd-02468/home/11451511,MLS PIN,73435428,N,Y,42.3274857,-71.2241095
PAST SALE,December-10-2025,Single Family Residential,25 Allen Ave,Waban,MA,02468,1590000,4,2.5,Newton,2297,6531,1930,,692,,Sold,,,https://www.redfin.com/MA/Waban/25-Allen-Ave-02468/home/11451179,MLS PIN,73431949,N,Y,42.3293723,-71.2200887
PAST SALE,February-2-2026,Single Family Residential,1801 Beacon St,Waban,MA,02468,1800000,6,3.5,Waban,3943,15074,1923,,457,,Sold,,,https://www.redfin.com/MA/Waban/1801-Beacon-St-02468/home/11455999,MLS PIN,73435575,N,Y,42.3273869,-71.2374809
PAST SALE,January-16-2026,Single Family Residential,1430 Beacon St,Waban,MA,02468,1980000,4,4.5,Waban,3045,8650,1920,,650,,Sold,,,https://www.redfin.com/MA/Waban/1430-Beacon-St-02468/home/11451089,MLS PIN,73441222,N,Y,42.3296124,-71.2224776
PAST SALE,September-30-2025,Single Family Residential,100 Varick Rd,Waban,MA,02468,2700000,5,5.5,Waban,4883,9600,2024,,553,,Sold,,,https://www.redfin.com/MA/Waban/100-Varick-Rd-02468/home/11456906,MLS PIN,73396940,N,Y,42.32628,-71.2461685
PAST SALE,April-17-2025,Condo/Co-op,20 Kinmonth #202,Waban,MA,02468,1389000,2,2,Newton,1231,,2023,,1128,1004,Sold,,,https://www.redfin.com/MA/Waban/20-Kinmonth-Rd-02468/unit-202/home/190429018,MLS PIN,73287613,N,Y,42.3271214,-71.2315877
PAST SALE,May-30-2025,Condo/Co-op,20 Kinmonth Rd #204,Waban,MA,02468,1375000,2,2,Newton,1260,,2023,,1091,1098,Sold,,,https://www.redfin.com/MA/Waban/20-Kinmonth-Rd-02468/unit-204/home/185099252,MLS PIN,73327717,N,Y,42.3271214,-71.2315877
PAST SALE,September-25-2025,Single Family Residential,37 Radcliff Rd,Waban,MA,02468,5750000,6,8.5,Newton,8811,29274,2020,,653,,Sold,,,https://www.redfin.com/MA/Waban/37-Radcliff-Rd-02468/home/11458074,MLS PIN,73366219,N,Y,42.3207103,-71.2289219
PAST SALE,April-30-2025,Single Family Residential,98 Beethoven Ave,Waban,MA,02468,4015000,6,6.5,Waban,6130,10500,2025,,655,,Sold,,,https://www.redfin.com/MA/Waban/98-Beethoven-Ave-02468/home/11453706,MLS PIN,73322673,N,Y,42.3272387,-71.2186622
PAST SALE,September-30-2025,Single Family Residential,19 Ridge Rd,Waban,MA,02468,2200000,5,3.5,Newton,3918,30390,1914,,562,,Sold,,,https://www.redfin.com/MA/Waban/19-Ridge-Rd-02468/home/11457137,MLS PIN,73380282,N,Y,42.3237312,-71.2444462
PAST SALE,April-11-2025,Multi-Family (2-4 Unit),14-16 Cotter Rd,Waban,MA,02468,1400000,4,2,Waban,2328,6010,1932,,601,,Sold,,,https://www.redfin.com/MA/Waban/14-16-Cotter-Rd-02468/home/192471562,MLS PIN,73288343,N,Y,42.3358779,-71.22055
PAST SALE,June-6-2025,Single Family Residential,265 Varick Rd,Waban,MA,02468,2570000,5,4.5,Waban,4776,13865,2024,,538,,Sold,,,https://www.redfin.com/MA/Waban/265-Varick-Rd-02468/home/11456934,MLS PIN,73307839,N,Y,42.3245718,-71.2478381
PAST SALE,May-23-2025,Condo/Co-op,20 Kinmonth #308,Waban,MA,02468,955000,1,1.5,Newton,937,,2023,,1019,765,Sold,,,https://www.redfin.com/MA/Waban/20-Kinmonth-Rd-02468/unit-308/home/185657703,MLS PIN,73287614,N,Y,42.3271214,-71.2315877
PAST SALE,,Condo/Co-op,4 Coyne Rd #2,Waban,MA,02468,1775000,3,3.5,,1936,,2019,,917,,,,,https://www.redfin.com/MA/Waban/4-Coyne-Rd-02468/unit-2/home/184580886,,,N,Y,42.3354758,-71.2220354
PAST SALE,,Condo/Co-op,25 Troy Ln #23,Waban,MA,02468,1640000,3,3.5,,2247,,2014,,730,,,,,https://www.redfin.com/MA/Waban/25-Troy-Ln-02468/unit-23/home/11450414,,,N,Y,42.3359057,-71.2199252
PAST SALE,,Single Family Residential,151 Pine Ridge Rd,Waban,MA,02468,1325000,5,3.5,,2814,14810,1890,,471,,,,,https://www.redfin.com/MA/Waban/151-Pine-Ridge-Rd-02468/home/11451964,,,N,Y,42.3277834,-71.227365
PAST SALE,April-18-2025,Single Family Residential,82 Deer Path Ln,Weston,MA,02493,2200000,3,3,Weston,5264,90492,1968,,418,,Sold,,,https://www.redfin.com/MA/Weston/82-Deer-Path-Ln-02493/home/8787508,MLS PIN,73343054,N,Y,42.3431368,-71.3279378
PAST SALE,December-11-2025,Single Family Residential,19 Warren Ln,Weston,MA,02493,1500000,4,3,Weston,2667,175111,1938,,562,,Sold,,,https://www.redfin.com/MA/Weston/19-Warren-Ln-02493/home/8782386,MLS PIN,73439196,N,Y,42.3693423,-71.3151214
PAST SALE,August-8-2025,Single Family Residential,33 Winter St,Weston,MA,02493,1500000,3,2.5,Weston,2206,60436,1979,,680,,Sold,,,https://www.redfin.com/MA/Weston/33-Winter-St-02493/home/8789083,MLS PIN,73402879,N,Y,42.338451,-71.3146803
PAST SALE,May-9-2025,Condo/Co-op,8 Kettle Ln #8,Weston,MA,02493,3500000,3,4,Weston,4000,,2010,,875,2882,Sold,,,https://www.redfin.com/MA/Weston/8-Kettle-Ln-02493/unit-8/home/44644975,MLS PIN,73354162,N,Y,42.361882,-71.3186392
PAST SALE,October-3-2025,Single Family Residential,100 Chestnut St,Weston,MA,02493,7300000,5,6.5,Weston,8205,147556,1992,,890,,Sold,,,https://www.redfin.com/MA/Weston/100-Chestnut-St-02493/home/8785386,MLS PIN,73433821,N,Y,42.3575428,-71.3142402
PAST SALE,October-15-2025,Single Family Residential,50 Hubbard Rd,Weston,MA,02493,2100000,4,3.5,Weston,3220,92234,1958,,652,,Sold,,,https://www.redfin.com/MA/Weston/50-Hubbard-Rd-02493/home/8791055,MLS PIN,73428829,N,Y,42.331525,-71.2824316
PAST SALE,July-22-2025,Single Family Residential,3 Drumlin Rd,Weston,MA,02493,3199000,5,4.5,Weston,6930,46174,1999,,462,,Sold,,,https://www.redfin.com/MA/Weston/3-Drumlin-Rd-02493/home/8775978,MLS PIN,73366693,N,Y,42.3200963,-71.326157
PAST SALE,May-2-2025,Single Family Residential,50 Northgate Rd,Wellesley,MA,02481,2058000,4,3.5,Northgate,2820,10031,1951,,730,,Sold,,,https://www.redfin.com/MA/Wellesley/50-Northgate-Rd-02481/home/8995855,MLS PIN,73338907,N,Y,42.3171199,-71.3136132
PAST SALE,August-19-2025,Single Family Residential,14 Overlook Dr,Weston,MA,02493,1650000,3,2,Weston,2496,67841,1960,,661,,Sold,,,https://www.redfin.com/MA/Weston/14-Overlook-Dr-02493/home/8780658,MLS PIN,73405479,N,Y,42.386875,-71.2861138
PAST SALE,,Condo/Co-op,5 Peakes Ln #5,Weston,MA,02493,2000000,3,2.5,,2771,,2021,,722,,,,,https://www.redfin.com/MA/Weston/5-Peakes-Ln-02493/unit-5/home/182071693,,,Y,Y,42.3934873,-71.301667
PAST SALE,May-15-2025,Single Family Residential,14 Bradford Rd,Weston,MA,02493,2030000,7,3,Weston,4800,70454,1958,,423,,Sold,,,https://www.redfin.com/MA/Weston/14-Bradford-Rd-02493/home/8778837,MLS PIN,73351185,N,Y,42.3946855,-71.2868683
PAST SALE,May-28-2025,Single Family Residential,7 Highland St,Weston,MA,02493,1525000,4,2.5,Weston,2369,12481,1929,,644,,Sold,,,https://www.redfin.com/MA/Weston/7-Highland-St-02493/home/8783725,MLS PIN,73354360,N,Y,42.3642395,-71.3143228
PAST SALE,June-4-2025,Single Family Residential,15 Bakers Hill Rd,Weston,MA,02493,2060000,4,2.5,Weston,3734,30019,1964,,552,,Sold,,,https://www.redfin.com/MA/Weston/15-Bakers-Hill-Rd-02493/home/8779873,MLS PIN,73350715,N,Y,42.3857752,-71.3061825
PAST SALE,February-3-2026,Single Family Residential,30 Radcliffe Rd,Weston,MA,02493,1788000,5,3.5,South Side,5482,61742,1958,,326,,Sold,,,https://www.redfin.com/MA/Weston/30-Radcliffe-Rd-02493/home/8791810,MLS PIN,73466143,N,Y,42.3259825,-71.3129957
PAST SALE,July-3-2025,Single Family Residential,19 Pelham Rd,Weston,MA,02493,2700000,5,3.5,Southside,3953,49247,1935,,683,,Sold,,,https://www.redfin.com/MA/Weston/19-Pelham-Rd-02493/home/8787879,MLS PIN,73354743,N,Y,42.3451745,-71.3193473
PAST SALE,April-9-2025,Single Family Residential,24 Colonial Way,Weston,MA,02493,4500000,5,6,South side,7351,69148,1970,,612,,Sold,,,https://www.redfin.com/MA/Weston/24-Colonial-Way-02493/home/8788188,MLS PIN,73337316,N,Y,42.3452502,-71.3018744
PAST SALE,May-5-2025,Single Family Residential,304 Highland St,Weston,MA,02493,1765000,4,3.5,Weston,2496,41382,1931,,707,,Sold,,,https://www.redfin.com/MA/Weston/304-Highland-St-02493/home/8787866,MLS PIN,73342305,N,Y,42.3449563,-71.3201688
PAST SALE,May-23-2025,Townhouse,1 Livermore Ln #1,Weston,MA,02493,425700,3,2.5,Weston,1216,,2002,,350,1280,Sold,,,https://www.redfin.com/MA/Weston/1-Livermore-Ln-02493/unit-1/home/194936117,MLS PIN,73341153,N,Y,42.359685,-71.319306
PAST SALE,April-10-2025,Single Family Residential,74 Chestnut St,Weston,MA,02493,1828000,5,3.5,Weston,3112,102253,1881,,587,,Sold,,,https://www.redfin.com/MA/Weston/74-Chestnut-St-02493/home/8785429,MLS PIN,73342813,N,Y,42.3556944,-71.3108235
PAST SALE,June-26-2025,Single Family Residential,200 South Ave,Weston,MA,02493,2300000,4,3.5,Weston,5012,53077,2015,,459,,Sold,,,https://www.redfin.com/MA/Weston/200-South-Ave-02493/home/8789746,MLS PIN,73366625,N,Y,42.3397002,-71.2789269
PAST SALE,July-16-2025,Single Family Residential,20 Maple Rd,Weston,MA,02493,1750000,4,2.5,Weston,2856,27000,1890,,613,,Sold,,,https://www.redfin.com/MA/Weston/20-Maple-Rd-02493/home/8784582,MLS PIN,73364852,N,Y,42.3642202,-71.2934631
PAST SALE,July-28-2025,Single Family Residential,217 Conant Rd,Weston,MA,02493,1620000,5,2.5,Weston,2507,30003,1931,,646,,Sold,,,https://www.redfin.com/MA/Weston/217-Conant-Rd-02493/home/8779597,MLS PIN,73390318,N,Y,42.3838216,-71.2973772
PAST SALE,May-1-2025,Single Family Residential,131 Radcliffe Rd,Weston,MA,02493,3350000,5,6,Weston,6391,62614,2001,,524,,Sold,,,https://www.redfin.com/MA/Weston/131-Radcliffe-Rd-02493/home/8791686,MLS PIN,73342662,N,Y,42.3256521,-71.3211204
PAST SALE,May-15-2025,Single Family Residential,27 Brenton,Weston,MA,02493,2680000,4,4.5,Weston,5660,101494,1987,,473,,Sold,,,https://www.redfin.com/MA/Weston/27-Brenton-Rd-02493/home/8793380,MLS PIN,73336940,N,Y,42.3189706,-71.3266221
PAST SALE,October-14-2025,Single Family Residential,26 White Oak Rd,Wellesley,MA,02481,4558000,5,5,Wellesley Farms,6160,40427,1959,,740,,Sold,,,https://www.redfin.com/MA/Wellesley/26-White-Oak-Rd-02481/home/8981834,MLS PIN,73425349,N,Y,42.3233155,-71.2886041
PAST SALE,May-6-2025,Single Family Residential,110 Cherry Brook Rd,Weston,MA,02493,2390000,5,2.5,Weston,4615,62178,1960,,518,,Sold,,,https://www.redfin.com/MA/Weston/110-Cherry-Brook-Rd-02493/home/8777228,MLS PIN,73338784,N,Y,42.3904155,-71.3140918
PAST SALE,July-17-2025,Single Family Residential,15 Spruce Hill Rd,Weston,MA,02493,3595000,5,6.5,Weston,7169,91040,2002,,501,,Sold,,,https://www.redfin.com/MA/Weston/15-Spruce-Hill-Rd-02493/home/8778747,MLS PIN,73358925,N,Y,42.3891144,-71.2862747
PAST SALE,August-21-2025,Townhouse,80 Jericho Rd #80,Weston,MA,02493,850000,2,2.5,Weston,1360,,1980,,625,663,Sold,,,https://www.redfin.com/MA/Weston/80-Jericho-Rd-02493/unit-80/home/77494015,MLS PIN,73406326,N,Y,42.3699622,-71.3110233
PAST SALE,May-23-2025,Single Family Residential,12 Highland St,Weston,MA,02493,1050000,3,1.5,Weston,1628,43610,1880,,645,,Sold,,,https://www.redfin.com/MA/Weston/12-Highland-St-02493/home/8783672,MLS PIN,73347594,N,Y,42.3638664,-71.3137988
PAST SALE,February-12-2026,Single Family Residential,121 Cherry Brook Rd,Weston,MA,02493,2100000,4,3.5,Weston,3495,96155,1962,,601,,Sold,,,https://www.redfin.com/MA/Weston/121-Cherry-Brook-Rd-02493/home/11685384,MLS PIN,73459672,N,Y,42.3902763,-71.3153449
PAST SALE,January-2-2026,Townhouse,5 Peakes Ln #5,Weston,MA,02493,2000000,3,4.5,Weston,3161,,2021,,633,690,Sold,,,https://www.redfin.com/MA/Weston/5-Peakes-LN-02493/unit-5/home/177931881,MLS PIN,73446137,N,Y,42.393487,-71.301667
PAST SALE,September-17-2025,Condo/Co-op,115 Jericho Rd #115,Weston,MA,02493,740000,2,2,Weston,1359,,1980,,545,726,Sold,,,https://www.redfin.com/MA/Weston/115-Jericho-Rd-02493/unit-115/home/197016551,MLS PIN,73417405,N,Y,42.3695985,-71.3086449
PAST SALE,February-13-2026,Single Family Residential,23 Stonecroft Cir,Weston,MA,02493,4250000,4,6,Southside Estate area,8051,60000,2002,,528,,Sold,,,https://www.redfin.com/MA/Weston/23-Stonecroft-Cir-02493/home/8789580,MLS PIN,73452306,N,Y,42.335272,-71.2845673
PAST SALE,November-14-2025,Single Family Residential,45 Forest Ridge Rd,Weston,MA,02493,1605000,4,2.5,Weston,2300,42867,1968,,698,,Sold,,,https://www.redfin.com/MA/Weston/45-Forest-Ridge-Rd-02493/home/8782261,MLS PIN,73431404,N,Y,42.3776157,-71.2767014
PAST SALE,January-12-2026,Vacant Land,3 October Ln,Weston,MA,02493,1200000,,,Weston,,34245,,,,,Sold,,,https://www.redfin.com/MA/Weston/3-October-Ln-02493/home/198949175,MLS PIN,73452862,N,Y,42.3863338,-71.296957
PAST SALE,April-10-2025,Condo/Co-op,15 Dickson Ln #15,Weston,MA,02493,1300000,3,2.5,Weston,2777,,1996,,468,720,Sold,,,https://www.redfin.com/MA/Weston/15-Dickson-Ln-02493/unit-15/home/195025733,MLS PIN,73345348,N,Y,42.3332346,-71.3156492
PAST SALE,July-1-2025,Single Family Residential,80 Black Oak Rd,Weston,MA,02493,2600000,5,3.5,Weston,4395,59848,1963,,592,,Sold,,,https://www.redfin.com/MA/Weston/80-Black-Oak-Rd-02493/home/11439009,MLS PIN,73356053,N,Y,42.346392,-71.3278569
PAST SALE,July-24-2025,Single Family Residential,111 Sudbury Rd,Weston,MA,02493,2800000,4,5.5,Weston,5624,151476,1715,,498,,Sold,,,https://www.redfin.com/MA/Weston/111-Sudbury-Rd-02493/home/8779056,MLS PIN,73350463,N,Y,42.3868652,-71.3315553
PAST SALE,September-15-2025,Single Family Residential,10 Old Rd,Weston,MA,02493,2650000,5,5,Weston,5647,62614,1987,,469,,Sold,,,https://www.redfin.com/MA/Weston/10-Old-Rd-02493/home/8782858,MLS PIN,73400770,N,Y,42.3731584,-71.292475
PAST SALE,December-8-2025,Condo/Co-op,8 Jericho Rd #8,Weston,MA,02493,802000,2,2,Weston,1359,,1980,,590,726,Sold,,,https://www.redfin.com/MA/Weston/8-Jericho-Rd-02493/unit-8/home/185514117,MLS PIN,73449501,N,Y,42.3694215,-71.3098456
PAST SALE,June-30-2025,Condo/Co-op,105 Jericho Rd #105,Weston,MA,02493,802000,2,2,Weston,1359,,1980,,590,674,Sold,,,https://www.redfin.com/MA/Weston/105-Jericho-Rd-02493/unit-105/home/8794772,MLS PIN,73364903,N,Y,42.3685786,-71.3097306
PAST SALE,August-15-2025,Vacant Land,725 Wellesley St,Weston,MA,02493,1530000,,,Weston,,84394,,,,,Sold,,,https://www.redfin.com/MA/Weston/725-Wellesley-St-02493/home/8793529,MLS PIN,73400240,N,Y,42.3191068,-71.3160671
PAST SALE,August-27-2025,Single Family Residential,288 Glen Rd,Weston,MA,02493,1200000,5,3.5,Weston,2864,16553,1923,,419,,Sold,,,https://www.redfin.com/MA/Weston/288-Glen-Rd-02493/home/8793168,MLS PIN,73364935,N,Y,42.3266796,-71.2879504
PAST SALE,May-15-2025,Single Family Residential,243 Ridgeway Rd,Weston,MA,02493,2960000,4,5,Weston,4624,36155,1940,,640,,Sold,,,https://www.redfin.com/MA/Weston/243-Ridgeway-Rd-02493/home/8793207,MLS PIN,73334028,N,Y,42.3266486,-71.2788606
PAST SALE,June-16-2025,Single Family Residential,65 Colchester Rd,Weston,MA,02493,3550000,4,5,Weston,6816,40471,1991,,521,,Sold,,,https://www.redfin.com/MA/Weston/65-Colchester-Rd-02493/home/8781705,MLS PIN,73342259,N,Y,42.3776554,-71.3047302
PAST SALE,July-14-2025,Single Family Residential,9 Newton St,Weston,MA,02493,1755000,3,2.5,Weston,2841,47171,1946,,618,,Sold,,,https://www.redfin.com/MA/Weston/9-Newton-St-02493/home/11685522,MLS PIN,73368095,N,Y,42.3417667,-71.2758831
PAST SALE,July-22-2025,Single Family Residential,46 Golden Ball Rd,Weston,MA,02493,945000,3,1.5,Weston,920,8407,1920,,1027,,Sold,,,https://www.redfin.com/MA/Weston/46-Golden-Ball-Rd-02493/home/8784056,MLS PIN,73381048,N,Y,42.3620205,-71.3096873
PAST SALE,May-1-2025,Single Family Residential,3 Tamarack Rd,Weston,MA,02493,2632500,5,3.5,Weston,4905,60436,1972,,537,,Sold,,,https://www.redfin.com/MA/Weston/3-Tamarack-Rd-02493/home/8789929,MLS PIN,73338802,N,Y,42.3367941,-71.2727525
PAST SALE,July-31-2025,Single Family Residential,58 Webster Rd,Weston,MA,02493,5275000,6,5,Weston,5820,179467,1921,,906,,Sold,,,https://www.redfin.com/MA/Weston/58-Webster-Rd-02493/home/8781960,MLS PIN,73372663,N,Y,42.3774267,-71.2894625
PAST SALE,August-22-2025,Single Family Residential,39 Westerly Rd,Weston,MA,02493,3287500,5,3.5,Weston Estates,6461,60000,1968,,509,,Sold,,,https://www.redfin.com/MA/Weston/39-Westerly-Rd-02493/home/8785271,MLS PIN,73345291,N,Y,42.3547486,-71.3284856
PAST SALE,July-15-2025,Single Family Residential,110 North Ave,Weston,MA,02493,1265000,4,3,Weston,1720,34848,1954,,735,,Sold,,,https://www.redfin.com/MA/Weston/110-North-Ave-02493/home/8781835,MLS PIN,73375469,N,Y,42.3803149,-71.2823192
PAST SALE,October-28-2025,Single Family Residential,336 North Ave,Weston,MA,02493,1251000,3,2,Weston,2700,51400,1956,,463,,Sold,,,https://www.redfin.com/MA/Weston/336-North-Ave-02493/home/8778464,MLS PIN,73424906,N,Y,42.393045,-71.292784
PAST SALE,July-3-2025,Condo/Co-op,51 Jericho Rd #51,Weston,MA,02493,945000,3,2,Weston,1611,,1980,,587,844,Sold,,,https://www.redfin.com/MA/Weston/51-Jericho-Rd-02493/unit-51/home/105619364,MLS PIN,73373958,N,Y,42.3698582,-71.3119364
PAST SALE,November-13-2025,Single Family Residential,2 Fox Chase Ln,Weston,MA,02493,1500000,5,2.5,Weston,2225,35300,1951,,674,,Sold,,,https://www.redfin.com/MA/Weston/2-Fox-Chase-Ln-02493/home/8779934,MLS PIN,73435958,N,Y,42.3845209,-71.3054471
PAST SALE,May-15-2025,Single Family Residential,200 Hickory Rd,Weston,MA,02493,2750000,4,3,Weston,4149,60436,1981,,663,,Sold,,,https://www.redfin.com/MA/Weston/200-Hickory-Rd-02493/home/8792640,MLS PIN,73336091,N,Y,42.3227137,-71.3097285
PAST SALE,June-12-2025,Single Family Residential,2 Lantern Ln,Weston,MA,02493,1600000,4,2.5,Weston,3105,19838,1945,,515,,Sold,,,https://www.redfin.com/MA/Weston/2-Lantern-Ln-02493/home/8780633,MLS PIN,73366514,N,Y,42.3847349,-71.292177
PAST SALE,April-4-2025,Single Family Residential,19 Bradyll Rd,Weston,MA,02493,2200000,5,3.5,Weston,3750,52300,1980,,587,,Sold,,,https://www.redfin.com/MA/Weston/19-Bradyll-Rd-02493/home/8778067,MLS PIN,73337181,N,Y,42.3925775,-71.30036
PAST SALE,August-22-2025,Single Family Residential,142 Wellesley St,Weston,MA,02493,1930000,4,3,Weston,3760,55960,1905,,513,,Sold,,,https://www.redfin.com/MA/Weston/142-Wellesley-St-02493/home/8785710,MLS PIN,73397721,N,Y,42.3568981,-71.2996583
PAST SALE,July-31-2025,Single Family Residential,15 Hancock Rd,Weston,MA,02493,2520000,5,4,Weston,4280,69583,1971,,589,,Sold,,,https://www.redfin.com/MA/Weston/15-Hancock-Rd-02493/home/8776899,MLS PIN,73344413,N,Y,42.3974122,-71.2837224
PAST SALE,November-3-2025,Single Family Residential,96 Conant,Weston,MA,02493,1550000,3,3,Weston,2418,44563,1940,,641,,Sold,,,https://www.redfin.com/MA/Weston/96-Conant-Rd-02493/home/11803832,MLS PIN,73424850,N,Y,42.3752302,-71.3003286
PAST SALE,July-25-2025,Single Family Residential,506 North Ave,Weston,MA,02493,2645000,5,5,Weston,5945,68389,2023,,445,,Sold,,,https://www.redfin.com/MA/Weston/506-North-Ave-02493/home/8776181,MLS PIN,73377790,N,Y,42.3988916,-71.3026351
PAST SALE,November-3-2025,Single Family Residential,15 Hobbs Brook Rd,Weston,MA,02493,1495000,3,2.5,Weston,2685,40210,1968,,557,,Sold,,,https://www.redfin.com/MA/Weston/15-Hobbs-Brook-Rd-02493/home/8782342,MLS PIN,73425192,N,Y,42.3788775,-71.2803622
PAST SALE,November-10-2025,Single Family Residential,32 Intervale Rd,Weston,MA,02493,2299000,4,3.5,Weston,4200,102253,2003,,547,,Sold,,,https://www.redfin.com/MA/Weston/32-Intervale-Rd-02493/home/8794057,MLS PIN,73414556,N,Y,42.3322032,-71.2731404
PAST SALE,October-22-2025,Single Family Residential,54 Woodchester Dr,Weston,MA,02493,2600000,4,3.5,Weston,4130,47011,2004,,630,,Sold,,,https://www.redfin.com/MA/Weston/54-Woodchester-Dr-02493/home/8792267,MLS PIN,73423861,N,Y,42.3266672,-71.3050372
PAST SALE,March-31-2025,Single Family Residential,11 Trailside Rd,Weston,MA,02493,2395000,5,4,Weston,4321,80038,1976,,554,,Sold,,,https://www.redfin.com/MA/Weston/11-Trailside-Rd-02493/home/8788363,MLS PIN,73332335,N,Y,42.3412324,-71.2929547
PAST SALE,June-30-2025,Single Family Residential,47 School St,Weston,MA,02493,1880000,5,3.5,Weston,3956,99320,1850,,475,,Sold,,,https://www.redfin.com/MA/Weston/47-School-St-02493/home/8784078,MLS PIN,73353964,N,Y,42.3646981,-71.29529
PAST SALE,December-23-2025,Single Family Residential,120 Church St,Weston,MA,02493,1705000,3,3,Weston,3252,46226,1928,,524,,Sold,,,https://www.redfin.com/MA/Weston/120-Church-St-02493/home/8781891,MLS PIN,73444149,N,Y,42.3759533,-71.2883257
PAST SALE,May-29-2025,Single Family Residential,30 Trailside Rd,Weston,MA,02493,2550000,4,2.5,Weston,4071,82651,1975,,626,,Sold,,,https://www.redfin.com/MA/Weston/30-Trailside-Rd-02493/home/8788358,MLS PIN,73342435,N,Y,42.3411081,-71.2906028
PAST SALE,March-22-2025,Single Family Residential,55 Spruce Hill Rd,Weston,MA,02493,1895000,4,2.5,Weston,2898,60548,1956,,654,,Sold,,,https://www.redfin.com/MA/Weston/55-Spruce-Hill-Rd-02493/home/8778718,MLS PIN,73332930,N,Y,42.3918462,-71.2871339
PAST SALE,November-21-2025,Single Family Residential,48 Golden Ball Rd,Weston,MA,02493,1275000,3,2.5,Weston,1800,9583,1920,,708,,Sold,,,https://www.redfin.com/MA/Weston/48-Golden-Ball-Rd-02493/home/8784061,MLS PIN,73434992,N,Y,42.3618623,-71.3096773
PAST SALE,August-4-2025,Single Family Residential,12 Granison Rd,Weston,MA,02493,1450000,3,2.5,Weston,2741,91476,1937,,529,,Sold,,,https://www.redfin.com/MA/Weston/12-Granison-Rd-02493/home/11803731,MLS PIN,73368912,N,Y,42.3966875,-71.3001445
PAST SALE,July-31-2025,Single Family Residential,72 Brook Rd,Weston,MA,02493,1535000,3,2,Weston,2290,34700,1950,,670,,Sold,,,https://www.redfin.com/MA/Weston/72-Brook-Rd-02493/home/8780226,MLS PIN,73375594,N,Y,42.3859776,-71.2916202
PAST SALE,July-18-2025,Single Family Residential,173 Country Dr,Weston,MA,02493,2800000,4,3.5,Weston,3234,98445,1967,,866,,Sold,,,https://www.redfin.com/MA/Weston/173-Country-Dr-02493/home/8788872,MLS PIN,73354425,N,Y,42.3380387,-71.3275128
PAST SALE,,Condo/Co-op,5 Upham Way,Weston,MA,02493,1459000,3,2.5,,2222,,1996,,657,,,,,https://www.redfin.com/MA/Weston/5-Upham-Way-02493/home/8790176,,,N,Y,42.3334878,-71.3151462
PAST SALE,November-10-2025,Single Family Residential,30 Page Rd,Weston,MA,02493,2600000,6,5.5,Weston,6226,56192,1994,,418,,Sold,,,https://www.redfin.com/MA/Weston/30-Page-Rd-02493/home/8782114,MLS PIN,73425829,N,Y,42.3820426,-71.2802981
PAST SALE,June-24-2025,Vacant Land,49 Concord Rd,Weston,MA,02493,1300000,,,Weston,,60000,,,,,Sold,,,https://www.redfin.com/MA/Weston/49-Concord-Rd-02493/home/8782526,MLS PIN,73356472,N,Y,42.3700531,-71.3064976
PAST SALE,October-17-2025,Single Family Residential,50 Fairview Rd,Weston,MA,02493,3200000,5,7.5,Weston,7000,40229,1998,,457,,Sold,,,https://www.redfin.com/MA/Weston/50-Fairview-Rd-02493/home/8781767,MLS PIN,73415650,N,Y,42.3810499,-71.2958478
PAST SALE,August-11-2025,Condo/Co-op,4 Somerset Pl #4,Weston,MA,02493,2150000,2,2.5,Weston,2082,,2012,,1033,2093,Sold,,,https://www.redfin.com/MA/Weston/Unknown-02493/unit-4/home/147632154,MLS PIN,73363500,N,Y,42.362865,-71.317557
PAST SALE,April-16-2025,Single Family Residential,91 Montvale Rd,Weston,MA,02493,3980000,5,5,Weston,6065,60436,2007,,656,,Sold,,,https://www.redfin.com/MA/Weston/91-Montvale-Rd-02493/home/11803813,MLS PIN,73332749,N,Y,42.3794649,-71.2982283
PAST SALE,January-5-2026,Townhouse,17 Lexington St #17,Weston,MA,02493,900000,3,2.5,Weston,1265,,1887,,711,,Sold,,,https://www.redfin.com/MA/Weston/17-Lexington-St-02493/unit-17/home/77500606,MLS PIN,73441251,N,Y,42.3815233,-71.2771883
PAST SALE,July-16-2025,Single Family Residential,35 Bemis St,Weston,MA,02493,1350000,4,3.5,Weston,2595,30270,1957,,520,,Sold,,,https://www.redfin.com/MA/Weston/35-Bemis-St-02493/home/8777933,MLS PIN,73373888,N,Y,42.3904185,-71.3021064
PAST SALE,August-15-2025,Single Family Residential,35 Bittersweet Ln,Weston,MA,02493,1940000,3,3.5,Weston,3419,60000,1965,,567,,Sold,,,https://www.redfin.com/MA/Weston/35-Bittersweet-Ln-02493/home/8789494,MLS PIN,73368496,N,Y,42.3381554,-71.2944854
PAST SALE,July-1-2025,Single Family Residential,56 Doublet Hill Rd,Weston,MA,02493,9200000,5,5.5,Weston,7418,73068,2002,,1240,,Sold,,,https://www.redfin.com/MA/Weston/56-Doublet-Hill-Rd-02493/home/8786857,MLS PIN,73353297,N,Y,42.3510329,-71.2774446
PAST SALE,December-3-2025,Single Family Residential,168 Beaver Rd,Weston,MA,02493,4075000,5,7,Weston,7369,86136,2015,,553,,Sold,,,https://www.redfin.com/MA/Weston/168-Beaver-Rd-02493/home/8791877,MLS PIN,73430033,N,Y,42.3212105,-71.3164898
PAST SALE,October-28-2025,Single Family Residential,56 Ridgeway Rd,Weston,MA,02493,2800000,5,3.5,Weston,3552,120984,1954,,788,,Sold,,,https://www.redfin.com/MA/Weston/56-Ridgeway-Rd-02493/home/8789627,MLS PIN,73374291,N,Y,42.3360051,-71.2777874
PAST SALE,April-15-2025,Single Family Residential,77 Kings Grant Rd,Weston,MA,02493,3800000,5,5,Weston,5050,62178,2019,,752,,Sold,,,https://www.redfin.com/MA/Weston/77-Kings-Grant-Rd-02493/home/8776963,MLS PIN,73330501,N,Y,42.3958987,-71.2867502
PAST SALE,August-22-2025,Single Family Residential,12 Meadowbrook Rd,Weston,MA,02493,3025000,4,2.5,Weston,3332,70890,1931,,908,,Sold,,,https://www.redfin.com/MA/Weston/12-Meadowbrook-Rd-02493/home/8786968,MLS PIN,73382473,N,Y,42.3487695,-71.2683266
PAST SALE,October-15-2025,Single Family Residential,86 Myles Standish Rd,Weston,MA,02493,2900000,6,4,Weston,4350,101818,1968,,667,,Sold,,,https://www.redfin.com/MA/Weston/86-Myles-Standish-Rd-02493/home/8776754,MLS PIN,73386874,N,Y,42.3991941,-71.2886011
PAST SALE,January-13-2026,Single Family Residential,51 Church St,Weston,MA,02493,2425000,5,4,Weston,4977,70131,1898,,487,,Sold,,,https://www.redfin.com/MA/Weston/51-Church-St-02493/home/8782982,MLS PIN,73446081,N,Y,42.3715177,-71.2926929
PAST SALE,August-21-2025,Condo/Co-op,53 Jericho Rd Unit A,Weston,MA,02493,441000,1,1,Weston,728,,1980,,606,529,Sold,,,https://www.redfin.com/MA/Weston/53-Jericho-Rd-02493/unit-A/home/8794397,MLS PIN,73392377,N,Y,42.3698844,-71.3119888
PAST SALE,December-12-2025,Townhouse,52 Jericho #52,Weston,MA,02493,844200,2,2,Weston,1375,,1980,,614,726,Sold,,,https://www.redfin.com/MA/Weston/52-Jericho-Rd-02493/unit-52/home/92893392,MLS PIN,73431138,N,Y,42.369455,-71.309883
PAST SALE,June-27-2025,Single Family Residential,57 Westcliff Rd,Weston,MA,02493,5420000,6,7,South Side,8005,63485,2024,,677,,Sold,,,https://www.redfin.com/MA/Weston/57-Westcliff-Rd-02493/home/8792432,MLS PIN,73355928,N,Y,42.3258798,-71.297969
PAST SALE,November-6-2025,Single Family Residential,71 Silver Hill Rd,Weston,MA,02493,1715000,3,2.5,Silver Hill,3108,33105,1941,,552,,Sold,,,https://www.redfin.com/MA/Weston/71-Silver-Hill-Rd-02493/home/8777513,MLS PIN,73411141,N,Y,42.3952376,-71.3034609
PAST SALE,December-2-2025,Townhouse,5 Upham Way #5,Weston,MA,02493,1459000,3,2.5,Weston,3240,,1996,,450,720,Sold,,,https://www.redfin.com/MA/Weston/5-Upham-Way-02493/unit-5/home/197616076,MLS PIN,73424609,N,Y,42.3334878,-71.3151462
PAST SALE,August-26-2025,Single Family Residential,80 Loring Rd,Weston,MA,02493,2950000,5,6,Weston,6672,59763,2002,,442,,Sold,,,https://www.redfin.com/MA/Weston/80-Loring-Rd-02493/home/8787308,MLS PIN,73354866,N,Y,42.3504676,-71.2676641
PAST SALE,July-7-2025,Single Family Residential,78 Byron Rd,Weston,MA,02493,3170000,5,5.5,Weston,6770,51150,1997,,468,,Sold,,,https://www.redfin.com/MA/Weston/78-Byron-Rd-02493/home/8791011,MLS PIN,73342830,N,Y,42.3334446,-71.2830277
PAST SALE,December-10-2025,Single Family Residential,103 Loring Rd,Weston,MA,02493,2052500,5,5.5,Weston,3713,21780,1933,,553,,Sold,,,https://www.redfin.com/MA/Weston/103-Loring-Rd-02493/home/8787215,MLS PIN,73424658,N,Y,42.3519881,-71.2675234
PAST SALE,December-12-2025,Single Family Residential,75 Westland Rd,Weston,MA,02493,1700000,4,3,Weston,2800,46720,1940,,607,,Sold,,,https://www.redfin.com/MA/Weston/75-Westland-Rd-02493/home/11803766,MLS PIN,73424244,N,Y,42.393954,-71.3085433
PAST SALE,June-19-2025,Single Family Residential,28 Hallett Hill Rd,Weston,MA,02466,2397600,4,3.5,Weston,4396,30000,2025,,545,,Sold,,,https://www.redfin.com/MA/Weston/28-Hallett-Hill-Rd-02493/home/8778106,MLS PIN,73341553,N,Y,42.3942818,-71.299595
PAST SALE,October-31-2025,Single Family Residential,19 Bakers Hill Rd,Weston,MA,02493,1691500,5,3,Weston,3265,30063,1964,,518,,Sold,,,https://www.redfin.com/MA/Weston/19-Bakers-Hill-Rd-02493/home/8779863,MLS PIN,73405317,N,Y,42.3851608,-71.3052433
PAST SALE,July-2-2025,Single Family Residential,22 Laurel Rd,Weston,MA,02493,3610000,5,7,Weston,6485,55225,2002,,557,,Sold,,,https://www.redfin.com/MA/Weston/22-Laurel-Rd-02493/home/8781649,MLS PIN,73345567,N,Y,42.3799251,-71.3035418
PAST SALE,April-28-2025,Single Family Residential,24 Oakdale Ave,Weston,MA,02493,3900000,6,7,Weston,8840,41382,2015,,441,,Sold,,,https://www.redfin.com/MA/Weston/24-Oakdale-Ave-02493/home/8793459,MLS PIN,73331198,N,Y,42.3142712,-71.3260807
PAST SALE,September-3-2025,Single Family Residential,3 Conant Rd,Weston,MA,02493,2862500,5,3.5,Town Green,4800,44431,1914,,596,,Sold,,,https://www.redfin.com/MA/Weston/3-Conant-Rd-02493/home/110081528,MLS PIN,73371238,N,Y,42.3700228,-71.2966094
PAST SALE,February-13-2026,Single Family Residential,60 Possum Rd,Weston,MA,02493,2000000,4,3.5,Weston,3953,80473,1956,,506,,Sold,,,https://www.redfin.com/MA/Weston/60-Possum-Rd-02493/home/8786787,MLS PIN,73442177,N,Y,42.3526577,-71.2832216
PAST SALE,December-1-2025,Single Family Residential,16 Pinecroft Rd,Weston,MA,02493,2375000,4,4,Weston,3566,62178,1928,,666,,Sold,,,https://www.redfin.com/MA/Weston/16-Pinecroft-Rd-02493/home/8779591,MLS PIN,73424763,N,Y,42.3844018,-71.2965624
PAST SALE,January-23-2026,Single Family Residential,1 Aberdeen Rd,Weston,MA,02493,1400000,4,4,Weston,2250,26136,1933,,622,,Sold,,,https://www.redfin.com/MA/Weston/1-Aberdeen-Rd-02493/home/8779361,MLS PIN,73426435,N,Y,42.384731,-71.3078575
PAST SALE,October-31-2025,Single Family Residential,48 Myles Standish,Weston,MA,02493,4037500,6,6.5,Kings Grant,9383,65340,2006,,430,,Sold,,,https://www.redfin.com/MA/Weston/48-Myles-Standish-Rd-02493/home/11685378,MLS PIN,73400454,N,Y,42.3971458,-71.2905786
PAST SALE,September-12-2025,Single Family Residential,51 Summer St,Weston,MA,02493,2326000,4,3.5,Weston,4418,22186,1910,,526,,Sold,,,https://www.redfin.com/MA/Weston/51-Summer-St-02493/home/8784828,MLS PIN,73379295,N,Y,42.3637467,-71.2758815
PAST SALE,October-7-2025,Single Family Residential,117 Deer Path Ln,Weston,MA,02493,2650000,5,2.5,Weston,4403,59314,1966,,602,,Sold,,,https://www.redfin.com/MA/Weston/117-Deer-Path-Ln-02493/home/8787384,MLS PIN,73395534,N,Y,42.3457364,-71.3285992
PAST SALE,October-10-2025,Single Family Residential,130 Hickory Rd,Weston,MA,02493,3337500,4,5,Weston,5656,62726,1959,,590,,Sold,,,https://www.redfin.com/MA/Weston/130-Hickory-Rd-02493/home/8792595,MLS PIN,73390998,N,Y,42.3236831,-71.3051224
PAST SALE,January-23-2026,Single Family Residential,426 Conant Rd,Weston,MA,02493,1300000,4,5,Weston,3651,60436,1952,,356,,Sold,,,https://www.redfin.com/MA/Weston/426-Conant-Rd-02493/home/8776689,MLS PIN,73423035,N,Y,42.3987569,-71.2922288
PAST SALE,June-23-2025,Single Family Residential,338 Boston Post Rd,Weston,MA,02493,2450000,5,5.5,Weston,5794,43560,1851,,423,,Sold,,,https://www.redfin.com/MA/Weston/338-Boston-Post-Rd-02493/home/11803846,MLS PIN,73345637,N,Y,42.3677643,-71.295172
PAST SALE,August-25-2025,Single Family Residential,110 Robin Rd,Weston,MA,02493,2624888,6,3,Weston,4462,85377,1959,,588,53,Sold,,,https://www.redfin.com/MA/Weston/110-Robin-Rd-02493/home/8784811,MLS PIN,73351552,N,Y,42.3636803,-71.2784455
PAST SALE,June-2-2025,Single Family Residential,5 Walnut Rd,Weston,MA,02493,6350000,6,6.5,Weston,6000,60112,2025,,1058,,Sold,,,https://www.redfin.com/MA/Weston/5-Walnut-Rd-02493/home/8791940,MLS PIN,73331459,N,Y,42.32459,-71.320516
PAST SALE,January-14-2026,Townhouse,24 Jericho Rd #24,Weston,MA,02493,756500,2,1.5,Weston,1360,,1980,,556,663,Sold,,,https://www.redfin.com/MA/Weston/24-Jericho-Rd-02493/unit-24/home/12372896,MLS PIN,73423596,N,Y,42.3702706,-71.3090958
PAST SALE,September-30-2025,Single Family Residential,56 Arrowhead Rd,Weston,MA,02493,2250000,4,4.5,Weston,4465,33277,1960,,504,,Sold,,,https://www.redfin.com/MA/Weston/56-Arrowhead-Rd-02493/home/8779465,MLS PIN,73374941,N,Y,42.3873217,-71.3026583
PAST SALE,June-24-2025,Single Family Residential,131 Newton St,Weston,MA,02493,4690000,5,6.5,Weston,8915,154090,1790,,526,,Sold,,,https://www.redfin.com/MA/Weston/131-Newton-St-02493/home/8786703,MLS PIN,73337922,N,Y,42.3521055,-71.2863659
PAST SALE,June-20-2025,Single Family Residential,101 Kings Grant Rd,Weston,MA,02493,5635000,6,7.5,Weston,8769,64356,2024,,643,,Sold,,,https://www.redfin.com/MA/Weston/101-Kings-Grant-Rd-02493/home/8776946,MLS PIN,73331705,N,Y,42.3976093,-71.2856118
PAST SALE,February-28-2025,Single Family Residential,61 Silver Hill Rd,Weston,MA,02493,1900000,4,3,Silver Hill,3753,31000,1940,,506,,Sold,,,https://www.redfin.com/MA/Weston/61-Silver-Hill-Rd-02493/home/8777518,MLS PIN,73298216,N,Y,42.3951168,-71.3040293
PAST SALE,July-18-2025,Single Family Residential,29 Willard Rd,Weston,MA,02493,3035000,4,5,Weston,4836,17000,2025,,628,,Sold,,,https://www.redfin.com/MA/Weston/29-Willard-Rd-02493/home/11438897,MLS PIN,73351555,N,Y,42.3912666,-71.3014105
PAST SALE,October-30-2025,Single Family Residential,23 Old Coach Rd,Weston,MA,02493,1595000,4,3.5,Silver Hill,2700,40000,1963,,591,,Sold,,,https://www.redfin.com/MA/Weston/23-Old-Coach-Rd-02493/home/8780611,MLS PIN,73365424,N,Y,42.383458,-71.2911132
PAST SALE,July-8-2025,Single Family Residential,26 Spruce Hill Rd,Weston,MA,02493,5450000,6,6.5,Weston,8495,81892,2024,,642,,Sold,,,https://www.redfin.com/MA/Weston/26-Spruce-Hill-Rd-02493/home/8778603,MLS PIN,73337770,N,Y,42.3896919,-71.2875579
PAST SALE,January-15-2026,Single Family Residential,15 Whitney Tavern Rd,Weston,MA,02493,5450000,6,7,Weston,7501,60000,2025,,727,,Sold,,,https://www.redfin.com/MA/Weston/15-Whitney-Tavern-Rd-02493/home/8780700,MLS PIN,73414921,N,Y,42.3838539,-71.2838713
PAST SALE,October-16-2025,Single Family Residential,254 Conant Rd,Weston,MA,02493,1570000,4,2.5,Weston,2938,34412,1847,,534,,Sold,,,https://www.redfin.com/MA/Weston/254-Conant-Rd-02493/home/8779702,MLS PIN,73372614,N,Y,42.3865274,-71.2968633
PAST SALE,October-6-2025,Single Family Residential,4 Prescott Ln,Weston,MA,02493,3500000,5,6,Weston,6797,84394,2001,,515,,Sold,,,https://www.redfin.com/MA/Weston/4-Prescott-Ln-02493/home/8775544,MLS PIN,73362669,N,Y,42.3482905,-71.264659
PAST SALE,December-18-2025,Single Family Residential,6 Overlook Dr,Weston,MA,02493,1030000,3,1.5,Weston,1390,40429,1948,,741,,Sold,,,https://www.redfin.com/MA/Weston/6-Overlook-Dr-02493/home/8780653,MLS PIN,73403908,N,Y,42.3868086,-71.2872806
PAST SALE,February-19-2026,Single Family Residential,482 Glen Rd,Weston,MA,02493,2635000,5,4.5,South Side,5142,109658,1952,,512,,Sold,,,https://www.redfin.com/MA/Weston/482-Glen-Rd-02493/home/8790506,MLS PIN,73339823,N,Y,42.3301459,-71.3031617
PAST SALE,August-29-2025,Single Family Residential,22 Chadwick Rd,Weston,MA,02493,3350000,5,5,Weston,6252,60000,1969,,536,,Sold,,,https://www.redfin.com/MA/Weston/22-Chadwick-Rd-02493/home/8785582,MLS PIN,73351307,N,Y,42.3570001,-71.3062639
PAST SALE,July-15-2025,Single Family Residential,148 Highland St,Weston,MA,02493,6500000,5,8,Weston,11412,94848,2005,,570,,Sold,,,https://www.redfin.com/MA/Weston/148-Highland-St-02493/home/8794129,MLS PIN,73331723,N,Y,42.3565069,-71.3187791
PAST SALE,November-18-2025,Single Family Residential,64 Bakers Hill Rd,Weston,MA,02493,1800000,4,2.5,Weston,3650,41720,1957,,493,,Sold,,,https://www.redfin.com/MA/Weston/64-Bakers-Hill-Rd-02493/home/8779491,MLS PIN,73381901,N,Y,42.3873255,-71.3017561
PAST SALE,November-17-2025,Single Family Residential,137 Wellesley St,Weston,MA,02493,2600000,5,3.5,Weston,5100,60000,1847,,510,,Sold,,,https://www.redfin.com/MA/Weston/137-Wellesley-St-02493/home/11438998,MLS PIN,73368924,N,Y,42.3574535,-71.2996863
PAST SALE,August-6-2025,Single Family Residential,15 Evergreen Ave,Weston,MA,02493,4050000,4,4.5,Weston,7045,40032,1999,,575,,Sold,,,https://www.redfin.com/MA/Weston/15-Evergreen-Ave-02493/home/8793439,MLS PIN,73332776,N,Y,42.3151258,-71.3245101
PAST SALE,January-15-2026,Single Family Residential,42 Westerly Rd,Weston,MA,02493,3750000,6,0.5,Weston,0,,1620,,,,Sold,,,https://www.redfin.com/MA/Weston/42-Westerly-Rd-02493/home/8785268,MLS PIN,73373311,N,Y,42.354846,-71.3271388
PAST SALE,April-22-2025,Single Family Residential,11 Beech Rd,Weston,MA,02493,4275000,5,6.5,Weston,6700,64033,2024,,638,,Sold,,,https://www.redfin.com/MA/Weston/11-Beech-Rd-02493/home/8788235,MLS PIN,73307341,N,Y,42.3457772,-71.2997994
PAST SALE,June-5-2025,Single Family Residential,33 Skating Pond Rd,Weston,MA,02493,5500000,5,8,Southside Estate area near Weston Golf Club,13731,116628,2009,,401,,Sold,,,https://www.redfin.com/MA/Weston/33-Skating-Pond-Rd-02493/home/8784254,MLS PIN,73267382,N,Y,42.3650718,-71.2849572
PAST SALE,April-11-2025,Single Family Residential,373 North Ave,Weston,MA,02493,1200000,3,1.5,Weston,1492,40150,1920,,804,,Sold,,,https://www.redfin.com/MA/Weston/373-North-Ave-02493/home/8778505,MLS PIN,73289810,N,Y,42.3955795,-71.2934018
PAST SALE,December-2-2025,Single Family Residential,72 Love Ln,Weston,MA,02493,5700000,5,6,Weston,8210,68276,2013,,694,,Sold,,,https://www.redfin.com/MA/Weston/72-Love-Ln-02493/home/17543037,MLS PIN,73366184,N,Y,42.3591501,-71.3257698
PAST SALE,January-30-2026,Single Family Residential,167 Conant Rd,Weston,MA,02493,1560000,3,2.5,Weston,3090,32170,1941,,505,,Sold,,,https://www.redfin.com/MA/Weston/167-Conant-Rd-02493/home/11685428,MLS PIN,73365007,N,Y,42.3808773,-71.2990927
PAST SALE,November-10-2025,Single Family Residential,215 Boston Post Rd,Weston,MA,02493,3325000,6,4,Weston,8500,59677,1867,,391,,Sold,,,https://www.redfin.com/MA/Weston/215-Boston-Post-Rd-02493/home/8784633,MLS PIN,73342092,N,Y,42.367846,-71.2805494
PAST SALE,November-5-2025,Single Family Residential,7 Rockport Rd,Weston,MA,02493,2725000,5,6,Weston,6096,60436,2002,,447,,Sold,,,https://www.redfin.com/MA/Weston/7-Rockport-Rd-02493/home/8793643,MLS PIN,73342503,N,Y,42.3177055,-71.3154728
PAST SALE,June-27-2025,Single Family Residential,275 South Ave,Weston,MA,02493,6600000,5,9.5,Weston,9599,384634,1991,,688,,Sold,,,https://www.redfin.com/MA/Weston/275-South-Ave-02493/home/8789313,MLS PIN,73307899,N,Y,42.3401237,-71.2861777
PAST SALE,January-9-2026,Single Family Residential,217 Summer St,Weston,MA,02493,1475000,0,,Weston,,44104,1985,,,,Sold,,,https://www.redfin.com/MA/Weston/217-Summer-St-02493/home/8787128,MLS PIN,73358873,N,Y,42.3538095,-71.2688044
PAST SALE,December-15-2025,Single Family Residential,23 Pine Summit Cir #23,Weston,MA,02493,3159125,3,3.5,Weston,4438,,2012,,712,,Sold,,,https://www.redfin.com/MA/Weston/23-Pine-Summit-Cir-02493/unit-23/home/190071549,MLS PIN,73342857,N,Y,42.3622714,-71.3167914
PAST SALE,December-4-2025,Single Family Residential,21 Chestnut St,Weston,MA,02493,11000000,7,10,Weston,12120,91911,2025,,908,,Sold,,,https://www.redfin.com/MA/Weston/21-Chestnut-St-02493/home/8785632,MLS PIN,73356415,N,Y,42.3550646,-71.3055786
PAST SALE,June-3-2025,Single Family Residential,82 Brook Rd,Weston,MA,02493,2650000,4,4.5,Weston,5444,41800,2015,,487,,Sold,,,https://www.redfin.com/MA/Weston/82-Brook-Rd-02493/home/11803795,MLS PIN,73280377,N,Y,42.3856605,-71.2910593
PAST SALE,,Condo/Co-op,23 Pine Summit Cir #23,Weston,MA,02493,3159125,4,4.5,,3138,,2012,,1007,,,,,https://www.redfin.com/MA/Weston/23-Pine-Summit-Cir-02493/unit-23/home/52974171,,,N,Y,42.3622714,-71.3167914
PAST SALE,February-20-2026,Single Family Residential,3 Clifford Ln,Weston,MA,02493,2895000,5,6,Weston,6300,39446,2025,,460,117,Sold,,,https://www.redfin.com/MA/Weston/3-Clifford-Ln-02493/home/178217927,MLS PIN,73340587,N,Y,42.3985886,-71.3099506
PAST SALE,,Condo/Co-op,52 Jericho Rd #52,Weston,MA,02493,844200,2,2,,1359,,1980,,621,,,,,https://www.redfin.com/MA/Weston/52-Jericho-Rd-02493/unit-52/home/8794416,,,N,Y,42.3695486,-71.3115206
PAST SALE,,Condo/Co-op,23 Livermore Ln,Weston,MA,02493,155250,3,2.5,,1813,,2000,,86,,,,,https://www.redfin.com/MA/Weston/23-Livermore-Ln-02493/home/8794038,,,N,Y,42.3588727,-71.3196202
PAST SALE,,Condo/Co-op,8 Jericho Rd #8,Weston,MA,02493,802000,2,2,,1359,,1980,,590,,,,,https://www.redfin.com/MA/Weston/8-Jericho-Rd-02493/unit-8/home/8794764,,,N,Y,42.3699386,-71.3092106
PAST SALE,,Condo/Co-op,51 Jericho Rd #51,Weston,MA,02493,945000,3,2,,1611,,1980,,587,,,,,https://www.redfin.com/MA/Weston/51-Jericho-Rd-02493/unit-51/home/8794393,,,N,Y,42.3700091,-71.3119436
PAST SALE,,Condo/Co-op,65 Jericho Rd #65,Weston,MA,02493,825000,2,2,,1359,,1980,,607,,,,,https://www.redfin.com/MA/Weston/65-Jericho-Rd-02493/unit-65/home/8794696,,,N,Y,42.3698409,-71.3124886
PAST SALE,,Condo/Co-op,4 Somerset Pl,Weston,MA,02493,2150000,2,2.5,,2082,,2012,,1033,,,,,https://www.redfin.com/MA/Weston/4-Somerset-Pl-02493/home/52974173,,,N,Y,42.3628647,-71.3175569